2026-04-24 09:08:08.051 [SECURITY_AUDIT] WARN  - [ACCESS_DENIED] username=anonymous requestedUrl=/ws/260/2wklc3jy/xhr_streaming ip=0:0:0:0:0:0:0:1
2026-04-24 09:08:08.194 [SECURITY_AUDIT] WARN  - [ACCESS_DENIED] username=anonymous requestedUrl=/ws/260/2wklc3jy/xhr_streaming ip=0:0:0:0:0:0:0:1
2026-04-24 09:08:08.354 [SECURITY_AUDIT] WARN  - [ACCESS_DENIED] username=anonymous requestedUrl=/ws/260/2wklc3jy/xhr_streaming ip=0:0:0:0:0:0:0:1
2026-04-24 09:08:08.432 [SECURITY_AUDIT] WARN  - [ACCESS_DENIED] username=anonymous requestedUrl=/ws/260/2wklc3jy/xhr_streaming ip=0:0:0:0:0:0:0:1
2026-04-24 09:08:08.872 [SECURITY_AUDIT] WARN  - [ACCESS_DENIED] username=anonymous requestedUrl=/ws/260/2wklc3jy/xhr_streaming ip=0:0:0:0:0:0:0:1
2026-04-24 09:08:08.937 [SECURITY_AUDIT] WARN  - [ACCESS_DENIED] username=anonymous requestedUrl=/ws/260/2wklc3jy/xhr_streaming ip=0:0:0:0:0:0:0:1
2026-04-24 09:08:08.997 [SECURITY_AUDIT] WARN  - [ACCESS_DENIED] username=anonymous requestedUrl=/ws/260/2wklc3jy/xhr_streaming ip=0:0:0:0:0:0:0:1
2026-04-24 09:08:09.066 [SECURITY_AUDIT] WARN  - [ACCESS_DENIED] username=anonymous requestedUrl=/ws/260/2wklc3jy/xhr_streaming ip=0:0:0:0:0:0:0:1
2026-04-24 09:08:09.116 [SECURITY_AUDIT] WARN  - [ACCESS_DENIED] username=anonymous requestedUrl=/ws/260/2wklc3jy/xhr_streaming ip=0:0:0:0:0:0:0:1
2026-04-24 09:08:09.174 [SECURITY_AUDIT] WARN  - [ACCESS_DENIED] username=anonymous requestedUrl=/ws/260/2wklc3jy/xhr_streaming ip=0:0:0:0:0:0:0:1
2026-04-24 09:08:09.265 [SECURITY_AUDIT] WARN  - [ACCESS_DENIED] username=anonymous requestedUrl=/ws/260/2wklc3jy/xhr_streaming ip=0:0:0:0:0:0:0:1
2026-04-24 09:08:09.308 [SECURITY_AUDIT] WARN  - [ACCESS_DENIED] username=anonymous requestedUrl=/ws/260/2wklc3jy/xhr_streaming ip=0:0:0:0:0:0:0:1
2026-04-24 09:08:09.359 [SECURITY_AUDIT] WARN  - [ACCESS_DENIED] username=anonymous requestedUrl=/ws/260/2wklc3jy/xhr_streaming ip=0:0:0:0:0:0:0:1
2026-04-24 09:08:09.405 [SECURITY_AUDIT] WARN  - [ACCESS_DENIED] username=anonymous requestedUrl=/ws/260/2wklc3jy/xhr_streaming ip=0:0:0:0:0:0:0:1
2026-04-24 09:08:09.436 [SECURITY_AUDIT] WARN  - [ACCESS_DENIED] username=anonymous requestedUrl=/ws/260/2wklc3jy/xhr_streaming ip=0:0:0:0:0:0:0:1
2026-04-24 09:08:09.485 [SECURITY_AUDIT] WARN  - [ACCESS_DENIED] username=anonymous requestedUrl=/ws/260/2wklc3jy/xhr_streaming ip=0:0:0:0:0:0:0:1
2026-04-24 09:08:09.532 [SECURITY_AUDIT] WARN  - [ACCESS_DENIED] username=anonymous requestedUrl=/ws/260/2wklc3jy/xhr_streaming ip=0:0:0:0:0:0:0:1
2026-04-24 09:08:09.590 [SECURITY_AUDIT] WARN  - [ACCESS_DENIED] username=anonymous requestedUrl=/ws/260/2wklc3jy/xhr_streaming ip=0:0:0:0:0:0:0:1
2026-04-24 09:08:09.640 [SECURITY_AUDIT] WARN  - [ACCESS_DENIED] username=anonymous requestedUrl=/ws/260/2wklc3jy/xhr_streaming ip=0:0:0:0:0:0:0:1
2026-04-24 09:08:09.683 [SECURITY_AUDIT] WARN  - [ACCESS_DENIED] username=anonymous requestedUrl=/ws/260/2wklc3jy/xhr_streaming ip=0:0:0:0:0:0:0:1
2026-04-24 09:08:09.709 [SECURITY_AUDIT] WARN  - [ACCESS_DENIED] username=anonymous requestedUrl=/ws/260/2wklc3jy/xhr_streaming ip=0:0:0:0:0:0:0:1
2026-04-24 09:08:09.748 [SECURITY_AUDIT] WARN  - [ACCESS_DENIED] username=anonymous requestedUrl=/ws/260/2wklc3jy/xhr_streaming ip=0:0:0:0:0:0:0:1
2026-04-24 09:08:09.781 [SECURITY_AUDIT] WARN  - [ACCESS_DENIED] username=anonymous requestedUrl=/ws/260/2wklc3jy/xhr_streaming ip=0:0:0:0:0:0:0:1
2026-04-24 09:08:09.834 [SECURITY_AUDIT] WARN  - [ACCESS_DENIED] username=anonymous requestedUrl=/ws/260/2wklc3jy/xhr_streaming ip=0:0:0:0:0:0:0:1
2026-04-24 09:08:09.884 [SECURITY_AUDIT] WARN  - [ACCESS_DENIED] username=anonymous requestedUrl=/ws/260/2wklc3jy/xhr_streaming ip=0:0:0:0:0:0:0:1
2026-04-24 09:08:09.920 [SECURITY_AUDIT] WARN  - [ACCESS_DENIED] username=anonymous requestedUrl=/ws/260/2wklc3jy/xhr_streaming ip=0:0:0:0:0:0:0:1
2026-04-24 09:08:09.966 [SECURITY_AUDIT] WARN  - [ACCESS_DENIED] username=anonymous requestedUrl=/ws/260/2wklc3jy/xhr_streaming ip=0:0:0:0:0:0:0:1
2026-04-24 09:08:10.002 [SECURITY_AUDIT] WARN  - [ACCESS_DENIED] username=anonymous requestedUrl=/ws/260/2wklc3jy/xhr_streaming ip=0:0:0:0:0:0:0:1
2026-04-24 09:08:10.050 [SECURITY_AUDIT] WARN  - [ACCESS_DENIED] username=anonymous requestedUrl=/ws/260/2wklc3jy/xhr_streaming ip=0:0:0:0:0:0:0:1
2026-04-24 09:08:10.116 [SECURITY_AUDIT] WARN  - [ACCESS_DENIED] username=anonymous requestedUrl=/ws/260/2wklc3jy/xhr_streaming ip=0:0:0:0:0:0:0:1
2026-04-24 09:08:10.165 [SECURITY_AUDIT] WARN  - [ACCESS_DENIED] username=anonymous requestedUrl=/ws/260/2wklc3jy/xhr_streaming ip=0:0:0:0:0:0:0:1
2026-04-24 09:08:10.215 [SECURITY_AUDIT] WARN  - [ACCESS_DENIED] username=anonymous requestedUrl=/ws/260/2wklc3jy/xhr_streaming ip=0:0:0:0:0:0:0:1
2026-04-24 09:08:10.273 [SECURITY_AUDIT] WARN  - [ACCESS_DENIED] username=anonymous requestedUrl=/ws/260/2wklc3jy/xhr_streaming ip=0:0:0:0:0:0:0:1
2026-04-24 09:08:10.323 [SECURITY_AUDIT] WARN  - [ACCESS_DENIED] username=anonymous requestedUrl=/ws/260/2wklc3jy/xhr_streaming ip=0:0:0:0:0:0:0:1
2026-04-24 09:08:10.368 [SECURITY_AUDIT] WARN  - [ACCESS_DENIED] username=anonymous requestedUrl=/ws/260/2wklc3jy/xhr_streaming ip=0:0:0:0:0:0:0:1
2026-04-24 09:08:10.433 [SECURITY_AUDIT] WARN  - [ACCESS_DENIED] username=anonymous requestedUrl=/ws/260/2wklc3jy/xhr_streaming ip=0:0:0:0:0:0:0:1
2026-04-24 09:08:10.491 [SECURITY_AUDIT] WARN  - [ACCESS_DENIED] username=anonymous requestedUrl=/ws/260/2wklc3jy/xhr_streaming ip=0:0:0:0:0:0:0:1
2026-04-24 09:08:10.568 [SECURITY_AUDIT] WARN  - [ACCESS_DENIED] username=anonymous requestedUrl=/ws/260/2wklc3jy/xhr_streaming ip=0:0:0:0:0:0:0:1
2026-04-24 09:08:10.619 [SECURITY_AUDIT] WARN  - [ACCESS_DENIED] username=anonymous requestedUrl=/ws/260/2wklc3jy/xhr_streaming ip=0:0:0:0:0:0:0:1
2026-04-24 09:08:10.676 [SECURITY_AUDIT] WARN  - [ACCESS_DENIED] username=anonymous requestedUrl=/ws/260/2wklc3jy/xhr_streaming ip=0:0:0:0:0:0:0:1
2026-04-24 09:08:10.716 [SECURITY_AUDIT] WARN  - [ACCESS_DENIED] username=anonymous requestedUrl=/ws/260/2wklc3jy/xhr_streaming ip=0:0:0:0:0:0:0:1
2026-04-24 09:08:10.774 [SECURITY_AUDIT] WARN  - [ACCESS_DENIED] username=anonymous requestedUrl=/ws/260/2wklc3jy/xhr_streaming ip=0:0:0:0:0:0:0:1
2026-04-24 09:08:10.856 [SECURITY_AUDIT] WARN  - [ACCESS_DENIED] username=anonymous requestedUrl=/ws/260/2wklc3jy/xhr_streaming ip=0:0:0:0:0:0:0:1
2026-04-24 09:08:10.929 [SECURITY_AUDIT] WARN  - [ACCESS_DENIED] username=anonymous requestedUrl=/ws/260/2wklc3jy/xhr_streaming ip=0:0:0:0:0:0:0:1
2026-04-24 09:08:10.969 [SECURITY_AUDIT] WARN  - [ACCESS_DENIED] username=anonymous requestedUrl=/ws/260/2wklc3jy/xhr_streaming ip=0:0:0:0:0:0:0:1
2026-04-24 09:08:11.018 [SECURITY_AUDIT] WARN  - [ACCESS_DENIED] username=anonymous requestedUrl=/ws/260/2wklc3jy/xhr_streaming ip=0:0:0:0:0:0:0:1
2026-04-24 09:08:11.073 [SECURITY_AUDIT] WARN  - [ACCESS_DENIED] username=anonymous requestedUrl=/ws/260/2wklc3jy/xhr_streaming ip=0:0:0:0:0:0:0:1
2026-04-24 09:08:11.102 [SECURITY_AUDIT] WARN  - [ACCESS_DENIED] username=anonymous requestedUrl=/ws/260/2wklc3jy/xhr_streaming ip=0:0:0:0:0:0:0:1
2026-04-24 09:08:11.136 [SECURITY_AUDIT] WARN  - [ACCESS_DENIED] username=anonymous requestedUrl=/ws/260/2wklc3jy/xhr_streaming ip=0:0:0:0:0:0:0:1
2026-04-24 09:08:11.162 [SECURITY_AUDIT] WARN  - [ACCESS_DENIED] username=anonymous requestedUrl=/ws/260/2wklc3jy/xhr_streaming ip=0:0:0:0:0:0:0:1
2026-04-24 09:08:11.184 [SECURITY_AUDIT] WARN  - [ACCESS_DENIED] username=anonymous requestedUrl=/ws/260/2wklc3jy/xhr_streaming ip=0:0:0:0:0:0:0:1
2026-04-24 09:08:11.214 [SECURITY_AUDIT] WARN  - [ACCESS_DENIED] username=anonymous requestedUrl=/ws/260/2wklc3jy/xhr_streaming ip=0:0:0:0:0:0:0:1
2026-04-24 09:08:11.261 [SECURITY_AUDIT] WARN  - [ACCESS_DENIED] username=anonymous requestedUrl=/ws/260/2wklc3jy/xhr_streaming ip=0:0:0:0:0:0:0:1
2026-04-24 09:08:11.297 [SECURITY_AUDIT] WARN  - [ACCESS_DENIED] username=anonymous requestedUrl=/ws/260/2wklc3jy/xhr_streaming ip=0:0:0:0:0:0:0:1
2026-04-24 09:08:11.348 [SECURITY_AUDIT] WARN  - [ACCESS_DENIED] username=anonymous requestedUrl=/ws/260/2wklc3jy/xhr_streaming ip=0:0:0:0:0:0:0:1
2026-04-24 09:08:11.382 [SECURITY_AUDIT] WARN  - [ACCESS_DENIED] username=anonymous requestedUrl=/ws/260/2wklc3jy/xhr_streaming ip=0:0:0:0:0:0:0:1
2026-04-24 09:08:11.436 [SECURITY_AUDIT] WARN  - [ACCESS_DENIED] username=anonymous requestedUrl=/ws/260/2wklc3jy/xhr_streaming ip=0:0:0:0:0:0:0:1
2026-04-24 09:08:11.487 [SECURITY_AUDIT] WARN  - [ACCESS_DENIED] username=anonymous requestedUrl=/ws/260/2wklc3jy/xhr_streaming ip=0:0:0:0:0:0:0:1
2026-04-24 09:08:11.517 [SECURITY_AUDIT] WARN  - [ACCESS_DENIED] username=anonymous requestedUrl=/ws/260/2wklc3jy/xhr_streaming ip=0:0:0:0:0:0:0:1
2026-04-24 09:08:11.545 [SECURITY_AUDIT] WARN  - [ACCESS_DENIED] username=anonymous requestedUrl=/ws/260/2wklc3jy/xhr_streaming ip=0:0:0:0:0:0:0:1
2026-04-24 09:08:11.582 [SECURITY_AUDIT] WARN  - [ACCESS_DENIED] username=anonymous requestedUrl=/ws/260/2wklc3jy/xhr_streaming ip=0:0:0:0:0:0:0:1
2026-04-24 09:08:11.612 [SECURITY_AUDIT] WARN  - [ACCESS_DENIED] username=anonymous requestedUrl=/ws/260/2wklc3jy/xhr_streaming ip=0:0:0:0:0:0:0:1
2026-04-24 09:08:11.658 [SECURITY_AUDIT] WARN  - [ACCESS_DENIED] username=anonymous requestedUrl=/ws/260/2wklc3jy/xhr_streaming ip=0:0:0:0:0:0:0:1
2026-04-24 09:08:11.690 [SECURITY_AUDIT] WARN  - [ACCESS_DENIED] username=anonymous requestedUrl=/ws/260/2wklc3jy/xhr_streaming ip=0:0:0:0:0:0:0:1
2026-04-24 09:08:11.730 [SECURITY_AUDIT] WARN  - [ACCESS_DENIED] username=anonymous requestedUrl=/ws/260/2wklc3jy/xhr_streaming ip=0:0:0:0:0:0:0:1
2026-04-24 09:08:11.770 [SECURITY_AUDIT] WARN  - [ACCESS_DENIED] username=anonymous requestedUrl=/ws/260/2wklc3jy/xhr_streaming ip=0:0:0:0:0:0:0:1
2026-04-24 09:08:11.807 [SECURITY_AUDIT] WARN  - [ACCESS_DENIED] username=anonymous requestedUrl=/ws/260/2wklc3jy/xhr_streaming ip=0:0:0:0:0:0:0:1
2026-04-24 09:08:11.847 [SECURITY_AUDIT] WARN  - [ACCESS_DENIED] username=anonymous requestedUrl=/ws/260/2wklc3jy/xhr_streaming ip=0:0:0:0:0:0:0:1
2026-04-24 09:08:11.871 [SECURITY_AUDIT] WARN  - [ACCESS_DENIED] username=anonymous requestedUrl=/ws/260/2wklc3jy/xhr_streaming ip=0:0:0:0:0:0:0:1
2026-04-24 09:08:11.896 [SECURITY_AUDIT] WARN  - [ACCESS_DENIED] username=anonymous requestedUrl=/ws/260/2wklc3jy/xhr_streaming ip=0:0:0:0:0:0:0:1
2026-04-24 09:08:11.948 [SECURITY_AUDIT] WARN  - [ACCESS_DENIED] username=anonymous requestedUrl=/ws/260/2wklc3jy/xhr_streaming ip=0:0:0:0:0:0:0:1
2026-04-24 09:08:11.970 [SECURITY_AUDIT] WARN  - [ACCESS_DENIED] username=anonymous requestedUrl=/ws/260/2wklc3jy/xhr_streaming ip=0:0:0:0:0:0:0:1
2026-04-24 09:08:12.050 [SECURITY_AUDIT] WARN  - [ACCESS_DENIED] username=anonymous requestedUrl=/ws/260/2wklc3jy/xhr_streaming ip=0:0:0:0:0:0:0:1
2026-04-24 09:08:12.083 [SECURITY_AUDIT] WARN  - [ACCESS_DENIED] username=anonymous requestedUrl=/ws/260/2wklc3jy/xhr_streaming ip=0:0:0:0:0:0:0:1
2026-04-24 09:08:12.106 [SECURITY_AUDIT] WARN  - [ACCESS_DENIED] username=anonymous requestedUrl=/ws/260/2wklc3jy/xhr_streaming ip=0:0:0:0:0:0:0:1
2026-04-24 09:08:12.166 [SECURITY_AUDIT] WARN  - [ACCESS_DENIED] username=anonymous requestedUrl=/ws/260/2wklc3jy/xhr_streaming ip=0:0:0:0:0:0:0:1
2026-04-24 09:08:12.207 [SECURITY_AUDIT] WARN  - [ACCESS_DENIED] username=anonymous requestedUrl=/ws/260/2wklc3jy/xhr_streaming ip=0:0:0:0:0:0:0:1
2026-04-24 09:08:12.239 [SECURITY_AUDIT] WARN  - [ACCESS_DENIED] username=anonymous requestedUrl=/ws/260/2wklc3jy/xhr_streaming ip=0:0:0:0:0:0:0:1
2026-04-24 09:08:12.281 [SECURITY_AUDIT] WARN  - [ACCESS_DENIED] username=anonymous requestedUrl=/ws/260/2wklc3jy/xhr_streaming ip=0:0:0:0:0:0:0:1
2026-04-24 09:08:12.320 [SECURITY_AUDIT] WARN  - [ACCESS_DENIED] username=anonymous requestedUrl=/ws/260/2wklc3jy/xhr_streaming ip=0:0:0:0:0:0:0:1
2026-04-24 09:08:12.353 [SECURITY_AUDIT] WARN  - [ACCESS_DENIED] username=anonymous requestedUrl=/ws/260/2wklc3jy/xhr_streaming ip=0:0:0:0:0:0:0:1
2026-04-24 09:08:12.382 [SECURITY_AUDIT] WARN  - [ACCESS_DENIED] username=anonymous requestedUrl=/ws/260/2wklc3jy/xhr_streaming ip=0:0:0:0:0:0:0:1
2026-04-24 09:08:12.404 [SECURITY_AUDIT] WARN  - [ACCESS_DENIED] username=anonymous requestedUrl=/ws/260/2wklc3jy/xhr_streaming ip=0:0:0:0:0:0:0:1
2026-04-24 09:08:12.453 [SECURITY_AUDIT] WARN  - [ACCESS_DENIED] username=anonymous requestedUrl=/ws/260/2wklc3jy/xhr_streaming ip=0:0:0:0:0:0:0:1
2026-04-24 09:08:12.507 [SECURITY_AUDIT] WARN  - [ACCESS_DENIED] username=anonymous requestedUrl=/ws/260/2wklc3jy/xhr_streaming ip=0:0:0:0:0:0:0:1
2026-04-24 09:08:12.531 [SECURITY_AUDIT] WARN  - [ACCESS_DENIED] username=anonymous requestedUrl=/ws/260/2wklc3jy/xhr_streaming ip=0:0:0:0:0:0:0:1
2026-04-24 09:08:12.568 [SECURITY_AUDIT] WARN  - [ACCESS_DENIED] username=anonymous requestedUrl=/ws/260/2wklc3jy/xhr_streaming ip=0:0:0:0:0:0:0:1
2026-04-24 09:08:12.593 [SECURITY_AUDIT] WARN  - [ACCESS_DENIED] username=anonymous requestedUrl=/ws/260/2wklc3jy/xhr_streaming ip=0:0:0:0:0:0:0:1
2026-04-24 09:08:12.619 [SECURITY_AUDIT] WARN  - [ACCESS_DENIED] username=anonymous requestedUrl=/ws/260/2wklc3jy/xhr_streaming ip=0:0:0:0:0:0:0:1
2026-04-24 09:08:12.651 [SECURITY_AUDIT] WARN  - [ACCESS_DENIED] username=anonymous requestedUrl=/ws/260/2wklc3jy/xhr_streaming ip=0:0:0:0:0:0:0:1
2026-04-24 09:08:12.680 [SECURITY_AUDIT] WARN  - [ACCESS_DENIED] username=anonymous requestedUrl=/ws/260/2wklc3jy/xhr_streaming ip=0:0:0:0:0:0:0:1
2026-04-24 09:08:12.708 [SECURITY_AUDIT] WARN  - [ACCESS_DENIED] username=anonymous requestedUrl=/ws/260/2wklc3jy/xhr_streaming ip=0:0:0:0:0:0:0:1
2026-04-24 09:08:12.748 [SECURITY_AUDIT] WARN  - [ACCESS_DENIED] username=anonymous requestedUrl=/ws/260/2wklc3jy/xhr_streaming ip=0:0:0:0:0:0:0:1
2026-04-24 09:08:12.793 [SECURITY_AUDIT] WARN  - [ACCESS_DENIED] username=anonymous requestedUrl=/ws/260/2wklc3jy/xhr_streaming ip=0:0:0:0:0:0:0:1
2026-04-24 09:08:12.827 [SECURITY_AUDIT] WARN  - [ACCESS_DENIED] username=anonymous requestedUrl=/ws/260/2wklc3jy/xhr_streaming ip=0:0:0:0:0:0:0:1
2026-04-24 09:08:12.855 [SECURITY_AUDIT] WARN  - [ACCESS_DENIED] username=anonymous requestedUrl=/ws/260/2wklc3jy/xhr_streaming ip=0:0:0:0:0:0:0:1
2026-04-24 09:08:12.890 [SECURITY_AUDIT] WARN  - [ACCESS_DENIED] username=anonymous requestedUrl=/ws/260/2wklc3jy/xhr_streaming ip=0:0:0:0:0:0:0:1
2026-04-24 09:08:12.925 [SECURITY_AUDIT] WARN  - [ACCESS_DENIED] username=anonymous requestedUrl=/ws/260/2wklc3jy/xhr_streaming ip=0:0:0:0:0:0:0:1
2026-04-24 09:08:12.949 [SECURITY_AUDIT] WARN  - [ACCESS_DENIED] username=anonymous requestedUrl=/ws/260/2wklc3jy/xhr_streaming ip=0:0:0:0:0:0:0:1
2026-04-24 09:08:12.984 [SECURITY_AUDIT] WARN  - [ACCESS_DENIED] username=anonymous requestedUrl=/ws/260/2wklc3jy/xhr_streaming ip=0:0:0:0:0:0:0:1
2026-04-24 09:08:13.020 [SECURITY_AUDIT] WARN  - [ACCESS_DENIED] username=anonymous requestedUrl=/ws/260/2wklc3jy/xhr_streaming ip=0:0:0:0:0:0:0:1
2026-04-24 09:08:13.057 [SECURITY_AUDIT] WARN  - [ACCESS_DENIED] username=anonymous requestedUrl=/ws/260/2wklc3jy/xhr_streaming ip=0:0:0:0:0:0:0:1
2026-04-24 09:08:13.116 [SECURITY_AUDIT] WARN  - [ACCESS_DENIED] username=anonymous requestedUrl=/ws/260/2wklc3jy/xhr_streaming ip=0:0:0:0:0:0:0:1
2026-04-24 09:08:13.171 [SECURITY_AUDIT] WARN  - [ACCESS_DENIED] username=anonymous requestedUrl=/ws/260/2wklc3jy/xhr_streaming ip=0:0:0:0:0:0:0:1
2026-04-24 09:08:13.201 [SECURITY_AUDIT] WARN  - [ACCESS_DENIED] username=anonymous requestedUrl=/ws/260/2wklc3jy/xhr_streaming ip=0:0:0:0:0:0:0:1
2026-04-24 09:08:13.232 [SECURITY_AUDIT] WARN  - [ACCESS_DENIED] username=anonymous requestedUrl=/ws/260/2wklc3jy/xhr_streaming ip=0:0:0:0:0:0:0:1
2026-04-24 09:08:13.263 [SECURITY_AUDIT] WARN  - [ACCESS_DENIED] username=anonymous requestedUrl=/ws/260/2wklc3jy/xhr_streaming ip=0:0:0:0:0:0:0:1
2026-04-24 09:08:13.292 [SECURITY_AUDIT] WARN  - [ACCESS_DENIED] username=anonymous requestedUrl=/ws/260/2wklc3jy/xhr_streaming ip=0:0:0:0:0:0:0:1
2026-04-24 09:08:13.327 [SECURITY_AUDIT] WARN  - [ACCESS_DENIED] username=anonymous requestedUrl=/ws/260/2wklc3jy/xhr_streaming ip=0:0:0:0:0:0:0:1
2026-04-24 09:08:13.349 [SECURITY_AUDIT] WARN  - [ACCESS_DENIED] username=anonymous requestedUrl=/ws/260/2wklc3jy/xhr_streaming ip=0:0:0:0:0:0:0:1
2026-04-24 09:08:13.374 [SECURITY_AUDIT] WARN  - [ACCESS_DENIED] username=anonymous requestedUrl=/ws/260/2wklc3jy/xhr_streaming ip=0:0:0:0:0:0:0:1
2026-04-24 09:08:13.419 [SECURITY_AUDIT] WARN  - [ACCESS_DENIED] username=anonymous requestedUrl=/ws/260/2wklc3jy/xhr_streaming ip=0:0:0:0:0:0:0:1
2026-04-24 09:08:13.449 [SECURITY_AUDIT] WARN  - [ACCESS_DENIED] username=anonymous requestedUrl=/ws/260/2wklc3jy/xhr_streaming ip=0:0:0:0:0:0:0:1
2026-04-24 09:08:13.481 [SECURITY_AUDIT] WARN  - [ACCESS_DENIED] username=anonymous requestedUrl=/ws/260/2wklc3jy/xhr_streaming ip=0:0:0:0:0:0:0:1
2026-04-24 09:08:13.505 [SECURITY_AUDIT] WARN  - [ACCESS_DENIED] username=anonymous requestedUrl=/ws/260/2wklc3jy/xhr_streaming ip=0:0:0:0:0:0:0:1
2026-04-24 09:08:13.540 [SECURITY_AUDIT] WARN  - [ACCESS_DENIED] username=anonymous requestedUrl=/ws/260/2wklc3jy/xhr_streaming ip=0:0:0:0:0:0:0:1
2026-04-24 09:08:13.574 [SECURITY_AUDIT] WARN  - [ACCESS_DENIED] username=anonymous requestedUrl=/ws/260/2wklc3jy/xhr_streaming ip=0:0:0:0:0:0:0:1
2026-04-24 09:08:13.603 [SECURITY_AUDIT] WARN  - [ACCESS_DENIED] username=anonymous requestedUrl=/ws/260/2wklc3jy/xhr_streaming ip=0:0:0:0:0:0:0:1
2026-04-24 09:08:13.639 [SECURITY_AUDIT] WARN  - [ACCESS_DENIED] username=anonymous requestedUrl=/ws/260/2wklc3jy/xhr_streaming ip=0:0:0:0:0:0:0:1
2026-04-24 09:08:13.665 [SECURITY_AUDIT] WARN  - [ACCESS_DENIED] username=anonymous requestedUrl=/ws/260/2wklc3jy/xhr_streaming ip=0:0:0:0:0:0:0:1
2026-04-24 09:08:13.705 [SECURITY_AUDIT] WARN  - [ACCESS_DENIED] username=anonymous requestedUrl=/ws/260/2wklc3jy/xhr_streaming ip=0:0:0:0:0:0:0:1
2026-04-24 09:08:13.732 [SECURITY_AUDIT] WARN  - [ACCESS_DENIED] username=anonymous requestedUrl=/ws/260/2wklc3jy/xhr_streaming ip=0:0:0:0:0:0:0:1
2026-04-24 09:08:13.787 [SECURITY_AUDIT] WARN  - [ACCESS_DENIED] username=anonymous requestedUrl=/ws/260/2wklc3jy/xhr_streaming ip=0:0:0:0:0:0:0:1
2026-04-24 09:08:13.841 [SECURITY_AUDIT] WARN  - [ACCESS_DENIED] username=anonymous requestedUrl=/ws/260/2wklc3jy/xhr_streaming ip=0:0:0:0:0:0:0:1
2026-04-24 09:08:16.543 [SECURITY_AUDIT] INFO  - [LOGIN_SUCCESS] username=yuhhna2907 ip=0:0:0:0:0:0:0:1 userAgent=Mozilla/5.0 (Windows NT 10.0; Win64; x64) AppleWebKit/537.36 (KHTML, like Gecko) Chrome/147.0.0.0 Safari/537.36
2026-04-24 09:08:17.804 [SECURITY_AUDIT] WARN  - [ACCESS_DENIED] username=yuhhna2907 requestedUrl=/ws/info ip=0:0:0:0:0:0:0:1
2026-04-24 09:09:47.745 [SECURITY_AUDIT] WARN  - [ACCESS_DENIED] username=yuhhna2907 requestedUrl=/qa/products/34/questions ip=0:0:0:0:0:0:0:1
2026-04-24 09:09:47.746 [SECURITY_AUDIT] WARN  - [ACCESS_DENIED] username=yuhhna2907 requestedUrl=/qa/products/34/questions ip=0:0:0:0:0:0:0:1
2026-04-24 09:09:48.434 [SECURITY_AUDIT] WARN  - [ACCESS_DENIED] username=yuhhna2907 requestedUrl=/ws/info ip=0:0:0:0:0:0:0:1
2026-04-24 09:09:54.535 [SECURITY_AUDIT] WARN  - [ACCESS_DENIED] username=yuhhna2907 requestedUrl=/ws/info ip=0:0:0:0:0:0:0:1
2026-04-24 09:10:00.200 [SECURITY_AUDIT] WARN  - [ACCESS_DENIED] username=yuhhna2907 requestedUrl=/ws/info ip=0:0:0:0:0:0:0:1
2026-04-24 09:10:06.214 [SECURITY_AUDIT] WARN  - [ACCESS_DENIED] username=yuhhna2907 requestedUrl=/ws/info ip=0:0:0:0:0:0:0:1
2026-04-24 09:10:12.202 [SECURITY_AUDIT] WARN  - [ACCESS_DENIED] username=yuhhna2907 requestedUrl=/ws/info ip=0:0:0:0:0:0:0:1
2026-04-24 09:10:18.206 [SECURITY_AUDIT] WARN  - [ACCESS_DENIED] username=yuhhna2907 requestedUrl=/ws/info ip=0:0:0:0:0:0:0:1
2026-04-24 09:10:24.208 [SECURITY_AUDIT] WARN  - [ACCESS_DENIED] username=yuhhna2907 requestedUrl=/ws/info ip=0:0:0:0:0:0:0:1
2026-04-24 09:10:30.212 [SECURITY_AUDIT] WARN  - [ACCESS_DENIED] username=yuhhna2907 requestedUrl=/ws/info ip=0:0:0:0:0:0:0:1
2026-04-24 09:10:36.214 [SECURITY_AUDIT] WARN  - [ACCESS_DENIED] username=yuhhna2907 requestedUrl=/ws/info ip=0:0:0:0:0:0:0:1
2026-04-24 09:10:41.255 [SECURITY_AUDIT] WARN  - [ACCESS_DENIED] username=yuhhna2907 requestedUrl=/ws/info ip=0:0:0:0:0:0:0:1
2026-04-24 09:10:46.284 [SECURITY_AUDIT] WARN  - [ACCESS_DENIED] username=yuhhna2907 requestedUrl=/ws/info ip=0:0:0:0:0:0:0:1
2026-04-24 09:10:51.315 [SECURITY_AUDIT] WARN  - [ACCESS_DENIED] username=yuhhna2907 requestedUrl=/ws/info ip=0:0:0:0:0:0:0:1
2026-04-24 09:10:56.352 [SECURITY_AUDIT] WARN  - [ACCESS_DENIED] username=yuhhna2907 requestedUrl=/ws/info ip=0:0:0:0:0:0:0:1
2026-04-24 09:11:01.381 [SECURITY_AUDIT] WARN  - [ACCESS_DENIED] username=yuhhna2907 requestedUrl=/ws/info ip=0:0:0:0:0:0:0:1
2026-04-24 09:11:06.417 [SECURITY_AUDIT] WARN  - [ACCESS_DENIED] username=yuhhna2907 requestedUrl=/ws/info ip=0:0:0:0:0:0:0:1
2026-04-24 09:11:11.447 [SECURITY_AUDIT] WARN  - [ACCESS_DENIED] username=yuhhna2907 requestedUrl=/ws/info ip=0:0:0:0:0:0:0:1
2026-04-24 09:11:16.474 [SECURITY_AUDIT] WARN  - [ACCESS_DENIED] username=yuhhna2907 requestedUrl=/ws/info ip=0:0:0:0:0:0:0:1
2026-04-24 09:11:21.511 [SECURITY_AUDIT] WARN  - [ACCESS_DENIED] username=yuhhna2907 requestedUrl=/ws/info ip=0:0:0:0:0:0:0:1
2026-04-24 09:11:26.545 [SECURITY_AUDIT] WARN  - [ACCESS_DENIED] username=yuhhna2907 requestedUrl=/ws/info ip=0:0:0:0:0:0:0:1
2026-04-24 09:11:31.580 [SECURITY_AUDIT] WARN  - [ACCESS_DENIED] username=yuhhna2907 requestedUrl=/ws/info ip=0:0:0:0:0:0:0:1
2026-04-24 09:11:36.612 [SECURITY_AUDIT] WARN  - [ACCESS_DENIED] username=yuhhna2907 requestedUrl=/ws/info ip=0:0:0:0:0:0:0:1
2026-04-24 09:11:41.648 [SECURITY_AUDIT] WARN  - [ACCESS_DENIED] username=yuhhna2907 requestedUrl=/ws/info ip=0:0:0:0:0:0:0:1
2026-04-24 09:11:46.675 [SECURITY_AUDIT] WARN  - [ACCESS_DENIED] username=yuhhna2907 requestedUrl=/ws/info ip=0:0:0:0:0:0:0:1
2026-04-24 09:11:51.714 [SECURITY_AUDIT] WARN  - [ACCESS_DENIED] username=yuhhna2907 requestedUrl=/ws/info ip=0:0:0:0:0:0:0:1
2026-04-24 09:11:56.745 [SECURITY_AUDIT] WARN  - [ACCESS_DENIED] username=yuhhna2907 requestedUrl=/ws/info ip=0:0:0:0:0:0:0:1
2026-04-24 09:12:01.772 [SECURITY_AUDIT] WARN  - [ACCESS_DENIED] username=yuhhna2907 requestedUrl=/ws/info ip=0:0:0:0:0:0:0:1
2026-04-24 09:12:06.810 [SECURITY_AUDIT] WARN  - [ACCESS_DENIED] username=yuhhna2907 requestedUrl=/ws/info ip=0:0:0:0:0:0:0:1
2026-04-24 09:12:11.849 [SECURITY_AUDIT] WARN  - [ACCESS_DENIED] username=yuhhna2907 requestedUrl=/ws/info ip=0:0:0:0:0:0:0:1
2026-04-24 09:12:16.878 [SECURITY_AUDIT] WARN  - [ACCESS_DENIED] username=yuhhna2907 requestedUrl=/ws/info ip=0:0:0:0:0:0:0:1
2026-04-24 09:12:21.912 [SECURITY_AUDIT] WARN  - [ACCESS_DENIED] username=yuhhna2907 requestedUrl=/ws/info ip=0:0:0:0:0:0:0:1
2026-04-24 09:12:26.944 [SECURITY_AUDIT] WARN  - [ACCESS_DENIED] username=yuhhna2907 requestedUrl=/ws/info ip=0:0:0:0:0:0:0:1
2026-04-24 09:12:31.969 [SECURITY_AUDIT] WARN  - [ACCESS_DENIED] username=yuhhna2907 requestedUrl=/ws/info ip=0:0:0:0:0:0:0:1
2026-04-24 09:12:36.997 [SECURITY_AUDIT] WARN  - [ACCESS_DENIED] username=yuhhna2907 requestedUrl=/ws/info ip=0:0:0:0:0:0:0:1
2026-04-24 09:12:42.019 [SECURITY_AUDIT] WARN  - [ACCESS_DENIED] username=yuhhna2907 requestedUrl=/ws/info ip=0:0:0:0:0:0:0:1
2026-04-24 09:12:47.048 [SECURITY_AUDIT] WARN  - [ACCESS_DENIED] username=yuhhna2907 requestedUrl=/ws/info ip=0:0:0:0:0:0:0:1
2026-04-24 09:12:52.368 [SECURITY_AUDIT] WARN  - [ACCESS_DENIED] username=yuhhna2907 requestedUrl=/ws/info ip=0:0:0:0:0:0:0:1
2026-04-24 09:12:58.206 [SECURITY_AUDIT] WARN  - [ACCESS_DENIED] username=yuhhna2907 requestedUrl=/ws/info ip=0:0:0:0:0:0:0:1
2026-04-24 09:13:04.247 [SECURITY_AUDIT] WARN  - [ACCESS_DENIED] username=yuhhna2907 requestedUrl=/ws/info ip=0:0:0:0:0:0:0:1
2026-04-24 09:13:10.203 [SECURITY_AUDIT] WARN  - [ACCESS_DENIED] username=yuhhna2907 requestedUrl=/ws/info ip=0:0:0:0:0:0:0:1
2026-04-24 09:13:16.215 [SECURITY_AUDIT] WARN  - [ACCESS_DENIED] username=yuhhna2907 requestedUrl=/ws/info ip=0:0:0:0:0:0:0:1
2026-04-24 09:13:22.207 [SECURITY_AUDIT] WARN  - [ACCESS_DENIED] username=yuhhna2907 requestedUrl=/ws/info ip=0:0:0:0:0:0:0:1
2026-04-24 09:13:28.203 [SECURITY_AUDIT] WARN  - [ACCESS_DENIED] username=yuhhna2907 requestedUrl=/ws/info ip=0:0:0:0:0:0:0:1
2026-04-24 09:13:34.206 [SECURITY_AUDIT] WARN  - [ACCESS_DENIED] username=yuhhna2907 requestedUrl=/ws/info ip=0:0:0:0:0:0:0:1
2026-04-24 09:13:40.205 [SECURITY_AUDIT] WARN  - [ACCESS_DENIED] username=yuhhna2907 requestedUrl=/ws/info ip=0:0:0:0:0:0:0:1
2026-04-24 09:13:46.207 [SECURITY_AUDIT] WARN  - [ACCESS_DENIED] username=yuhhna2907 requestedUrl=/ws/info ip=0:0:0:0:0:0:0:1
2026-04-24 09:13:52.267 [SECURITY_AUDIT] WARN  - [ACCESS_DENIED] username=yuhhna2907 requestedUrl=/ws/info ip=0:0:0:0:0:0:0:1
2026-04-24 09:13:58.207 [SECURITY_AUDIT] WARN  - [ACCESS_DENIED] username=yuhhna2907 requestedUrl=/ws/info ip=0:0:0:0:0:0:0:1
2026-04-24 09:14:05.440 [SECURITY_AUDIT] WARN  - [ACCESS_DENIED] username=yuhhna2907 requestedUrl=/ws/info ip=0:0:0:0:0:0:0:1
2026-04-24 09:14:11.210 [SECURITY_AUDIT] WARN  - [ACCESS_DENIED] username=yuhhna2907 requestedUrl=/ws/info ip=0:0:0:0:0:0:0:1
2026-04-24 09:14:17.209 [SECURITY_AUDIT] WARN  - [ACCESS_DENIED] username=yuhhna2907 requestedUrl=/ws/info ip=0:0:0:0:0:0:0:1
2026-04-24 09:14:23.201 [SECURITY_AUDIT] WARN  - [ACCESS_DENIED] username=yuhhna2907 requestedUrl=/ws/info ip=0:0:0:0:0:0:0:1
2026-04-24 09:14:29.202 [SECURITY_AUDIT] WARN  - [ACCESS_DENIED] username=yuhhna2907 requestedUrl=/ws/info ip=0:0:0:0:0:0:0:1
2026-04-24 09:14:35.200 [SECURITY_AUDIT] WARN  - [ACCESS_DENIED] username=yuhhna2907 requestedUrl=/ws/info ip=0:0:0:0:0:0:0:1
2026-04-24 09:14:41.214 [SECURITY_AUDIT] WARN  - [ACCESS_DENIED] username=yuhhna2907 requestedUrl=/ws/info ip=0:0:0:0:0:0:0:1
2026-04-24 09:14:47.201 [SECURITY_AUDIT] WARN  - [ACCESS_DENIED] username=yuhhna2907 requestedUrl=/ws/info ip=0:0:0:0:0:0:0:1
2026-04-24 09:14:53.209 [SECURITY_AUDIT] WARN  - [ACCESS_DENIED] username=yuhhna2907 requestedUrl=/ws/info ip=0:0:0:0:0:0:0:1
2026-04-24 09:14:59.205 [SECURITY_AUDIT] WARN  - [ACCESS_DENIED] username=yuhhna2907 requestedUrl=/ws/info ip=0:0:0:0:0:0:0:1
2026-04-24 09:15:05.216 [SECURITY_AUDIT] WARN  - [ACCESS_DENIED] username=yuhhna2907 requestedUrl=/ws/info ip=0:0:0:0:0:0:0:1
2026-04-24 09:15:11.200 [SECURITY_AUDIT] WARN  - [ACCESS_DENIED] username=yuhhna2907 requestedUrl=/ws/info ip=0:0:0:0:0:0:0:1
2026-04-24 09:15:17.201 [SECURITY_AUDIT] WARN  - [ACCESS_DENIED] username=yuhhna2907 requestedUrl=/ws/info ip=0:0:0:0:0:0:0:1
2026-04-24 09:15:23.201 [SECURITY_AUDIT] WARN  - [ACCESS_DENIED] username=yuhhna2907 requestedUrl=/ws/info ip=0:0:0:0:0:0:0:1
2026-04-24 09:15:29.211 [SECURITY_AUDIT] WARN  - [ACCESS_DENIED] username=yuhhna2907 requestedUrl=/ws/info ip=0:0:0:0:0:0:0:1
2026-04-24 09:15:35.201 [SECURITY_AUDIT] WARN  - [ACCESS_DENIED] username=yuhhna2907 requestedUrl=/ws/info ip=0:0:0:0:0:0:0:1
2026-04-24 09:15:41.205 [SECURITY_AUDIT] WARN  - [ACCESS_DENIED] username=yuhhna2907 requestedUrl=/ws/info ip=0:0:0:0:0:0:0:1
2026-04-24 09:15:47.205 [SECURITY_AUDIT] WARN  - [ACCESS_DENIED] username=yuhhna2907 requestedUrl=/ws/info ip=0:0:0:0:0:0:0:1
2026-04-24 09:15:53.214 [SECURITY_AUDIT] WARN  - [ACCESS_DENIED] username=yuhhna2907 requestedUrl=/ws/info ip=0:0:0:0:0:0:0:1
2026-04-24 09:15:59.228 [SECURITY_AUDIT] WARN  - [ACCESS_DENIED] username=yuhhna2907 requestedUrl=/ws/info ip=0:0:0:0:0:0:0:1
2026-04-24 09:16:05.428 [SECURITY_AUDIT] WARN  - [ACCESS_DENIED] username=yuhhna2907 requestedUrl=/ws/info ip=0:0:0:0:0:0:0:1
2026-04-24 09:16:11.205 [SECURITY_AUDIT] WARN  - [ACCESS_DENIED] username=yuhhna2907 requestedUrl=/ws/info ip=0:0:0:0:0:0:0:1
2026-04-24 09:16:17.217 [SECURITY_AUDIT] WARN  - [ACCESS_DENIED] username=yuhhna2907 requestedUrl=/ws/info ip=0:0:0:0:0:0:0:1
2026-04-24 09:16:23.211 [SECURITY_AUDIT] WARN  - [ACCESS_DENIED] username=yuhhna2907 requestedUrl=/ws/info ip=0:0:0:0:0:0:0:1
2026-04-24 09:16:29.212 [SECURITY_AUDIT] WARN  - [ACCESS_DENIED] username=yuhhna2907 requestedUrl=/ws/info ip=0:0:0:0:0:0:0:1
2026-04-24 09:16:35.229 [SECURITY_AUDIT] WARN  - [ACCESS_DENIED] username=yuhhna2907 requestedUrl=/ws/info ip=0:0:0:0:0:0:0:1
2026-04-24 09:16:41.211 [SECURITY_AUDIT] WARN  - [ACCESS_DENIED] username=yuhhna2907 requestedUrl=/ws/info ip=0:0:0:0:0:0:0:1
2026-04-24 09:16:47.201 [SECURITY_AUDIT] WARN  - [ACCESS_DENIED] username=yuhhna2907 requestedUrl=/ws/info ip=0:0:0:0:0:0:0:1
2026-04-24 09:16:53.200 [SECURITY_AUDIT] WARN  - [ACCESS_DENIED] username=yuhhna2907 requestedUrl=/ws/info ip=0:0:0:0:0:0:0:1
2026-04-24 09:16:59.212 [SECURITY_AUDIT] WARN  - [ACCESS_DENIED] username=yuhhna2907 requestedUrl=/ws/info ip=0:0:0:0:0:0:0:1
2026-04-24 09:17:05.213 [SECURITY_AUDIT] WARN  - [ACCESS_DENIED] username=yuhhna2907 requestedUrl=/ws/info ip=0:0:0:0:0:0:0:1
2026-04-24 09:17:11.217 [SECURITY_AUDIT] WARN  - [ACCESS_DENIED] username=yuhhna2907 requestedUrl=/ws/info ip=0:0:0:0:0:0:0:1
2026-04-24 09:17:17.231 [SECURITY_AUDIT] WARN  - [ACCESS_DENIED] username=yuhhna2907 requestedUrl=/ws/info ip=0:0:0:0:0:0:0:1
2026-04-24 09:17:23.238 [SECURITY_AUDIT] WARN  - [ACCESS_DENIED] username=yuhhna2907 requestedUrl=/ws/info ip=0:0:0:0:0:0:0:1
2026-04-24 09:17:29.230 [SECURITY_AUDIT] WARN  - [ACCESS_DENIED] username=yuhhna2907 requestedUrl=/ws/info ip=0:0:0:0:0:0:0:1
2026-04-24 09:17:35.563 [SECURITY_AUDIT] WARN  - [ACCESS_DENIED] username=yuhhna2907 requestedUrl=/ws/info ip=0:0:0:0:0:0:0:1
2026-04-24 09:17:41.204 [SECURITY_AUDIT] WARN  - [ACCESS_DENIED] username=yuhhna2907 requestedUrl=/ws/info ip=0:0:0:0:0:0:0:1
2026-04-24 09:17:47.202 [SECURITY_AUDIT] WARN  - [ACCESS_DENIED] username=yuhhna2907 requestedUrl=/ws/info ip=0:0:0:0:0:0:0:1
2026-04-24 09:17:53.210 [SECURITY_AUDIT] WARN  - [ACCESS_DENIED] username=yuhhna2907 requestedUrl=/ws/info ip=0:0:0:0:0:0:0:1
2026-04-24 09:17:59.214 [SECURITY_AUDIT] WARN  - [ACCESS_DENIED] username=yuhhna2907 requestedUrl=/ws/info ip=0:0:0:0:0:0:0:1
2026-04-24 09:18:05.216 [SECURITY_AUDIT] WARN  - [ACCESS_DENIED] username=yuhhna2907 requestedUrl=/ws/info ip=0:0:0:0:0:0:0:1
2026-04-24 09:18:11.211 [SECURITY_AUDIT] WARN  - [ACCESS_DENIED] username=yuhhna2907 requestedUrl=/ws/info ip=0:0:0:0:0:0:0:1
2026-04-24 09:18:17.208 [SECURITY_AUDIT] WARN  - [ACCESS_DENIED] username=yuhhna2907 requestedUrl=/ws/info ip=0:0:0:0:0:0:0:1
2026-04-24 09:18:23.211 [SECURITY_AUDIT] WARN  - [ACCESS_DENIED] username=yuhhna2907 requestedUrl=/ws/info ip=0:0:0:0:0:0:0:1
2026-04-24 09:18:29.210 [SECURITY_AUDIT] WARN  - [ACCESS_DENIED] username=yuhhna2907 requestedUrl=/ws/info ip=0:0:0:0:0:0:0:1
2026-04-24 09:18:35.208 [SECURITY_AUDIT] WARN  - [ACCESS_DENIED] username=yuhhna2907 requestedUrl=/ws/info ip=0:0:0:0:0:0:0:1
2026-04-24 09:18:41.208 [SECURITY_AUDIT] WARN  - [ACCESS_DENIED] username=yuhhna2907 requestedUrl=/ws/info ip=0:0:0:0:0:0:0:1
2026-04-24 09:18:47.208 [SECURITY_AUDIT] WARN  - [ACCESS_DENIED] username=yuhhna2907 requestedUrl=/ws/info ip=0:0:0:0:0:0:0:1
2026-04-24 09:18:53.208 [SECURITY_AUDIT] WARN  - [ACCESS_DENIED] username=yuhhna2907 requestedUrl=/ws/info ip=0:0:0:0:0:0:0:1
2026-04-24 09:18:59.204 [SECURITY_AUDIT] WARN  - [ACCESS_DENIED] username=yuhhna2907 requestedUrl=/ws/info ip=0:0:0:0:0:0:0:1
2026-04-24 09:19:05.199 [SECURITY_AUDIT] WARN  - [ACCESS_DENIED] username=yuhhna2907 requestedUrl=/ws/info ip=0:0:0:0:0:0:0:1
2026-04-24 09:19:11.219 [SECURITY_AUDIT] WARN  - [ACCESS_DENIED] username=yuhhna2907 requestedUrl=/ws/info ip=0:0:0:0:0:0:0:1
2026-04-24 09:19:17.206 [SECURITY_AUDIT] WARN  - [ACCESS_DENIED] username=yuhhna2907 requestedUrl=/ws/info ip=0:0:0:0:0:0:0:1
2026-04-24 09:19:23.203 [SECURITY_AUDIT] WARN  - [ACCESS_DENIED] username=yuhhna2907 requestedUrl=/ws/info ip=0:0:0:0:0:0:0:1
2026-04-24 09:19:29.204 [SECURITY_AUDIT] WARN  - [ACCESS_DENIED] username=yuhhna2907 requestedUrl=/ws/info ip=0:0:0:0:0:0:0:1
2026-04-24 09:19:35.570 [SECURITY_AUDIT] WARN  - [ACCESS_DENIED] username=yuhhna2907 requestedUrl=/ws/info ip=0:0:0:0:0:0:0:1
2026-04-24 09:19:41.207 [SECURITY_AUDIT] WARN  - [ACCESS_DENIED] username=yuhhna2907 requestedUrl=/ws/info ip=0:0:0:0:0:0:0:1
2026-04-24 09:19:47.194 [SECURITY_AUDIT] WARN  - [ACCESS_DENIED] username=yuhhna2907 requestedUrl=/ws/info ip=0:0:0:0:0:0:0:1
2026-04-24 09:19:53.317 [SECURITY_AUDIT] WARN  - [ACCESS_DENIED] username=yuhhna2907 requestedUrl=/ws/info ip=0:0:0:0:0:0:0:1
2026-04-24 09:19:59.216 [SECURITY_AUDIT] WARN  - [ACCESS_DENIED] username=yuhhna2907 requestedUrl=/ws/info ip=0:0:0:0:0:0:0:1
2026-04-24 09:20:05.987 [SECURITY_AUDIT] WARN  - [ACCESS_DENIED] username=yuhhna2907 requestedUrl=/ws/info ip=0:0:0:0:0:0:0:1
2026-04-24 09:20:12.209 [SECURITY_AUDIT] WARN  - [ACCESS_DENIED] username=yuhhna2907 requestedUrl=/ws/info ip=0:0:0:0:0:0:0:1
2026-04-24 09:20:18.199 [SECURITY_AUDIT] WARN  - [ACCESS_DENIED] username=yuhhna2907 requestedUrl=/ws/info ip=0:0:0:0:0:0:0:1
2026-04-24 09:20:24.206 [SECURITY_AUDIT] WARN  - [ACCESS_DENIED] username=yuhhna2907 requestedUrl=/ws/info ip=0:0:0:0:0:0:0:1
2026-04-24 09:20:30.207 [SECURITY_AUDIT] WARN  - [ACCESS_DENIED] username=yuhhna2907 requestedUrl=/ws/info ip=0:0:0:0:0:0:0:1
2026-04-24 09:20:36.209 [SECURITY_AUDIT] WARN  - [ACCESS_DENIED] username=yuhhna2907 requestedUrl=/ws/info ip=0:0:0:0:0:0:0:1
2026-04-24 09:20:42.251 [SECURITY_AUDIT] WARN  - [ACCESS_DENIED] username=yuhhna2907 requestedUrl=/ws/info ip=0:0:0:0:0:0:0:1
2026-04-24 09:20:48.204 [SECURITY_AUDIT] WARN  - [ACCESS_DENIED] username=yuhhna2907 requestedUrl=/ws/info ip=0:0:0:0:0:0:0:1
2026-04-24 09:20:54.202 [SECURITY_AUDIT] WARN  - [ACCESS_DENIED] username=yuhhna2907 requestedUrl=/ws/info ip=0:0:0:0:0:0:0:1
2026-04-24 09:21:00.204 [SECURITY_AUDIT] WARN  - [ACCESS_DENIED] username=yuhhna2907 requestedUrl=/ws/info ip=0:0:0:0:0:0:0:1
2026-04-24 09:21:06.184 [SECURITY_AUDIT] WARN  - [ACCESS_DENIED] username=yuhhna2907 requestedUrl=/ws/info ip=0:0:0:0:0:0:0:1
2026-04-24 09:21:12.351 [SECURITY_AUDIT] WARN  - [ACCESS_DENIED] username=yuhhna2907 requestedUrl=/ws/info ip=0:0:0:0:0:0:0:1
2026-04-24 09:21:13.901 [SECURITY_AUDIT] WARN  - [ACCESS_DENIED] username=yuhhna2907 requestedUrl=/qa/products/34/questions ip=0:0:0:0:0:0:0:1
2026-04-24 09:21:13.901 [SECURITY_AUDIT] WARN  - [ACCESS_DENIED] username=yuhhna2907 requestedUrl=/qa/products/34/questions ip=0:0:0:0:0:0:0:1
2026-04-24 09:21:14.001 [SECURITY_AUDIT] WARN  - [ACCESS_DENIED] username=yuhhna2907 requestedUrl=/ws/info ip=0:0:0:0:0:0:0:1
2026-04-24 09:21:16.443 [SECURITY_AUDIT] WARN  - [ACCESS_DENIED] username=yuhhna2907 requestedUrl=/ws/info ip=0:0:0:0:0:0:0:1
2026-04-24 09:22:10.527 [SECURITY_AUDIT] WARN  - [ACCESS_DENIED] username=yuhhna2907 requestedUrl=/qa/products/33/questions ip=0:0:0:0:0:0:0:1
2026-04-24 09:22:10.527 [SECURITY_AUDIT] WARN  - [ACCESS_DENIED] username=yuhhna2907 requestedUrl=/qa/products/33/questions ip=0:0:0:0:0:0:0:1
2026-04-24 09:22:10.868 [SECURITY_AUDIT] WARN  - [ACCESS_DENIED] username=yuhhna2907 requestedUrl=/ws/info ip=0:0:0:0:0:0:0:1
2026-04-24 09:22:16.218 [SECURITY_AUDIT] WARN  - [ACCESS_DENIED] username=yuhhna2907 requestedUrl=/ws/info ip=0:0:0:0:0:0:0:1
2026-04-24 09:22:22.209 [SECURITY_AUDIT] WARN  - [ACCESS_DENIED] username=yuhhna2907 requestedUrl=/ws/info ip=0:0:0:0:0:0:0:1
2026-04-24 09:22:28.211 [SECURITY_AUDIT] WARN  - [ACCESS_DENIED] username=yuhhna2907 requestedUrl=/ws/info ip=0:0:0:0:0:0:0:1
2026-04-24 09:22:34.207 [SECURITY_AUDIT] WARN  - [ACCESS_DENIED] username=yuhhna2907 requestedUrl=/ws/info ip=0:0:0:0:0:0:0:1
2026-04-24 09:22:40.204 [SECURITY_AUDIT] WARN  - [ACCESS_DENIED] username=yuhhna2907 requestedUrl=/ws/info ip=0:0:0:0:0:0:0:1
2026-04-24 09:22:46.214 [SECURITY_AUDIT] WARN  - [ACCESS_DENIED] username=yuhhna2907 requestedUrl=/ws/info ip=0:0:0:0:0:0:0:1
2026-04-24 09:22:52.207 [SECURITY_AUDIT] WARN  - [ACCESS_DENIED] username=yuhhna2907 requestedUrl=/ws/info ip=0:0:0:0:0:0:0:1
2026-04-24 09:23:14.793 [SECURITY_AUDIT] WARN  - [ACCESS_DENIED] username=yuhhna2907 requestedUrl=/ws/info ip=0:0:0:0:0:0:0:1
2026-04-24 09:24:37.229 [SECURITY_AUDIT] WARN  - [ACCESS_DENIED] username=yuhhna2907 requestedUrl=/ws/info ip=0:0:0:0:0:0:0:1
2026-04-24 09:24:43.210 [SECURITY_AUDIT] WARN  - [ACCESS_DENIED] username=yuhhna2907 requestedUrl=/ws/info ip=0:0:0:0:0:0:0:1
2026-04-24 09:24:49.211 [SECURITY_AUDIT] WARN  - [ACCESS_DENIED] username=yuhhna2907 requestedUrl=/ws/info ip=0:0:0:0:0:0:0:1
2026-04-24 09:24:55.239 [SECURITY_AUDIT] WARN  - [ACCESS_DENIED] username=yuhhna2907 requestedUrl=/ws/info ip=0:0:0:0:0:0:0:1
2026-04-24 09:25:01.206 [SECURITY_AUDIT] WARN  - [ACCESS_DENIED] username=yuhhna2907 requestedUrl=/ws/info ip=0:0:0:0:0:0:0:1
2026-04-24 09:25:07.210 [SECURITY_AUDIT] WARN  - [ACCESS_DENIED] username=yuhhna2907 requestedUrl=/ws/info ip=0:0:0:0:0:0:0:1
2026-04-24 09:25:22.734 [SECURITY_AUDIT] WARN  - [ACCESS_DENIED] username=yuhhna2907 requestedUrl=/ws/info ip=0:0:0:0:0:0:0:1
2026-04-24 09:25:38.027 [SECURITY_AUDIT] WARN  - [ACCESS_DENIED] username=yuhhna2907 requestedUrl=/ws/info ip=0:0:0:0:0:0:0:1
2026-04-24 09:25:43.207 [SECURITY_AUDIT] WARN  - [ACCESS_DENIED] username=yuhhna2907 requestedUrl=/ws/info ip=127.0.0.1
2026-04-24 09:25:49.209 [SECURITY_AUDIT] WARN  - [ACCESS_DENIED] username=yuhhna2907 requestedUrl=/ws/info ip=0:0:0:0:0:0:0:1
2026-04-24 09:25:55.204 [SECURITY_AUDIT] WARN  - [ACCESS_DENIED] username=yuhhna2907 requestedUrl=/ws/info ip=0:0:0:0:0:0:0:1
2026-04-24 09:26:01.207 [SECURITY_AUDIT] WARN  - [ACCESS_DENIED] username=yuhhna2907 requestedUrl=/ws/info ip=0:0:0:0:0:0:0:1
2026-04-24 09:26:07.210 [SECURITY_AUDIT] WARN  - [ACCESS_DENIED] username=yuhhna2907 requestedUrl=/ws/info ip=0:0:0:0:0:0:0:1
2026-04-24 09:26:13.204 [SECURITY_AUDIT] WARN  - [ACCESS_DENIED] username=yuhhna2907 requestedUrl=/ws/info ip=0:0:0:0:0:0:0:1
2026-04-24 09:26:19.208 [SECURITY_AUDIT] WARN  - [ACCESS_DENIED] username=yuhhna2907 requestedUrl=/ws/info ip=0:0:0:0:0:0:0:1
2026-04-24 09:26:25.208 [SECURITY_AUDIT] WARN  - [ACCESS_DENIED] username=yuhhna2907 requestedUrl=/ws/info ip=0:0:0:0:0:0:0:1
2026-04-24 09:26:31.207 [SECURITY_AUDIT] WARN  - [ACCESS_DENIED] username=yuhhna2907 requestedUrl=/ws/info ip=0:0:0:0:0:0:0:1
2026-04-24 09:26:37.354 [SECURITY_AUDIT] WARN  - [ACCESS_DENIED] username=yuhhna2907 requestedUrl=/ws/info ip=0:0:0:0:0:0:0:1
2026-04-24 09:26:59.216 [SECURITY_AUDIT] WARN  - [ACCESS_DENIED] username=yuhhna2907 requestedUrl=/ws/info ip=0:0:0:0:0:0:0:1
2026-04-24 09:27:29.232 [SECURITY_AUDIT] WARN  - [ACCESS_DENIED] username=yuhhna2907 requestedUrl=/ws/info ip=0:0:0:0:0:0:0:1
2026-04-24 09:27:35.214 [SECURITY_AUDIT] WARN  - [ACCESS_DENIED] username=yuhhna2907 requestedUrl=/ws/info ip=0:0:0:0:0:0:0:1
2026-04-24 09:27:41.231 [SECURITY_AUDIT] WARN  - [ACCESS_DENIED] username=yuhhna2907 requestedUrl=/ws/info ip=0:0:0:0:0:0:0:1
2026-04-24 09:27:47.217 [SECURITY_AUDIT] WARN  - [ACCESS_DENIED] username=yuhhna2907 requestedUrl=/ws/info ip=0:0:0:0:0:0:0:1
2026-04-24 09:27:53.234 [SECURITY_AUDIT] WARN  - [ACCESS_DENIED] username=yuhhna2907 requestedUrl=/ws/info ip=0:0:0:0:0:0:0:1
2026-04-24 09:27:59.204 [SECURITY_AUDIT] WARN  - [ACCESS_DENIED] username=yuhhna2907 requestedUrl=/ws/info ip=0:0:0:0:0:0:0:1
2026-04-24 09:28:05.215 [SECURITY_AUDIT] WARN  - [ACCESS_DENIED] username=yuhhna2907 requestedUrl=/ws/info ip=0:0:0:0:0:0:0:1
2026-04-24 09:28:11.215 [SECURITY_AUDIT] WARN  - [ACCESS_DENIED] username=yuhhna2907 requestedUrl=/ws/info ip=0:0:0:0:0:0:0:1
2026-04-24 09:28:49.591 [SECURITY_AUDIT] WARN  - [ACCESS_DENIED] username=yuhhna2907 requestedUrl=/ws/info ip=0:0:0:0:0:0:0:1
2026-04-24 09:28:55.217 [SECURITY_AUDIT] WARN  - [ACCESS_DENIED] username=yuhhna2907 requestedUrl=/ws/info ip=0:0:0:0:0:0:0:1
2026-04-24 09:29:01.203 [SECURITY_AUDIT] WARN  - [ACCESS_DENIED] username=yuhhna2907 requestedUrl=/ws/info ip=0:0:0:0:0:0:0:1
2026-04-24 09:29:07.208 [SECURITY_AUDIT] WARN  - [ACCESS_DENIED] username=yuhhna2907 requestedUrl=/ws/info ip=0:0:0:0:0:0:0:1
2026-04-24 09:29:12.748 [SECURITY_AUDIT] WARN  - [ACCESS_DENIED] username=yuhhna2907 requestedUrl=/qa/products/33/questions ip=0:0:0:0:0:0:0:1
2026-04-24 09:29:12.748 [SECURITY_AUDIT] WARN  - [ACCESS_DENIED] username=yuhhna2907 requestedUrl=/qa/products/33/questions ip=0:0:0:0:0:0:0:1
2026-04-24 09:29:13.572 [SECURITY_AUDIT] WARN  - [ACCESS_DENIED] username=yuhhna2907 requestedUrl=/ws/info ip=0:0:0:0:0:0:0:1
2026-04-24 09:29:15.635 [SECURITY_AUDIT] WARN  - [ACCESS_DENIED] username=yuhhna2907 requestedUrl=/ws/info ip=0:0:0:0:0:0:0:1
2026-04-24 09:29:17.939 [SECURITY_AUDIT] WARN  - [ACCESS_DENIED] username=yuhhna2907 requestedUrl=/qa/products/33/questions ip=0:0:0:0:0:0:0:1
2026-04-24 09:29:17.940 [SECURITY_AUDIT] WARN  - [ACCESS_DENIED] username=yuhhna2907 requestedUrl=/qa/products/33/questions ip=0:0:0:0:0:0:0:1
2026-04-24 09:29:18.064 [SECURITY_AUDIT] WARN  - [ACCESS_DENIED] username=yuhhna2907 requestedUrl=/ws/info ip=0:0:0:0:0:0:0:1
2026-04-24 09:29:23.144 [SECURITY_AUDIT] WARN  - [ACCESS_DENIED] username=yuhhna2907 requestedUrl=/ws/info ip=0:0:0:0:0:0:0:1
2026-04-24 09:29:28.184 [SECURITY_AUDIT] WARN  - [ACCESS_DENIED] username=yuhhna2907 requestedUrl=/ws/info ip=0:0:0:0:0:0:0:1
2026-04-24 09:29:33.220 [SECURITY_AUDIT] WARN  - [ACCESS_DENIED] username=yuhhna2907 requestedUrl=/ws/info ip=0:0:0:0:0:0:0:1
2026-04-24 09:29:38.267 [SECURITY_AUDIT] WARN  - [ACCESS_DENIED] username=yuhhna2907 requestedUrl=/ws/info ip=0:0:0:0:0:0:0:1
2026-04-24 09:29:43.306 [SECURITY_AUDIT] WARN  - [ACCESS_DENIED] username=yuhhna2907 requestedUrl=/ws/info ip=0:0:0:0:0:0:0:1
2026-04-24 09:29:49.208 [SECURITY_AUDIT] WARN  - [ACCESS_DENIED] username=yuhhna2907 requestedUrl=/ws/info ip=0:0:0:0:0:0:0:1
2026-04-24 09:29:54.241 [SECURITY_AUDIT] WARN  - [ACCESS_DENIED] username=yuhhna2907 requestedUrl=/ws/info ip=0:0:0:0:0:0:0:1
2026-04-24 09:29:59.273 [SECURITY_AUDIT] WARN  - [ACCESS_DENIED] username=yuhhna2907 requestedUrl=/ws/info ip=0:0:0:0:0:0:0:1
2026-04-24 09:30:04.311 [SECURITY_AUDIT] WARN  - [ACCESS_DENIED] username=yuhhna2907 requestedUrl=/ws/info ip=0:0:0:0:0:0:0:1
2026-04-24 09:30:09.555 [SECURITY_AUDIT] WARN  - [ACCESS_DENIED] username=yuhhna2907 requestedUrl=/ws/info ip=0:0:0:0:0:0:0:1
2026-04-24 09:30:15.214 [SECURITY_AUDIT] WARN  - [ACCESS_DENIED] username=yuhhna2907 requestedUrl=/ws/info ip=0:0:0:0:0:0:0:1
2026-04-24 09:30:21.212 [SECURITY_AUDIT] WARN  - [ACCESS_DENIED] username=yuhhna2907 requestedUrl=/ws/info ip=0:0:0:0:0:0:0:1
2026-04-24 09:30:27.210 [SECURITY_AUDIT] WARN  - [ACCESS_DENIED] username=yuhhna2907 requestedUrl=/ws/info ip=0:0:0:0:0:0:0:1
2026-04-24 09:30:33.204 [SECURITY_AUDIT] WARN  - [ACCESS_DENIED] username=yuhhna2907 requestedUrl=/ws/info ip=0:0:0:0:0:0:0:1
2026-04-24 09:30:39.263 [SECURITY_AUDIT] WARN  - [ACCESS_DENIED] username=yuhhna2907 requestedUrl=/ws/info ip=0:0:0:0:0:0:0:1
2026-04-24 09:30:44.345 [SECURITY_AUDIT] WARN  - [ACCESS_DENIED] username=yuhhna2907 requestedUrl=/ws/info ip=0:0:0:0:0:0:0:1
2026-04-24 09:30:49.386 [SECURITY_AUDIT] WARN  - [ACCESS_DENIED] username=yuhhna2907 requestedUrl=/ws/info ip=0:0:0:0:0:0:0:1
2026-04-24 09:30:54.419 [SECURITY_AUDIT] WARN  - [ACCESS_DENIED] username=yuhhna2907 requestedUrl=/ws/info ip=0:0:0:0:0:0:0:1
2026-04-24 09:30:59.464 [SECURITY_AUDIT] WARN  - [ACCESS_DENIED] username=yuhhna2907 requestedUrl=/ws/info ip=0:0:0:0:0:0:0:1
2026-04-24 09:31:04.508 [SECURITY_AUDIT] WARN  - [ACCESS_DENIED] username=yuhhna2907 requestedUrl=/ws/info ip=0:0:0:0:0:0:0:1
2026-04-24 09:31:09.544 [SECURITY_AUDIT] WARN  - [ACCESS_DENIED] username=yuhhna2907 requestedUrl=/ws/info ip=0:0:0:0:0:0:0:1
2026-04-24 09:31:14.585 [SECURITY_AUDIT] WARN  - [ACCESS_DENIED] username=yuhhna2907 requestedUrl=/ws/info ip=0:0:0:0:0:0:0:1
2026-04-24 09:31:19.622 [SECURITY_AUDIT] WARN  - [ACCESS_DENIED] username=yuhhna2907 requestedUrl=/ws/info ip=0:0:0:0:0:0:0:1
2026-04-24 09:31:24.655 [SECURITY_AUDIT] WARN  - [ACCESS_DENIED] username=yuhhna2907 requestedUrl=/ws/info ip=0:0:0:0:0:0:0:1
2026-04-24 09:31:30.209 [SECURITY_AUDIT] WARN  - [ACCESS_DENIED] username=yuhhna2907 requestedUrl=/ws/info ip=0:0:0:0:0:0:0:1
2026-04-24 09:31:36.206 [SECURITY_AUDIT] WARN  - [ACCESS_DENIED] username=yuhhna2907 requestedUrl=/ws/info ip=0:0:0:0:0:0:0:1
2026-04-24 09:31:42.204 [SECURITY_AUDIT] WARN  - [ACCESS_DENIED] username=yuhhna2907 requestedUrl=/ws/info ip=0:0:0:0:0:0:0:1
2026-04-24 09:31:48.213 [SECURITY_AUDIT] WARN  - [ACCESS_DENIED] username=yuhhna2907 requestedUrl=/ws/info ip=0:0:0:0:0:0:0:1
2026-04-24 09:31:54.538 [SECURITY_AUDIT] WARN  - [ACCESS_DENIED] username=yuhhna2907 requestedUrl=/ws/info ip=0:0:0:0:0:0:0:1
2026-04-24 09:32:00.213 [SECURITY_AUDIT] WARN  - [ACCESS_DENIED] username=yuhhna2907 requestedUrl=/ws/info ip=0:0:0:0:0:0:0:1
2026-04-24 09:32:06.209 [SECURITY_AUDIT] WARN  - [ACCESS_DENIED] username=yuhhna2907 requestedUrl=/ws/info ip=0:0:0:0:0:0:0:1
2026-04-24 09:32:12.204 [SECURITY_AUDIT] WARN  - [ACCESS_DENIED] username=yuhhna2907 requestedUrl=/ws/info ip=0:0:0:0:0:0:0:1
2026-04-24 09:32:18.202 [SECURITY_AUDIT] WARN  - [ACCESS_DENIED] username=yuhhna2907 requestedUrl=/ws/info ip=0:0:0:0:0:0:0:1
2026-04-24 09:32:24.366 [SECURITY_AUDIT] WARN  - [ACCESS_DENIED] username=yuhhna2907 requestedUrl=/ws/info ip=0:0:0:0:0:0:0:1
2026-04-24 09:32:30.208 [SECURITY_AUDIT] WARN  - [ACCESS_DENIED] username=yuhhna2907 requestedUrl=/ws/info ip=0:0:0:0:0:0:0:1
2026-04-24 09:32:36.201 [SECURITY_AUDIT] WARN  - [ACCESS_DENIED] username=yuhhna2907 requestedUrl=/ws/info ip=0:0:0:0:0:0:0:1
2026-04-24 09:32:42.242 [SECURITY_AUDIT] WARN  - [ACCESS_DENIED] username=yuhhna2907 requestedUrl=/ws/info ip=0:0:0:0:0:0:0:1
2026-04-24 09:32:48.212 [SECURITY_AUDIT] WARN  - [ACCESS_DENIED] username=yuhhna2907 requestedUrl=/ws/info ip=0:0:0:0:0:0:0:1
2026-04-24 09:32:54.537 [SECURITY_AUDIT] WARN  - [ACCESS_DENIED] username=yuhhna2907 requestedUrl=/ws/info ip=0:0:0:0:0:0:0:1
2026-04-24 09:33:00.203 [SECURITY_AUDIT] WARN  - [ACCESS_DENIED] username=yuhhna2907 requestedUrl=/ws/info ip=0:0:0:0:0:0:0:1
2026-04-24 09:33:06.205 [SECURITY_AUDIT] WARN  - [ACCESS_DENIED] username=yuhhna2907 requestedUrl=/ws/info ip=0:0:0:0:0:0:0:1
2026-04-24 09:33:12.202 [SECURITY_AUDIT] WARN  - [ACCESS_DENIED] username=yuhhna2907 requestedUrl=/ws/info ip=0:0:0:0:0:0:0:1
2026-04-24 09:33:18.215 [SECURITY_AUDIT] WARN  - [ACCESS_DENIED] username=yuhhna2907 requestedUrl=/ws/info ip=0:0:0:0:0:0:0:1
2026-04-24 09:33:24.310 [SECURITY_AUDIT] WARN  - [ACCESS_DENIED] username=yuhhna2907 requestedUrl=/ws/info ip=0:0:0:0:0:0:0:1
2026-04-24 09:33:30.208 [SECURITY_AUDIT] WARN  - [ACCESS_DENIED] username=yuhhna2907 requestedUrl=/ws/info ip=0:0:0:0:0:0:0:1
2026-04-24 09:33:36.227 [SECURITY_AUDIT] WARN  - [ACCESS_DENIED] username=yuhhna2907 requestedUrl=/ws/info ip=0:0:0:0:0:0:0:1
2026-04-24 09:33:42.201 [SECURITY_AUDIT] WARN  - [ACCESS_DENIED] username=yuhhna2907 requestedUrl=/ws/info ip=0:0:0:0:0:0:0:1
2026-04-24 09:33:48.210 [SECURITY_AUDIT] WARN  - [ACCESS_DENIED] username=yuhhna2907 requestedUrl=/ws/info ip=0:0:0:0:0:0:0:1
2026-04-24 09:33:54.210 [SECURITY_AUDIT] WARN  - [ACCESS_DENIED] username=yuhhna2907 requestedUrl=/ws/info ip=0:0:0:0:0:0:0:1
2026-04-24 09:34:00.218 [SECURITY_AUDIT] WARN  - [ACCESS_DENIED] username=yuhhna2907 requestedUrl=/ws/info ip=0:0:0:0:0:0:0:1
2026-04-24 09:34:06.217 [SECURITY_AUDIT] WARN  - [ACCESS_DENIED] username=yuhhna2907 requestedUrl=/ws/info ip=0:0:0:0:0:0:0:1
2026-04-24 09:34:12.218 [SECURITY_AUDIT] WARN  - [ACCESS_DENIED] username=yuhhna2907 requestedUrl=/ws/info ip=0:0:0:0:0:0:0:1
2026-04-24 09:34:18.225 [SECURITY_AUDIT] WARN  - [ACCESS_DENIED] username=yuhhna2907 requestedUrl=/ws/info ip=0:0:0:0:0:0:0:1
2026-04-24 09:34:24.201 [SECURITY_AUDIT] WARN  - [ACCESS_DENIED] username=yuhhna2907 requestedUrl=/ws/info ip=0:0:0:0:0:0:0:1
2026-04-24 09:34:30.205 [SECURITY_AUDIT] WARN  - [ACCESS_DENIED] username=yuhhna2907 requestedUrl=/ws/info ip=0:0:0:0:0:0:0:1
2026-04-24 09:34:36.208 [SECURITY_AUDIT] WARN  - [ACCESS_DENIED] username=yuhhna2907 requestedUrl=/ws/info ip=0:0:0:0:0:0:0:1
2026-04-24 09:34:42.215 [SECURITY_AUDIT] WARN  - [ACCESS_DENIED] username=yuhhna2907 requestedUrl=/ws/info ip=0:0:0:0:0:0:0:1
2026-04-24 09:34:48.200 [SECURITY_AUDIT] WARN  - [ACCESS_DENIED] username=yuhhna2907 requestedUrl=/ws/info ip=0:0:0:0:0:0:0:1
2026-04-24 09:34:54.637 [SECURITY_AUDIT] WARN  - [ACCESS_DENIED] username=yuhhna2907 requestedUrl=/ws/info ip=0:0:0:0:0:0:0:1
2026-04-24 09:35:00.203 [SECURITY_AUDIT] WARN  - [ACCESS_DENIED] username=yuhhna2907 requestedUrl=/ws/info ip=0:0:0:0:0:0:0:1
2026-04-24 09:35:06.201 [SECURITY_AUDIT] WARN  - [ACCESS_DENIED] username=yuhhna2907 requestedUrl=/ws/info ip=0:0:0:0:0:0:0:1
2026-04-24 09:35:12.226 [SECURITY_AUDIT] WARN  - [ACCESS_DENIED] username=yuhhna2907 requestedUrl=/ws/info ip=0:0:0:0:0:0:0:1
2026-04-24 09:35:18.205 [SECURITY_AUDIT] WARN  - [ACCESS_DENIED] username=yuhhna2907 requestedUrl=/ws/info ip=0:0:0:0:0:0:0:1
2026-04-24 09:35:24.210 [SECURITY_AUDIT] WARN  - [ACCESS_DENIED] username=yuhhna2907 requestedUrl=/ws/info ip=0:0:0:0:0:0:0:1
2026-04-24 09:35:30.212 [SECURITY_AUDIT] WARN  - [ACCESS_DENIED] username=yuhhna2907 requestedUrl=/ws/info ip=0:0:0:0:0:0:0:1
2026-04-24 09:35:36.206 [SECURITY_AUDIT] WARN  - [ACCESS_DENIED] username=yuhhna2907 requestedUrl=/ws/info ip=0:0:0:0:0:0:0:1
2026-04-24 09:35:42.229 [SECURITY_AUDIT] WARN  - [ACCESS_DENIED] username=yuhhna2907 requestedUrl=/ws/info ip=0:0:0:0:0:0:0:1
2026-04-24 09:35:48.207 [SECURITY_AUDIT] WARN  - [ACCESS_DENIED] username=yuhhna2907 requestedUrl=/ws/info ip=0:0:0:0:0:0:0:1
2026-04-24 09:35:54.204 [SECURITY_AUDIT] WARN  - [ACCESS_DENIED] username=yuhhna2907 requestedUrl=/ws/info ip=0:0:0:0:0:0:0:1
2026-04-24 09:36:09.444 [SECURITY_AUDIT] WARN  - [ACCESS_DENIED] username=yuhhna2907 requestedUrl=/ws/info ip=0:0:0:0:0:0:0:1
2026-04-24 09:36:15.379 [SECURITY_AUDIT] WARN  - [ACCESS_DENIED] username=yuhhna2907 requestedUrl=/ws/info ip=0:0:0:0:0:0:0:1
2026-04-24 09:36:22.326 [SECURITY_AUDIT] WARN  - [ACCESS_DENIED] username=yuhhna2907 requestedUrl=/ws/info ip=0:0:0:0:0:0:0:1
2026-04-24 09:36:32.207 [SECURITY_AUDIT] WARN  - [ACCESS_DENIED] username=yuhhna2907 requestedUrl=/ws/info ip=0:0:0:0:0:0:0:1
2026-04-24 09:36:37.261 [SECURITY_AUDIT] WARN  - [ACCESS_DENIED] username=yuhhna2907 requestedUrl=/ws/info ip=0:0:0:0:0:0:0:1
2026-04-24 09:36:42.325 [SECURITY_AUDIT] WARN  - [ACCESS_DENIED] username=yuhhna2907 requestedUrl=/ws/info ip=0:0:0:0:0:0:0:1
2026-04-24 09:36:47.365 [SECURITY_AUDIT] WARN  - [ACCESS_DENIED] username=yuhhna2907 requestedUrl=/ws/info ip=0:0:0:0:0:0:0:1
2026-04-24 09:36:52.404 [SECURITY_AUDIT] WARN  - [ACCESS_DENIED] username=yuhhna2907 requestedUrl=/ws/info ip=0:0:0:0:0:0:0:1
2026-04-24 09:36:57.442 [SECURITY_AUDIT] WARN  - [ACCESS_DENIED] username=yuhhna2907 requestedUrl=/ws/info ip=0:0:0:0:0:0:0:1
2026-04-24 09:37:02.482 [SECURITY_AUDIT] WARN  - [ACCESS_DENIED] username=yuhhna2907 requestedUrl=/ws/info ip=0:0:0:0:0:0:0:1
2026-04-24 09:37:07.542 [SECURITY_AUDIT] WARN  - [ACCESS_DENIED] username=yuhhna2907 requestedUrl=/ws/info ip=0:0:0:0:0:0:0:1
2026-04-24 09:37:12.602 [SECURITY_AUDIT] WARN  - [ACCESS_DENIED] username=yuhhna2907 requestedUrl=/ws/info ip=0:0:0:0:0:0:0:1
2026-04-24 09:37:18.219 [SECURITY_AUDIT] WARN  - [ACCESS_DENIED] username=yuhhna2907 requestedUrl=/ws/info ip=0:0:0:0:0:0:0:1
2026-04-24 09:37:24.220 [SECURITY_AUDIT] WARN  - [ACCESS_DENIED] username=yuhhna2907 requestedUrl=/ws/info ip=0:0:0:0:0:0:0:1
2026-04-24 09:37:30.223 [SECURITY_AUDIT] WARN  - [ACCESS_DENIED] username=yuhhna2907 requestedUrl=/ws/info ip=0:0:0:0:0:0:0:1
2026-04-24 09:37:36.224 [SECURITY_AUDIT] WARN  - [ACCESS_DENIED] username=yuhhna2907 requestedUrl=/ws/info ip=0:0:0:0:0:0:0:1
2026-04-24 09:37:42.207 [SECURITY_AUDIT] WARN  - [ACCESS_DENIED] username=yuhhna2907 requestedUrl=/ws/info ip=0:0:0:0:0:0:0:1
2026-04-24 09:37:48.211 [SECURITY_AUDIT] WARN  - [ACCESS_DENIED] username=yuhhna2907 requestedUrl=/ws/info ip=0:0:0:0:0:0:0:1
2026-04-24 09:37:54.399 [SECURITY_AUDIT] WARN  - [ACCESS_DENIED] username=yuhhna2907 requestedUrl=/ws/info ip=0:0:0:0:0:0:0:1
2026-04-24 09:38:00.280 [SECURITY_AUDIT] WARN  - [ACCESS_DENIED] username=yuhhna2907 requestedUrl=/ws/info ip=0:0:0:0:0:0:0:1
2026-04-24 09:38:06.519 [SECURITY_AUDIT] WARN  - [ACCESS_DENIED] username=yuhhna2907 requestedUrl=/ws/info ip=0:0:0:0:0:0:0:1
2026-04-24 09:38:21.102 [SECURITY_AUDIT] WARN  - [ACCESS_DENIED] username=yuhhna2907 requestedUrl=/ws/info ip=0:0:0:0:0:0:0:1
2026-04-24 09:38:48.417 [SECURITY_AUDIT] WARN  - [ACCESS_DENIED] username=yuhhna2907 requestedUrl=/ws/info ip=0:0:0:0:0:0:0:1
2026-04-24 09:38:54.655 [SECURITY_AUDIT] WARN  - [ACCESS_DENIED] username=yuhhna2907 requestedUrl=/ws/info ip=0:0:0:0:0:0:0:1
2026-04-24 09:39:00.205 [SECURITY_AUDIT] WARN  - [ACCESS_DENIED] username=yuhhna2907 requestedUrl=/ws/info ip=0:0:0:0:0:0:0:1
2026-04-24 09:39:06.212 [SECURITY_AUDIT] WARN  - [ACCESS_DENIED] username=yuhhna2907 requestedUrl=/ws/info ip=0:0:0:0:0:0:0:1
2026-04-24 09:39:12.219 [SECURITY_AUDIT] WARN  - [ACCESS_DENIED] username=yuhhna2907 requestedUrl=/ws/info ip=0:0:0:0:0:0:0:1
2026-04-24 09:39:18.217 [SECURITY_AUDIT] WARN  - [ACCESS_DENIED] username=yuhhna2907 requestedUrl=/ws/info ip=0:0:0:0:0:0:0:1
2026-04-24 09:39:24.215 [SECURITY_AUDIT] WARN  - [ACCESS_DENIED] username=yuhhna2907 requestedUrl=/ws/info ip=0:0:0:0:0:0:0:1
2026-04-24 09:39:30.211 [SECURITY_AUDIT] WARN  - [ACCESS_DENIED] username=yuhhna2907 requestedUrl=/ws/info ip=0:0:0:0:0:0:0:1
2026-04-24 09:39:36.205 [SECURITY_AUDIT] WARN  - [ACCESS_DENIED] username=yuhhna2907 requestedUrl=/ws/info ip=0:0:0:0:0:0:0:1
2026-04-24 09:39:42.204 [SECURITY_AUDIT] WARN  - [ACCESS_DENIED] username=yuhhna2907 requestedUrl=/ws/info ip=0:0:0:0:0:0:0:1
2026-04-24 09:39:48.205 [SECURITY_AUDIT] WARN  - [ACCESS_DENIED] username=yuhhna2907 requestedUrl=/ws/info ip=0:0:0:0:0:0:0:1
2026-04-24 09:39:54.205 [SECURITY_AUDIT] WARN  - [ACCESS_DENIED] username=yuhhna2907 requestedUrl=/ws/info ip=0:0:0:0:0:0:0:1
2026-04-24 09:40:00.202 [SECURITY_AUDIT] WARN  - [ACCESS_DENIED] username=yuhhna2907 requestedUrl=/ws/info ip=0:0:0:0:0:0:0:1
2026-04-24 09:40:06.204 [SECURITY_AUDIT] WARN  - [ACCESS_DENIED] username=yuhhna2907 requestedUrl=/ws/info ip=0:0:0:0:0:0:0:1
2026-04-24 09:40:12.200 [SECURITY_AUDIT] WARN  - [ACCESS_DENIED] username=yuhhna2907 requestedUrl=/ws/info ip=0:0:0:0:0:0:0:1
2026-04-24 09:40:18.210 [SECURITY_AUDIT] WARN  - [ACCESS_DENIED] username=yuhhna2907 requestedUrl=/ws/info ip=0:0:0:0:0:0:0:1
2026-04-24 09:40:24.206 [SECURITY_AUDIT] WARN  - [ACCESS_DENIED] username=yuhhna2907 requestedUrl=/ws/info ip=0:0:0:0:0:0:0:1
2026-04-24 09:40:30.211 [SECURITY_AUDIT] WARN  - [ACCESS_DENIED] username=yuhhna2907 requestedUrl=/ws/info ip=0:0:0:0:0:0:0:1
2026-04-24 09:40:36.259 [SECURITY_AUDIT] WARN  - [ACCESS_DENIED] username=yuhhna2907 requestedUrl=/ws/info ip=0:0:0:0:0:0:0:1
2026-04-24 09:40:42.201 [SECURITY_AUDIT] WARN  - [ACCESS_DENIED] username=yuhhna2907 requestedUrl=/ws/info ip=0:0:0:0:0:0:0:1
2026-04-24 09:40:48.208 [SECURITY_AUDIT] WARN  - [ACCESS_DENIED] username=yuhhna2907 requestedUrl=/ws/info ip=0:0:0:0:0:0:0:1
2026-04-24 09:40:54.199 [SECURITY_AUDIT] WARN  - [ACCESS_DENIED] username=yuhhna2907 requestedUrl=/ws/info ip=0:0:0:0:0:0:0:1
2026-04-24 09:41:00.199 [SECURITY_AUDIT] WARN  - [ACCESS_DENIED] username=yuhhna2907 requestedUrl=/ws/info ip=0:0:0:0:0:0:0:1
2026-04-24 09:41:06.198 [SECURITY_AUDIT] WARN  - [ACCESS_DENIED] username=yuhhna2907 requestedUrl=/ws/info ip=0:0:0:0:0:0:0:1
2026-04-24 09:41:12.198 [SECURITY_AUDIT] WARN  - [ACCESS_DENIED] username=yuhhna2907 requestedUrl=/ws/info ip=0:0:0:0:0:0:0:1
2026-04-24 09:41:18.207 [SECURITY_AUDIT] WARN  - [ACCESS_DENIED] username=yuhhna2907 requestedUrl=/ws/info ip=0:0:0:0:0:0:0:1
2026-04-24 09:41:24.210 [SECURITY_AUDIT] WARN  - [ACCESS_DENIED] username=yuhhna2907 requestedUrl=/ws/info ip=0:0:0:0:0:0:0:1
2026-04-24 09:41:30.223 [SECURITY_AUDIT] WARN  - [ACCESS_DENIED] username=yuhhna2907 requestedUrl=/ws/info ip=0:0:0:0:0:0:0:1
2026-04-24 09:41:36.207 [SECURITY_AUDIT] WARN  - [ACCESS_DENIED] username=yuhhna2907 requestedUrl=/ws/info ip=0:0:0:0:0:0:0:1
2026-04-24 09:41:42.207 [SECURITY_AUDIT] WARN  - [ACCESS_DENIED] username=yuhhna2907 requestedUrl=/ws/info ip=0:0:0:0:0:0:0:1
2026-04-24 09:41:48.199 [SECURITY_AUDIT] WARN  - [ACCESS_DENIED] username=yuhhna2907 requestedUrl=/ws/info ip=0:0:0:0:0:0:0:1
2026-04-24 09:41:54.207 [SECURITY_AUDIT] WARN  - [ACCESS_DENIED] username=yuhhna2907 requestedUrl=/ws/info ip=0:0:0:0:0:0:0:1
2026-04-24 09:42:00.205 [SECURITY_AUDIT] WARN  - [ACCESS_DENIED] username=yuhhna2907 requestedUrl=/ws/info ip=0:0:0:0:0:0:0:1
2026-04-24 09:42:06.205 [SECURITY_AUDIT] WARN  - [ACCESS_DENIED] username=yuhhna2907 requestedUrl=/ws/info ip=0:0:0:0:0:0:0:1
2026-04-24 09:42:12.204 [SECURITY_AUDIT] WARN  - [ACCESS_DENIED] username=yuhhna2907 requestedUrl=/ws/info ip=0:0:0:0:0:0:0:1
2026-04-24 09:42:18.202 [SECURITY_AUDIT] WARN  - [ACCESS_DENIED] username=yuhhna2907 requestedUrl=/ws/info ip=0:0:0:0:0:0:0:1
2026-04-24 09:42:24.208 [SECURITY_AUDIT] WARN  - [ACCESS_DENIED] username=yuhhna2907 requestedUrl=/ws/info ip=0:0:0:0:0:0:0:1
2026-04-24 09:42:30.201 [SECURITY_AUDIT] WARN  - [ACCESS_DENIED] username=yuhhna2907 requestedUrl=/ws/info ip=0:0:0:0:0:0:0:1
2026-04-24 09:42:36.210 [SECURITY_AUDIT] WARN  - [ACCESS_DENIED] username=yuhhna2907 requestedUrl=/ws/info ip=0:0:0:0:0:0:0:1
2026-04-24 09:42:42.200 [SECURITY_AUDIT] WARN  - [ACCESS_DENIED] username=yuhhna2907 requestedUrl=/ws/info ip=0:0:0:0:0:0:0:1
2026-04-24 09:42:48.207 [SECURITY_AUDIT] WARN  - [ACCESS_DENIED] username=yuhhna2907 requestedUrl=/ws/info ip=0:0:0:0:0:0:0:1
2026-04-24 09:42:54.214 [SECURITY_AUDIT] WARN  - [ACCESS_DENIED] username=yuhhna2907 requestedUrl=/ws/info ip=0:0:0:0:0:0:0:1
2026-04-24 09:43:00.215 [SECURITY_AUDIT] WARN  - [ACCESS_DENIED] username=yuhhna2907 requestedUrl=/ws/info ip=0:0:0:0:0:0:0:1
2026-04-24 09:43:06.208 [SECURITY_AUDIT] WARN  - [ACCESS_DENIED] username=yuhhna2907 requestedUrl=/ws/info ip=0:0:0:0:0:0:0:1
2026-04-24 09:43:12.203 [SECURITY_AUDIT] WARN  - [ACCESS_DENIED] username=yuhhna2907 requestedUrl=/ws/info ip=0:0:0:0:0:0:0:1
2026-04-24 09:43:18.206 [SECURITY_AUDIT] WARN  - [ACCESS_DENIED] username=yuhhna2907 requestedUrl=/ws/info ip=0:0:0:0:0:0:0:1
2026-04-24 09:43:24.211 [SECURITY_AUDIT] WARN  - [ACCESS_DENIED] username=yuhhna2907 requestedUrl=/ws/info ip=0:0:0:0:0:0:0:1
2026-04-24 09:43:30.207 [SECURITY_AUDIT] WARN  - [ACCESS_DENIED] username=yuhhna2907 requestedUrl=/ws/info ip=0:0:0:0:0:0:0:1
2026-04-24 09:43:36.204 [SECURITY_AUDIT] WARN  - [ACCESS_DENIED] username=yuhhna2907 requestedUrl=/ws/info ip=0:0:0:0:0:0:0:1
2026-04-24 09:43:42.203 [SECURITY_AUDIT] WARN  - [ACCESS_DENIED] username=yuhhna2907 requestedUrl=/ws/info ip=0:0:0:0:0:0:0:1
2026-04-24 09:43:48.203 [SECURITY_AUDIT] WARN  - [ACCESS_DENIED] username=yuhhna2907 requestedUrl=/ws/info ip=0:0:0:0:0:0:0:1
2026-04-24 09:43:54.206 [SECURITY_AUDIT] WARN  - [ACCESS_DENIED] username=yuhhna2907 requestedUrl=/ws/info ip=0:0:0:0:0:0:0:1
2026-04-24 09:44:00.202 [SECURITY_AUDIT] WARN  - [ACCESS_DENIED] username=yuhhna2907 requestedUrl=/ws/info ip=0:0:0:0:0:0:0:1
2026-04-24 09:44:06.199 [SECURITY_AUDIT] WARN  - [ACCESS_DENIED] username=yuhhna2907 requestedUrl=/ws/info ip=0:0:0:0:0:0:0:1
2026-04-24 09:44:12.201 [SECURITY_AUDIT] WARN  - [ACCESS_DENIED] username=yuhhna2907 requestedUrl=/ws/info ip=0:0:0:0:0:0:0:1
2026-04-24 09:44:18.198 [SECURITY_AUDIT] WARN  - [ACCESS_DENIED] username=yuhhna2907 requestedUrl=/ws/info ip=0:0:0:0:0:0:0:1
2026-04-24 09:44:24.201 [SECURITY_AUDIT] WARN  - [ACCESS_DENIED] username=yuhhna2907 requestedUrl=/ws/info ip=0:0:0:0:0:0:0:1
2026-04-24 09:44:30.199 [SECURITY_AUDIT] WARN  - [ACCESS_DENIED] username=yuhhna2907 requestedUrl=/ws/info ip=0:0:0:0:0:0:0:1
2026-04-24 09:44:36.198 [SECURITY_AUDIT] WARN  - [ACCESS_DENIED] username=yuhhna2907 requestedUrl=/ws/info ip=0:0:0:0:0:0:0:1
2026-04-24 09:44:42.225 [SECURITY_AUDIT] WARN  - [ACCESS_DENIED] username=yuhhna2907 requestedUrl=/ws/info ip=0:0:0:0:0:0:0:1
2026-04-24 09:44:48.216 [SECURITY_AUDIT] WARN  - [ACCESS_DENIED] username=yuhhna2907 requestedUrl=/ws/info ip=0:0:0:0:0:0:0:1
2026-04-24 09:44:54.207 [SECURITY_AUDIT] WARN  - [ACCESS_DENIED] username=yuhhna2907 requestedUrl=/ws/info ip=0:0:0:0:0:0:0:1
2026-04-24 09:45:00.207 [SECURITY_AUDIT] WARN  - [ACCESS_DENIED] username=yuhhna2907 requestedUrl=/ws/info ip=0:0:0:0:0:0:0:1
2026-04-24 09:45:06.206 [SECURITY_AUDIT] WARN  - [ACCESS_DENIED] username=yuhhna2907 requestedUrl=/ws/info ip=0:0:0:0:0:0:0:1
2026-04-24 09:45:12.229 [SECURITY_AUDIT] WARN  - [ACCESS_DENIED] username=yuhhna2907 requestedUrl=/ws/info ip=0:0:0:0:0:0:0:1
2026-04-24 09:45:18.204 [SECURITY_AUDIT] WARN  - [ACCESS_DENIED] username=yuhhna2907 requestedUrl=/ws/info ip=0:0:0:0:0:0:0:1
2026-04-24 09:45:24.209 [SECURITY_AUDIT] WARN  - [ACCESS_DENIED] username=yuhhna2907 requestedUrl=/ws/info ip=0:0:0:0:0:0:0:1
2026-04-24 09:45:30.202 [SECURITY_AUDIT] WARN  - [ACCESS_DENIED] username=yuhhna2907 requestedUrl=/ws/info ip=0:0:0:0:0:0:0:1
2026-04-24 09:45:36.232 [SECURITY_AUDIT] WARN  - [ACCESS_DENIED] username=yuhhna2907 requestedUrl=/ws/info ip=0:0:0:0:0:0:0:1
2026-04-24 09:45:42.197 [SECURITY_AUDIT] WARN  - [ACCESS_DENIED] username=yuhhna2907 requestedUrl=/ws/info ip=0:0:0:0:0:0:0:1
2026-04-24 09:45:48.200 [SECURITY_AUDIT] WARN  - [ACCESS_DENIED] username=yuhhna2907 requestedUrl=/ws/info ip=0:0:0:0:0:0:0:1
2026-04-24 09:45:54.200 [SECURITY_AUDIT] WARN  - [ACCESS_DENIED] username=yuhhna2907 requestedUrl=/ws/info ip=0:0:0:0:0:0:0:1
2026-04-24 09:46:00.209 [SECURITY_AUDIT] WARN  - [ACCESS_DENIED] username=yuhhna2907 requestedUrl=/ws/info ip=0:0:0:0:0:0:0:1
2026-04-24 09:46:06.205 [SECURITY_AUDIT] WARN  - [ACCESS_DENIED] username=yuhhna2907 requestedUrl=/ws/info ip=0:0:0:0:0:0:0:1
2026-04-24 09:46:12.204 [SECURITY_AUDIT] WARN  - [ACCESS_DENIED] username=yuhhna2907 requestedUrl=/ws/info ip=0:0:0:0:0:0:0:1
2026-04-24 09:46:18.205 [SECURITY_AUDIT] WARN  - [ACCESS_DENIED] username=yuhhna2907 requestedUrl=/ws/info ip=0:0:0:0:0:0:0:1
2026-04-24 09:46:24.203 [SECURITY_AUDIT] WARN  - [ACCESS_DENIED] username=yuhhna2907 requestedUrl=/ws/info ip=0:0:0:0:0:0:0:1
2026-04-24 09:46:30.202 [SECURITY_AUDIT] WARN  - [ACCESS_DENIED] username=yuhhna2907 requestedUrl=/ws/info ip=0:0:0:0:0:0:0:1
2026-04-24 09:46:36.206 [SECURITY_AUDIT] WARN  - [ACCESS_DENIED] username=yuhhna2907 requestedUrl=/ws/info ip=0:0:0:0:0:0:0:1
2026-04-24 09:46:42.213 [SECURITY_AUDIT] WARN  - [ACCESS_DENIED] username=yuhhna2907 requestedUrl=/ws/info ip=0:0:0:0:0:0:0:1
2026-04-24 09:46:48.210 [SECURITY_AUDIT] WARN  - [ACCESS_DENIED] username=yuhhna2907 requestedUrl=/ws/info ip=0:0:0:0:0:0:0:1
2026-04-24 09:46:54.202 [SECURITY_AUDIT] WARN  - [ACCESS_DENIED] username=yuhhna2907 requestedUrl=/ws/info ip=0:0:0:0:0:0:0:1
2026-04-24 09:47:00.206 [SECURITY_AUDIT] WARN  - [ACCESS_DENIED] username=yuhhna2907 requestedUrl=/ws/info ip=0:0:0:0:0:0:0:1
2026-04-24 09:47:06.208 [SECURITY_AUDIT] WARN  - [ACCESS_DENIED] username=yuhhna2907 requestedUrl=/ws/info ip=0:0:0:0:0:0:0:1
2026-04-24 09:47:12.201 [SECURITY_AUDIT] WARN  - [ACCESS_DENIED] username=yuhhna2907 requestedUrl=/ws/info ip=0:0:0:0:0:0:0:1
2026-04-24 09:47:18.213 [SECURITY_AUDIT] WARN  - [ACCESS_DENIED] username=yuhhna2907 requestedUrl=/ws/info ip=0:0:0:0:0:0:0:1
2026-04-24 09:47:24.217 [SECURITY_AUDIT] WARN  - [ACCESS_DENIED] username=yuhhna2907 requestedUrl=/ws/info ip=0:0:0:0:0:0:0:1
2026-04-24 09:47:30.202 [SECURITY_AUDIT] WARN  - [ACCESS_DENIED] username=yuhhna2907 requestedUrl=/ws/info ip=0:0:0:0:0:0:0:1
2026-04-24 09:47:36.202 [SECURITY_AUDIT] WARN  - [ACCESS_DENIED] username=yuhhna2907 requestedUrl=/ws/info ip=0:0:0:0:0:0:0:1
2026-04-24 09:47:41.240 [SECURITY_AUDIT] WARN  - [ACCESS_DENIED] username=yuhhna2907 requestedUrl=/ws/info ip=0:0:0:0:0:0:0:1
2026-04-24 09:47:46.273 [SECURITY_AUDIT] WARN  - [ACCESS_DENIED] username=yuhhna2907 requestedUrl=/ws/info ip=0:0:0:0:0:0:0:1
2026-04-24 09:47:51.307 [SECURITY_AUDIT] WARN  - [ACCESS_DENIED] username=yuhhna2907 requestedUrl=/ws/info ip=0:0:0:0:0:0:0:1
2026-04-24 09:47:56.334 [SECURITY_AUDIT] WARN  - [ACCESS_DENIED] username=yuhhna2907 requestedUrl=/ws/info ip=0:0:0:0:0:0:0:1
2026-04-24 09:48:01.368 [SECURITY_AUDIT] WARN  - [ACCESS_DENIED] username=yuhhna2907 requestedUrl=/ws/info ip=0:0:0:0:0:0:0:1
2026-04-24 09:48:06.397 [SECURITY_AUDIT] WARN  - [ACCESS_DENIED] username=yuhhna2907 requestedUrl=/ws/info ip=0:0:0:0:0:0:0:1
2026-04-24 09:48:11.427 [SECURITY_AUDIT] WARN  - [ACCESS_DENIED] username=yuhhna2907 requestedUrl=/ws/info ip=0:0:0:0:0:0:0:1
2026-04-24 09:48:16.458 [SECURITY_AUDIT] WARN  - [ACCESS_DENIED] username=yuhhna2907 requestedUrl=/ws/info ip=0:0:0:0:0:0:0:1
2026-04-24 09:48:21.488 [SECURITY_AUDIT] WARN  - [ACCESS_DENIED] username=yuhhna2907 requestedUrl=/ws/info ip=0:0:0:0:0:0:0:1
2026-04-24 09:48:26.520 [SECURITY_AUDIT] WARN  - [ACCESS_DENIED] username=yuhhna2907 requestedUrl=/ws/info ip=0:0:0:0:0:0:0:1
2026-04-24 09:48:31.544 [SECURITY_AUDIT] WARN  - [ACCESS_DENIED] username=yuhhna2907 requestedUrl=/ws/info ip=0:0:0:0:0:0:0:1
2026-04-24 09:48:36.573 [SECURITY_AUDIT] WARN  - [ACCESS_DENIED] username=yuhhna2907 requestedUrl=/ws/info ip=0:0:0:0:0:0:0:1
2026-04-24 09:48:41.599 [SECURITY_AUDIT] WARN  - [ACCESS_DENIED] username=yuhhna2907 requestedUrl=/ws/info ip=0:0:0:0:0:0:0:1
2026-04-24 09:48:46.627 [SECURITY_AUDIT] WARN  - [ACCESS_DENIED] username=yuhhna2907 requestedUrl=/ws/info ip=0:0:0:0:0:0:0:1
2026-04-24 09:48:51.654 [SECURITY_AUDIT] WARN  - [ACCESS_DENIED] username=yuhhna2907 requestedUrl=/ws/info ip=0:0:0:0:0:0:0:1
2026-04-24 09:48:56.682 [SECURITY_AUDIT] WARN  - [ACCESS_DENIED] username=yuhhna2907 requestedUrl=/ws/info ip=0:0:0:0:0:0:0:1
2026-04-24 09:49:01.717 [SECURITY_AUDIT] WARN  - [ACCESS_DENIED] username=yuhhna2907 requestedUrl=/ws/info ip=0:0:0:0:0:0:0:1
2026-04-24 09:49:06.756 [SECURITY_AUDIT] WARN  - [ACCESS_DENIED] username=yuhhna2907 requestedUrl=/ws/info ip=0:0:0:0:0:0:0:1
2026-04-24 09:49:11.787 [SECURITY_AUDIT] WARN  - [ACCESS_DENIED] username=yuhhna2907 requestedUrl=/ws/info ip=0:0:0:0:0:0:0:1
2026-04-24 09:49:16.812 [SECURITY_AUDIT] WARN  - [ACCESS_DENIED] username=yuhhna2907 requestedUrl=/ws/info ip=0:0:0:0:0:0:0:1
2026-04-24 09:49:21.846 [SECURITY_AUDIT] WARN  - [ACCESS_DENIED] username=yuhhna2907 requestedUrl=/ws/info ip=0:0:0:0:0:0:0:1
2026-04-24 09:49:26.879 [SECURITY_AUDIT] WARN  - [ACCESS_DENIED] username=yuhhna2907 requestedUrl=/ws/info ip=0:0:0:0:0:0:0:1
2026-04-24 09:49:31.906 [SECURITY_AUDIT] WARN  - [ACCESS_DENIED] username=yuhhna2907 requestedUrl=/ws/info ip=0:0:0:0:0:0:0:1
2026-04-24 09:49:36.935 [SECURITY_AUDIT] WARN  - [ACCESS_DENIED] username=yuhhna2907 requestedUrl=/ws/info ip=0:0:0:0:0:0:0:1
2026-04-24 09:49:41.964 [SECURITY_AUDIT] WARN  - [ACCESS_DENIED] username=yuhhna2907 requestedUrl=/ws/info ip=0:0:0:0:0:0:0:1
2026-04-24 09:49:46.993 [SECURITY_AUDIT] WARN  - [ACCESS_DENIED] username=yuhhna2907 requestedUrl=/ws/info ip=0:0:0:0:0:0:0:1
2026-04-24 09:49:52.018 [SECURITY_AUDIT] WARN  - [ACCESS_DENIED] username=yuhhna2907 requestedUrl=/ws/info ip=0:0:0:0:0:0:0:1
2026-04-24 09:49:57.042 [SECURITY_AUDIT] WARN  - [ACCESS_DENIED] username=yuhhna2907 requestedUrl=/ws/info ip=0:0:0:0:0:0:0:1
2026-04-24 09:50:02.070 [SECURITY_AUDIT] WARN  - [ACCESS_DENIED] username=yuhhna2907 requestedUrl=/ws/info ip=0:0:0:0:0:0:0:1
2026-04-24 09:50:07.094 [SECURITY_AUDIT] WARN  - [ACCESS_DENIED] username=yuhhna2907 requestedUrl=/ws/info ip=0:0:0:0:0:0:0:1
2026-04-24 09:50:12.116 [SECURITY_AUDIT] WARN  - [ACCESS_DENIED] username=yuhhna2907 requestedUrl=/ws/info ip=0:0:0:0:0:0:0:1
2026-04-24 09:50:17.145 [SECURITY_AUDIT] WARN  - [ACCESS_DENIED] username=yuhhna2907 requestedUrl=/ws/info ip=0:0:0:0:0:0:0:1
2026-04-24 09:50:22.205 [SECURITY_AUDIT] WARN  - [ACCESS_DENIED] username=yuhhna2907 requestedUrl=/ws/info ip=0:0:0:0:0:0:0:1
2026-04-24 09:50:27.236 [SECURITY_AUDIT] WARN  - [ACCESS_DENIED] username=yuhhna2907 requestedUrl=/ws/info ip=0:0:0:0:0:0:0:1
2026-04-24 09:50:32.265 [SECURITY_AUDIT] WARN  - [ACCESS_DENIED] username=yuhhna2907 requestedUrl=/ws/info ip=0:0:0:0:0:0:0:1
2026-04-24 09:50:37.299 [SECURITY_AUDIT] WARN  - [ACCESS_DENIED] username=yuhhna2907 requestedUrl=/ws/info ip=0:0:0:0:0:0:0:1
2026-04-24 09:50:42.325 [SECURITY_AUDIT] WARN  - [ACCESS_DENIED] username=yuhhna2907 requestedUrl=/ws/info ip=0:0:0:0:0:0:0:1
2026-04-24 09:50:47.355 [SECURITY_AUDIT] WARN  - [ACCESS_DENIED] username=yuhhna2907 requestedUrl=/ws/info ip=0:0:0:0:0:0:0:1
2026-04-24 09:50:52.422 [SECURITY_AUDIT] WARN  - [ACCESS_DENIED] username=yuhhna2907 requestedUrl=/ws/info ip=0:0:0:0:0:0:0:1
2026-04-24 09:50:57.445 [SECURITY_AUDIT] WARN  - [ACCESS_DENIED] username=yuhhna2907 requestedUrl=/ws/info ip=0:0:0:0:0:0:0:1
2026-04-24 09:51:02.475 [SECURITY_AUDIT] WARN  - [ACCESS_DENIED] username=yuhhna2907 requestedUrl=/ws/info ip=0:0:0:0:0:0:0:1
2026-04-24 09:51:07.509 [SECURITY_AUDIT] WARN  - [ACCESS_DENIED] username=yuhhna2907 requestedUrl=/ws/info ip=0:0:0:0:0:0:0:1
2026-04-24 09:51:12.539 [SECURITY_AUDIT] WARN  - [ACCESS_DENIED] username=yuhhna2907 requestedUrl=/ws/info ip=0:0:0:0:0:0:0:1
2026-04-24 09:51:17.563 [SECURITY_AUDIT] WARN  - [ACCESS_DENIED] username=yuhhna2907 requestedUrl=/ws/info ip=0:0:0:0:0:0:0:1
2026-04-24 09:51:52.273 [SECURITY_AUDIT] WARN  - [ACCESS_DENIED] username=yuhhna2907 requestedUrl=/ws/info ip=0:0:0:0:0:0:0:1
2026-04-24 09:51:57.562 [SECURITY_AUDIT] WARN  - [ACCESS_DENIED] username=yuhhna2907 requestedUrl=/ws/info ip=0:0:0:0:0:0:0:1
2026-04-24 09:52:02.604 [SECURITY_AUDIT] WARN  - [ACCESS_DENIED] username=yuhhna2907 requestedUrl=/ws/info ip=0:0:0:0:0:0:0:1
2026-04-24 09:52:07.647 [SECURITY_AUDIT] WARN  - [ACCESS_DENIED] username=yuhhna2907 requestedUrl=/ws/info ip=0:0:0:0:0:0:0:1
2026-04-24 09:52:12.698 [SECURITY_AUDIT] WARN  - [ACCESS_DENIED] username=yuhhna2907 requestedUrl=/ws/info ip=0:0:0:0:0:0:0:1
2026-04-24 09:52:17.747 [SECURITY_AUDIT] WARN  - [ACCESS_DENIED] username=yuhhna2907 requestedUrl=/ws/info ip=0:0:0:0:0:0:0:1
2026-04-24 09:52:22.779 [SECURITY_AUDIT] WARN  - [ACCESS_DENIED] username=yuhhna2907 requestedUrl=/ws/info ip=0:0:0:0:0:0:0:1
2026-04-24 09:52:27.811 [SECURITY_AUDIT] WARN  - [ACCESS_DENIED] username=yuhhna2907 requestedUrl=/ws/info ip=0:0:0:0:0:0:0:1
2026-04-24 09:52:32.862 [SECURITY_AUDIT] WARN  - [ACCESS_DENIED] username=yuhhna2907 requestedUrl=/ws/info ip=0:0:0:0:0:0:0:1
2026-04-24 09:52:36.516 [SECURITY_AUDIT] WARN  - [ACCESS_DENIED] username=yuhhna2907 requestedUrl=/ws/info ip=0:0:0:0:0:0:0:1
2026-04-24 09:52:41.823 [SECURITY_AUDIT] WARN  - [ACCESS_DENIED] username=yuhhna2907 requestedUrl=/ws/info ip=0:0:0:0:0:0:0:1
2026-04-24 09:52:46.856 [SECURITY_AUDIT] WARN  - [ACCESS_DENIED] username=yuhhna2907 requestedUrl=/ws/info ip=0:0:0:0:0:0:0:1
2026-04-24 09:52:51.901 [SECURITY_AUDIT] WARN  - [ACCESS_DENIED] username=yuhhna2907 requestedUrl=/ws/info ip=0:0:0:0:0:0:0:1
2026-04-24 09:52:56.944 [SECURITY_AUDIT] WARN  - [ACCESS_DENIED] username=yuhhna2907 requestedUrl=/ws/info ip=0:0:0:0:0:0:0:1
2026-04-24 09:53:01.986 [SECURITY_AUDIT] WARN  - [ACCESS_DENIED] username=yuhhna2907 requestedUrl=/ws/info ip=0:0:0:0:0:0:0:1
2026-04-24 09:53:07.030 [SECURITY_AUDIT] WARN  - [ACCESS_DENIED] username=yuhhna2907 requestedUrl=/ws/info ip=0:0:0:0:0:0:0:1
2026-04-24 09:53:12.070 [SECURITY_AUDIT] WARN  - [ACCESS_DENIED] username=yuhhna2907 requestedUrl=/ws/info ip=0:0:0:0:0:0:0:1
2026-04-24 09:53:17.105 [SECURITY_AUDIT] WARN  - [ACCESS_DENIED] username=yuhhna2907 requestedUrl=/ws/info ip=0:0:0:0:0:0:0:1
2026-04-24 09:53:22.311 [SECURITY_AUDIT] WARN  - [ACCESS_DENIED] username=yuhhna2907 requestedUrl=/ws/info ip=0:0:0:0:0:0:0:1
2026-04-24 09:53:28.209 [SECURITY_AUDIT] WARN  - [ACCESS_DENIED] username=yuhhna2907 requestedUrl=/ws/info ip=0:0:0:0:0:0:0:1
2026-04-24 09:53:34.783 [SECURITY_AUDIT] WARN  - [ACCESS_DENIED] username=yuhhna2907 requestedUrl=/ws/info ip=0:0:0:0:0:0:0:1
2026-04-24 09:53:40.209 [SECURITY_AUDIT] WARN  - [ACCESS_DENIED] username=yuhhna2907 requestedUrl=/ws/info ip=0:0:0:0:0:0:0:1
2026-04-24 09:53:46.214 [SECURITY_AUDIT] WARN  - [ACCESS_DENIED] username=yuhhna2907 requestedUrl=/ws/info ip=0:0:0:0:0:0:0:1
2026-04-24 09:53:52.229 [SECURITY_AUDIT] WARN  - [ACCESS_DENIED] username=yuhhna2907 requestedUrl=/ws/info ip=0:0:0:0:0:0:0:1
2026-04-24 09:53:58.206 [SECURITY_AUDIT] WARN  - [ACCESS_DENIED] username=yuhhna2907 requestedUrl=/ws/info ip=0:0:0:0:0:0:0:1
2026-04-24 09:54:04.210 [SECURITY_AUDIT] WARN  - [ACCESS_DENIED] username=yuhhna2907 requestedUrl=/ws/info ip=0:0:0:0:0:0:0:1
2026-04-24 09:54:10.212 [SECURITY_AUDIT] WARN  - [ACCESS_DENIED] username=yuhhna2907 requestedUrl=/ws/info ip=0:0:0:0:0:0:0:1
2026-04-24 09:54:16.206 [SECURITY_AUDIT] WARN  - [ACCESS_DENIED] username=yuhhna2907 requestedUrl=/ws/info ip=0:0:0:0:0:0:0:1
2026-04-24 09:54:48.622 [SECURITY_AUDIT] WARN  - [ACCESS_DENIED] username=yuhhna2907 requestedUrl=/ws/info ip=127.0.0.1
2026-04-24 09:54:54.212 [SECURITY_AUDIT] WARN  - [ACCESS_DENIED] username=yuhhna2907 requestedUrl=/ws/info ip=127.0.0.1
2026-04-24 09:54:59.261 [SECURITY_AUDIT] WARN  - [ACCESS_DENIED] username=yuhhna2907 requestedUrl=/ws/info ip=0:0:0:0:0:0:0:1
2026-04-24 09:55:00.253 [SECURITY_AUDIT] WARN  - [ACCESS_DENIED] username=yuhhna2907 requestedUrl=/qa/products/33/questions ip=0:0:0:0:0:0:0:1
2026-04-24 09:55:00.253 [SECURITY_AUDIT] WARN  - [ACCESS_DENIED] username=yuhhna2907 requestedUrl=/qa/products/33/questions ip=0:0:0:0:0:0:0:1
2026-04-24 09:55:00.791 [SECURITY_AUDIT] WARN  - [ACCESS_DENIED] username=yuhhna2907 requestedUrl=/ws/info ip=0:0:0:0:0:0:0:1
2026-04-24 09:55:05.943 [SECURITY_AUDIT] WARN  - [ACCESS_DENIED] username=yuhhna2907 requestedUrl=/ws/info ip=0:0:0:0:0:0:0:1
2026-04-24 09:55:10.979 [SECURITY_AUDIT] WARN  - [ACCESS_DENIED] username=yuhhna2907 requestedUrl=/ws/info ip=0:0:0:0:0:0:0:1
2026-04-24 09:55:16.209 [SECURITY_AUDIT] WARN  - [ACCESS_DENIED] username=yuhhna2907 requestedUrl=/ws/info ip=0:0:0:0:0:0:0:1
2026-04-24 09:55:22.209 [SECURITY_AUDIT] WARN  - [ACCESS_DENIED] username=yuhhna2907 requestedUrl=/ws/info ip=0:0:0:0:0:0:0:1
2026-04-24 09:55:28.205 [SECURITY_AUDIT] WARN  - [ACCESS_DENIED] username=yuhhna2907 requestedUrl=/ws/info ip=0:0:0:0:0:0:0:1
2026-04-24 09:55:34.215 [SECURITY_AUDIT] WARN  - [ACCESS_DENIED] username=yuhhna2907 requestedUrl=/ws/info ip=0:0:0:0:0:0:0:1
2026-04-24 09:55:40.339 [SECURITY_AUDIT] WARN  - [ACCESS_DENIED] username=yuhhna2907 requestedUrl=/ws/info ip=0:0:0:0:0:0:0:1
2026-04-24 09:55:46.213 [SECURITY_AUDIT] WARN  - [ACCESS_DENIED] username=yuhhna2907 requestedUrl=/ws/info ip=0:0:0:0:0:0:0:1
2026-04-24 09:55:52.209 [SECURITY_AUDIT] WARN  - [ACCESS_DENIED] username=yuhhna2907 requestedUrl=/ws/info ip=0:0:0:0:0:0:0:1
2026-04-24 09:55:58.212 [SECURITY_AUDIT] WARN  - [ACCESS_DENIED] username=yuhhna2907 requestedUrl=/ws/info ip=0:0:0:0:0:0:0:1
2026-04-24 09:56:04.209 [SECURITY_AUDIT] WARN  - [ACCESS_DENIED] username=yuhhna2907 requestedUrl=/ws/info ip=0:0:0:0:0:0:0:1
2026-04-24 09:56:10.214 [SECURITY_AUDIT] WARN  - [ACCESS_DENIED] username=yuhhna2907 requestedUrl=/ws/info ip=0:0:0:0:0:0:0:1
2026-04-24 09:56:16.218 [SECURITY_AUDIT] WARN  - [ACCESS_DENIED] username=yuhhna2907 requestedUrl=/ws/info ip=0:0:0:0:0:0:0:1
2026-04-24 09:56:22.207 [SECURITY_AUDIT] WARN  - [ACCESS_DENIED] username=yuhhna2907 requestedUrl=/ws/info ip=0:0:0:0:0:0:0:1
2026-04-24 09:56:28.204 [SECURITY_AUDIT] WARN  - [ACCESS_DENIED] username=yuhhna2907 requestedUrl=/ws/info ip=0:0:0:0:0:0:0:1
2026-04-24 09:56:34.216 [SECURITY_AUDIT] WARN  - [ACCESS_DENIED] username=yuhhna2907 requestedUrl=/ws/info ip=0:0:0:0:0:0:0:1
2026-04-24 09:56:40.320 [SECURITY_AUDIT] WARN  - [ACCESS_DENIED] username=yuhhna2907 requestedUrl=/ws/info ip=0:0:0:0:0:0:0:1
2026-04-24 09:56:46.205 [SECURITY_AUDIT] WARN  - [ACCESS_DENIED] username=yuhhna2907 requestedUrl=/ws/info ip=0:0:0:0:0:0:0:1
2026-04-24 09:56:52.217 [SECURITY_AUDIT] WARN  - [ACCESS_DENIED] username=yuhhna2907 requestedUrl=/ws/info ip=0:0:0:0:0:0:0:1
2026-04-24 09:56:58.215 [SECURITY_AUDIT] WARN  - [ACCESS_DENIED] username=yuhhna2907 requestedUrl=/ws/info ip=0:0:0:0:0:0:0:1
2026-04-24 09:57:04.204 [SECURITY_AUDIT] WARN  - [ACCESS_DENIED] username=yuhhna2907 requestedUrl=/ws/info ip=0:0:0:0:0:0:0:1
2026-04-24 09:57:10.389 [SECURITY_AUDIT] WARN  - [ACCESS_DENIED] username=yuhhna2907 requestedUrl=/ws/info ip=0:0:0:0:0:0:0:1
2026-04-24 09:57:16.211 [SECURITY_AUDIT] WARN  - [ACCESS_DENIED] username=yuhhna2907 requestedUrl=/ws/info ip=0:0:0:0:0:0:0:1
2026-04-24 09:57:22.214 [SECURITY_AUDIT] WARN  - [ACCESS_DENIED] username=yuhhna2907 requestedUrl=/ws/info ip=0:0:0:0:0:0:0:1
2026-04-24 09:57:28.204 [SECURITY_AUDIT] WARN  - [ACCESS_DENIED] username=yuhhna2907 requestedUrl=/ws/info ip=0:0:0:0:0:0:0:1
2026-04-24 09:57:34.211 [SECURITY_AUDIT] WARN  - [ACCESS_DENIED] username=yuhhna2907 requestedUrl=/ws/info ip=0:0:0:0:0:0:0:1
2026-04-24 09:57:40.214 [SECURITY_AUDIT] WARN  - [ACCESS_DENIED] username=yuhhna2907 requestedUrl=/ws/info ip=0:0:0:0:0:0:0:1
2026-04-24 09:57:46.207 [SECURITY_AUDIT] WARN  - [ACCESS_DENIED] username=yuhhna2907 requestedUrl=/ws/info ip=0:0:0:0:0:0:0:1
2026-04-24 09:57:52.214 [SECURITY_AUDIT] WARN  - [ACCESS_DENIED] username=yuhhna2907 requestedUrl=/ws/info ip=0:0:0:0:0:0:0:1
2026-04-24 09:57:58.201 [SECURITY_AUDIT] WARN  - [ACCESS_DENIED] username=yuhhna2907 requestedUrl=/ws/info ip=0:0:0:0:0:0:0:1
2026-04-24 09:58:04.216 [SECURITY_AUDIT] WARN  - [ACCESS_DENIED] username=yuhhna2907 requestedUrl=/ws/info ip=0:0:0:0:0:0:0:1
2026-04-24 09:58:10.202 [SECURITY_AUDIT] WARN  - [ACCESS_DENIED] username=yuhhna2907 requestedUrl=/ws/info ip=0:0:0:0:0:0:0:1
2026-04-24 09:58:16.201 [SECURITY_AUDIT] WARN  - [ACCESS_DENIED] username=yuhhna2907 requestedUrl=/ws/info ip=0:0:0:0:0:0:0:1
2026-04-24 09:58:22.206 [SECURITY_AUDIT] WARN  - [ACCESS_DENIED] username=yuhhna2907 requestedUrl=/ws/info ip=0:0:0:0:0:0:0:1
2026-04-24 09:58:28.201 [SECURITY_AUDIT] WARN  - [ACCESS_DENIED] username=yuhhna2907 requestedUrl=/ws/info ip=0:0:0:0:0:0:0:1
2026-04-24 09:58:34.212 [SECURITY_AUDIT] WARN  - [ACCESS_DENIED] username=yuhhna2907 requestedUrl=/ws/info ip=0:0:0:0:0:0:0:1
2026-04-24 09:58:40.204 [SECURITY_AUDIT] WARN  - [ACCESS_DENIED] username=yuhhna2907 requestedUrl=/ws/info ip=0:0:0:0:0:0:0:1
2026-04-24 09:58:46.211 [SECURITY_AUDIT] WARN  - [ACCESS_DENIED] username=yuhhna2907 requestedUrl=/ws/info ip=0:0:0:0:0:0:0:1
2026-04-24 09:58:52.236 [SECURITY_AUDIT] WARN  - [ACCESS_DENIED] username=yuhhna2907 requestedUrl=/ws/info ip=0:0:0:0:0:0:0:1
2026-04-24 09:58:58.209 [SECURITY_AUDIT] WARN  - [ACCESS_DENIED] username=yuhhna2907 requestedUrl=/ws/info ip=0:0:0:0:0:0:0:1
2026-04-24 09:59:04.204 [SECURITY_AUDIT] WARN  - [ACCESS_DENIED] username=yuhhna2907 requestedUrl=/ws/info ip=0:0:0:0:0:0:0:1
2026-04-24 09:59:10.213 [SECURITY_AUDIT] WARN  - [ACCESS_DENIED] username=yuhhna2907 requestedUrl=/ws/info ip=0:0:0:0:0:0:0:1
2026-04-24 09:59:16.216 [SECURITY_AUDIT] WARN  - [ACCESS_DENIED] username=yuhhna2907 requestedUrl=/ws/info ip=0:0:0:0:0:0:0:1
2026-04-24 09:59:22.209 [SECURITY_AUDIT] WARN  - [ACCESS_DENIED] username=yuhhna2907 requestedUrl=/ws/info ip=0:0:0:0:0:0:0:1
2026-04-24 09:59:28.207 [SECURITY_AUDIT] WARN  - [ACCESS_DENIED] username=yuhhna2907 requestedUrl=/ws/info ip=0:0:0:0:0:0:0:1
2026-04-24 09:59:34.213 [SECURITY_AUDIT] WARN  - [ACCESS_DENIED] username=yuhhna2907 requestedUrl=/ws/info ip=0:0:0:0:0:0:0:1
2026-04-24 09:59:40.207 [SECURITY_AUDIT] WARN  - [ACCESS_DENIED] username=yuhhna2907 requestedUrl=/ws/info ip=0:0:0:0:0:0:0:1
2026-04-24 09:59:46.206 [SECURITY_AUDIT] WARN  - [ACCESS_DENIED] username=yuhhna2907 requestedUrl=/ws/info ip=0:0:0:0:0:0:0:1
2026-04-24 09:59:52.205 [SECURITY_AUDIT] WARN  - [ACCESS_DENIED] username=yuhhna2907 requestedUrl=/ws/info ip=0:0:0:0:0:0:0:1
2026-04-24 09:59:58.203 [SECURITY_AUDIT] WARN  - [ACCESS_DENIED] username=yuhhna2907 requestedUrl=/ws/info ip=0:0:0:0:0:0:0:1
2026-04-24 10:00:04.211 [SECURITY_AUDIT] WARN  - [ACCESS_DENIED] username=yuhhna2907 requestedUrl=/ws/info ip=0:0:0:0:0:0:0:1
2026-04-24 10:00:10.204 [SECURITY_AUDIT] WARN  - [ACCESS_DENIED] username=yuhhna2907 requestedUrl=/ws/info ip=0:0:0:0:0:0:0:1
2026-04-24 10:00:16.351 [SECURITY_AUDIT] WARN  - [ACCESS_DENIED] username=yuhhna2907 requestedUrl=/ws/info ip=0:0:0:0:0:0:0:1
2026-04-24 10:00:22.214 [SECURITY_AUDIT] WARN  - [ACCESS_DENIED] username=yuhhna2907 requestedUrl=/ws/info ip=0:0:0:0:0:0:0:1
2026-04-24 10:00:28.204 [SECURITY_AUDIT] WARN  - [ACCESS_DENIED] username=yuhhna2907 requestedUrl=/ws/info ip=0:0:0:0:0:0:0:1
2026-04-24 10:00:34.209 [SECURITY_AUDIT] WARN  - [ACCESS_DENIED] username=yuhhna2907 requestedUrl=/ws/info ip=0:0:0:0:0:0:0:1
2026-04-24 10:00:40.208 [SECURITY_AUDIT] WARN  - [ACCESS_DENIED] username=yuhhna2907 requestedUrl=/ws/info ip=0:0:0:0:0:0:0:1
2026-04-24 10:00:46.205 [SECURITY_AUDIT] WARN  - [ACCESS_DENIED] username=yuhhna2907 requestedUrl=/ws/info ip=0:0:0:0:0:0:0:1
2026-04-24 10:00:52.212 [SECURITY_AUDIT] WARN  - [ACCESS_DENIED] username=yuhhna2907 requestedUrl=/ws/info ip=0:0:0:0:0:0:0:1
2026-04-24 10:00:58.248 [SECURITY_AUDIT] WARN  - [ACCESS_DENIED] username=yuhhna2907 requestedUrl=/ws/info ip=0:0:0:0:0:0:0:1
2026-04-24 10:01:04.212 [SECURITY_AUDIT] WARN  - [ACCESS_DENIED] username=yuhhna2907 requestedUrl=/ws/info ip=0:0:0:0:0:0:0:1
2026-04-24 10:01:10.212 [SECURITY_AUDIT] WARN  - [ACCESS_DENIED] username=yuhhna2907 requestedUrl=/ws/info ip=0:0:0:0:0:0:0:1
2026-04-24 10:01:16.207 [SECURITY_AUDIT] WARN  - [ACCESS_DENIED] username=yuhhna2907 requestedUrl=/ws/info ip=0:0:0:0:0:0:0:1
2026-04-24 10:01:22.202 [SECURITY_AUDIT] WARN  - [ACCESS_DENIED] username=yuhhna2907 requestedUrl=/ws/info ip=0:0:0:0:0:0:0:1
2026-04-24 10:01:28.210 [SECURITY_AUDIT] WARN  - [ACCESS_DENIED] username=yuhhna2907 requestedUrl=/ws/info ip=0:0:0:0:0:0:0:1
2026-04-24 10:01:34.215 [SECURITY_AUDIT] WARN  - [ACCESS_DENIED] username=yuhhna2907 requestedUrl=/ws/info ip=0:0:0:0:0:0:0:1
2026-04-24 10:01:40.217 [SECURITY_AUDIT] WARN  - [ACCESS_DENIED] username=yuhhna2907 requestedUrl=/ws/info ip=0:0:0:0:0:0:0:1
2026-04-24 10:01:46.216 [SECURITY_AUDIT] WARN  - [ACCESS_DENIED] username=yuhhna2907 requestedUrl=/ws/info ip=0:0:0:0:0:0:0:1
2026-04-24 10:01:52.217 [SECURITY_AUDIT] WARN  - [ACCESS_DENIED] username=yuhhna2907 requestedUrl=/ws/info ip=0:0:0:0:0:0:0:1
2026-04-24 10:01:58.205 [SECURITY_AUDIT] WARN  - [ACCESS_DENIED] username=yuhhna2907 requestedUrl=/ws/info ip=0:0:0:0:0:0:0:1
2026-04-24 10:02:04.212 [SECURITY_AUDIT] WARN  - [ACCESS_DENIED] username=yuhhna2907 requestedUrl=/ws/info ip=0:0:0:0:0:0:0:1
2026-04-24 10:02:10.208 [SECURITY_AUDIT] WARN  - [ACCESS_DENIED] username=yuhhna2907 requestedUrl=/ws/info ip=0:0:0:0:0:0:0:1
2026-04-24 10:02:16.206 [SECURITY_AUDIT] WARN  - [ACCESS_DENIED] username=yuhhna2907 requestedUrl=/ws/info ip=0:0:0:0:0:0:0:1
2026-04-24 10:02:22.203 [SECURITY_AUDIT] WARN  - [ACCESS_DENIED] username=yuhhna2907 requestedUrl=/ws/info ip=0:0:0:0:0:0:0:1
2026-04-24 10:02:28.202 [SECURITY_AUDIT] WARN  - [ACCESS_DENIED] username=yuhhna2907 requestedUrl=/ws/info ip=0:0:0:0:0:0:0:1
2026-04-24 10:02:34.209 [SECURITY_AUDIT] WARN  - [ACCESS_DENIED] username=yuhhna2907 requestedUrl=/ws/info ip=0:0:0:0:0:0:0:1
2026-04-24 10:02:40.207 [SECURITY_AUDIT] WARN  - [ACCESS_DENIED] username=yuhhna2907 requestedUrl=/ws/info ip=0:0:0:0:0:0:0:1
2026-04-24 10:02:46.202 [SECURITY_AUDIT] WARN  - [ACCESS_DENIED] username=yuhhna2907 requestedUrl=/ws/info ip=0:0:0:0:0:0:0:1
2026-04-24 10:02:52.205 [SECURITY_AUDIT] WARN  - [ACCESS_DENIED] username=yuhhna2907 requestedUrl=/ws/info ip=0:0:0:0:0:0:0:1
2026-04-24 10:02:58.214 [SECURITY_AUDIT] WARN  - [ACCESS_DENIED] username=yuhhna2907 requestedUrl=/ws/info ip=0:0:0:0:0:0:0:1
2026-04-24 10:03:04.202 [SECURITY_AUDIT] WARN  - [ACCESS_DENIED] username=yuhhna2907 requestedUrl=/ws/info ip=0:0:0:0:0:0:0:1
2026-04-24 10:03:10.215 [SECURITY_AUDIT] WARN  - [ACCESS_DENIED] username=yuhhna2907 requestedUrl=/ws/info ip=0:0:0:0:0:0:0:1
2026-04-24 10:03:16.218 [SECURITY_AUDIT] WARN  - [ACCESS_DENIED] username=yuhhna2907 requestedUrl=/ws/info ip=0:0:0:0:0:0:0:1
2026-04-24 10:03:22.379 [SECURITY_AUDIT] WARN  - [ACCESS_DENIED] username=yuhhna2907 requestedUrl=/ws/info ip=0:0:0:0:0:0:0:1
2026-04-24 10:03:28.288 [SECURITY_AUDIT] WARN  - [ACCESS_DENIED] username=yuhhna2907 requestedUrl=/ws/info ip=0:0:0:0:0:0:0:1
2026-04-24 10:03:34.207 [SECURITY_AUDIT] WARN  - [ACCESS_DENIED] username=yuhhna2907 requestedUrl=/ws/info ip=0:0:0:0:0:0:0:1
2026-04-24 10:03:40.211 [SECURITY_AUDIT] WARN  - [ACCESS_DENIED] username=yuhhna2907 requestedUrl=/ws/info ip=0:0:0:0:0:0:0:1
2026-04-24 10:03:46.208 [SECURITY_AUDIT] WARN  - [ACCESS_DENIED] username=yuhhna2907 requestedUrl=/ws/info ip=0:0:0:0:0:0:0:1
2026-04-24 10:03:52.210 [SECURITY_AUDIT] WARN  - [ACCESS_DENIED] username=yuhhna2907 requestedUrl=/ws/info ip=0:0:0:0:0:0:0:1
2026-04-24 10:03:58.211 [SECURITY_AUDIT] WARN  - [ACCESS_DENIED] username=yuhhna2907 requestedUrl=/ws/info ip=0:0:0:0:0:0:0:1
2026-04-24 10:04:04.202 [SECURITY_AUDIT] WARN  - [ACCESS_DENIED] username=yuhhna2907 requestedUrl=/ws/info ip=0:0:0:0:0:0:0:1
2026-04-24 10:04:10.206 [SECURITY_AUDIT] WARN  - [ACCESS_DENIED] username=yuhhna2907 requestedUrl=/ws/info ip=0:0:0:0:0:0:0:1
2026-04-24 10:04:16.202 [SECURITY_AUDIT] WARN  - [ACCESS_DENIED] username=yuhhna2907 requestedUrl=/ws/info ip=0:0:0:0:0:0:0:1
2026-04-24 10:04:22.205 [SECURITY_AUDIT] WARN  - [ACCESS_DENIED] username=yuhhna2907 requestedUrl=/ws/info ip=0:0:0:0:0:0:0:1
2026-04-24 10:04:28.203 [SECURITY_AUDIT] WARN  - [ACCESS_DENIED] username=yuhhna2907 requestedUrl=/ws/info ip=0:0:0:0:0:0:0:1
2026-04-24 10:04:34.211 [SECURITY_AUDIT] WARN  - [ACCESS_DENIED] username=yuhhna2907 requestedUrl=/ws/info ip=0:0:0:0:0:0:0:1
2026-04-24 10:04:40.212 [SECURITY_AUDIT] WARN  - [ACCESS_DENIED] username=yuhhna2907 requestedUrl=/ws/info ip=0:0:0:0:0:0:0:1
2026-04-24 10:04:46.207 [SECURITY_AUDIT] WARN  - [ACCESS_DENIED] username=yuhhna2907 requestedUrl=/ws/info ip=0:0:0:0:0:0:0:1
2026-04-24 10:04:52.215 [SECURITY_AUDIT] WARN  - [ACCESS_DENIED] username=yuhhna2907 requestedUrl=/ws/info ip=0:0:0:0:0:0:0:1
2026-04-24 10:04:58.212 [SECURITY_AUDIT] WARN  - [ACCESS_DENIED] username=yuhhna2907 requestedUrl=/ws/info ip=0:0:0:0:0:0:0:1
2026-04-24 10:05:04.207 [SECURITY_AUDIT] WARN  - [ACCESS_DENIED] username=yuhhna2907 requestedUrl=/ws/info ip=0:0:0:0:0:0:0:1
2026-04-24 10:05:10.205 [SECURITY_AUDIT] WARN  - [ACCESS_DENIED] username=yuhhna2907 requestedUrl=/ws/info ip=0:0:0:0:0:0:0:1
2026-04-24 10:05:16.208 [SECURITY_AUDIT] WARN  - [ACCESS_DENIED] username=yuhhna2907 requestedUrl=/ws/info ip=0:0:0:0:0:0:0:1
2026-04-24 10:05:22.208 [SECURITY_AUDIT] WARN  - [ACCESS_DENIED] username=yuhhna2907 requestedUrl=/ws/info ip=0:0:0:0:0:0:0:1
2026-04-24 10:05:28.207 [SECURITY_AUDIT] WARN  - [ACCESS_DENIED] username=yuhhna2907 requestedUrl=/ws/info ip=0:0:0:0:0:0:0:1
2026-04-24 10:05:34.213 [SECURITY_AUDIT] WARN  - [ACCESS_DENIED] username=yuhhna2907 requestedUrl=/ws/info ip=0:0:0:0:0:0:0:1
2026-04-24 10:05:40.203 [SECURITY_AUDIT] WARN  - [ACCESS_DENIED] username=yuhhna2907 requestedUrl=/ws/info ip=0:0:0:0:0:0:0:1
2026-04-24 10:05:46.212 [SECURITY_AUDIT] WARN  - [ACCESS_DENIED] username=yuhhna2907 requestedUrl=/ws/info ip=0:0:0:0:0:0:0:1
2026-04-24 10:05:52.208 [SECURITY_AUDIT] WARN  - [ACCESS_DENIED] username=yuhhna2907 requestedUrl=/ws/info ip=0:0:0:0:0:0:0:1
2026-04-24 10:05:58.205 [SECURITY_AUDIT] WARN  - [ACCESS_DENIED] username=yuhhna2907 requestedUrl=/ws/info ip=0:0:0:0:0:0:0:1
2026-04-24 10:06:04.212 [SECURITY_AUDIT] WARN  - [ACCESS_DENIED] username=yuhhna2907 requestedUrl=/ws/info ip=0:0:0:0:0:0:0:1
2026-04-24 10:06:10.205 [SECURITY_AUDIT] WARN  - [ACCESS_DENIED] username=yuhhna2907 requestedUrl=/ws/info ip=0:0:0:0:0:0:0:1
2026-04-24 10:06:16.213 [SECURITY_AUDIT] WARN  - [ACCESS_DENIED] username=yuhhna2907 requestedUrl=/ws/info ip=0:0:0:0:0:0:0:1
2026-04-24 10:06:22.214 [SECURITY_AUDIT] WARN  - [ACCESS_DENIED] username=yuhhna2907 requestedUrl=/ws/info ip=0:0:0:0:0:0:0:1
2026-04-24 10:06:28.220 [SECURITY_AUDIT] WARN  - [ACCESS_DENIED] username=yuhhna2907 requestedUrl=/ws/info ip=0:0:0:0:0:0:0:1
2026-04-24 10:06:34.217 [SECURITY_AUDIT] WARN  - [ACCESS_DENIED] username=yuhhna2907 requestedUrl=/ws/info ip=0:0:0:0:0:0:0:1
2026-04-24 10:06:40.204 [SECURITY_AUDIT] WARN  - [ACCESS_DENIED] username=yuhhna2907 requestedUrl=/ws/info ip=0:0:0:0:0:0:0:1
2026-04-24 10:06:46.216 [SECURITY_AUDIT] WARN  - [ACCESS_DENIED] username=yuhhna2907 requestedUrl=/ws/info ip=0:0:0:0:0:0:0:1
2026-04-24 10:06:52.213 [SECURITY_AUDIT] WARN  - [ACCESS_DENIED] username=yuhhna2907 requestedUrl=/ws/info ip=0:0:0:0:0:0:0:1
2026-04-24 10:06:58.214 [SECURITY_AUDIT] WARN  - [ACCESS_DENIED] username=yuhhna2907 requestedUrl=/ws/info ip=0:0:0:0:0:0:0:1
2026-04-24 10:07:04.210 [SECURITY_AUDIT] WARN  - [ACCESS_DENIED] username=yuhhna2907 requestedUrl=/ws/info ip=0:0:0:0:0:0:0:1
2026-04-24 10:07:10.214 [SECURITY_AUDIT] WARN  - [ACCESS_DENIED] username=yuhhna2907 requestedUrl=/ws/info ip=0:0:0:0:0:0:0:1
2026-04-24 10:07:16.215 [SECURITY_AUDIT] WARN  - [ACCESS_DENIED] username=yuhhna2907 requestedUrl=/ws/info ip=0:0:0:0:0:0:0:1
2026-04-24 10:07:22.208 [SECURITY_AUDIT] WARN  - [ACCESS_DENIED] username=yuhhna2907 requestedUrl=/ws/info ip=0:0:0:0:0:0:0:1
2026-04-24 10:07:28.209 [SECURITY_AUDIT] WARN  - [ACCESS_DENIED] username=yuhhna2907 requestedUrl=/ws/info ip=0:0:0:0:0:0:0:1
2026-04-24 10:07:34.213 [SECURITY_AUDIT] WARN  - [ACCESS_DENIED] username=yuhhna2907 requestedUrl=/ws/info ip=0:0:0:0:0:0:0:1
2026-04-24 10:07:40.212 [SECURITY_AUDIT] WARN  - [ACCESS_DENIED] username=yuhhna2907 requestedUrl=/ws/info ip=0:0:0:0:0:0:0:1
2026-04-24 10:07:46.208 [SECURITY_AUDIT] WARN  - [ACCESS_DENIED] username=yuhhna2907 requestedUrl=/ws/info ip=0:0:0:0:0:0:0:1
2026-04-24 10:07:52.207 [SECURITY_AUDIT] WARN  - [ACCESS_DENIED] username=yuhhna2907 requestedUrl=/ws/info ip=0:0:0:0:0:0:0:1
2026-04-24 10:07:58.202 [SECURITY_AUDIT] WARN  - [ACCESS_DENIED] username=yuhhna2907 requestedUrl=/ws/info ip=0:0:0:0:0:0:0:1
2026-04-24 10:08:04.213 [SECURITY_AUDIT] WARN  - [ACCESS_DENIED] username=yuhhna2907 requestedUrl=/ws/info ip=0:0:0:0:0:0:0:1
2026-04-24 10:08:10.211 [SECURITY_AUDIT] WARN  - [ACCESS_DENIED] username=yuhhna2907 requestedUrl=/ws/info ip=0:0:0:0:0:0:0:1
2026-04-24 10:08:16.439 [SECURITY_AUDIT] WARN  - [ACCESS_DENIED] username=yuhhna2907 requestedUrl=/ws/info ip=0:0:0:0:0:0:0:1
2026-04-24 10:08:22.217 [SECURITY_AUDIT] WARN  - [ACCESS_DENIED] username=yuhhna2907 requestedUrl=/ws/info ip=0:0:0:0:0:0:0:1
2026-04-24 10:08:28.209 [SECURITY_AUDIT] WARN  - [ACCESS_DENIED] username=yuhhna2907 requestedUrl=/ws/info ip=0:0:0:0:0:0:0:1
2026-04-24 10:08:34.213 [SECURITY_AUDIT] WARN  - [ACCESS_DENIED] username=yuhhna2907 requestedUrl=/ws/info ip=0:0:0:0:0:0:0:1
2026-04-24 10:08:40.209 [SECURITY_AUDIT] WARN  - [ACCESS_DENIED] username=yuhhna2907 requestedUrl=/ws/info ip=0:0:0:0:0:0:0:1
2026-04-24 10:08:46.288 [SECURITY_AUDIT] WARN  - [ACCESS_DENIED] username=yuhhna2907 requestedUrl=/ws/info ip=0:0:0:0:0:0:0:1
2026-04-24 10:08:52.209 [SECURITY_AUDIT] WARN  - [ACCESS_DENIED] username=yuhhna2907 requestedUrl=/ws/info ip=0:0:0:0:0:0:0:1
2026-04-24 10:08:58.203 [SECURITY_AUDIT] WARN  - [ACCESS_DENIED] username=yuhhna2907 requestedUrl=/ws/info ip=0:0:0:0:0:0:0:1
2026-04-24 10:09:04.206 [SECURITY_AUDIT] WARN  - [ACCESS_DENIED] username=yuhhna2907 requestedUrl=/ws/info ip=0:0:0:0:0:0:0:1
2026-04-24 10:09:10.214 [SECURITY_AUDIT] WARN  - [ACCESS_DENIED] username=yuhhna2907 requestedUrl=/ws/info ip=0:0:0:0:0:0:0:1
2026-04-24 10:09:16.212 [SECURITY_AUDIT] WARN  - [ACCESS_DENIED] username=yuhhna2907 requestedUrl=/ws/info ip=0:0:0:0:0:0:0:1
2026-04-24 10:09:22.216 [SECURITY_AUDIT] WARN  - [ACCESS_DENIED] username=yuhhna2907 requestedUrl=/ws/info ip=0:0:0:0:0:0:0:1
2026-04-24 10:09:28.215 [SECURITY_AUDIT] WARN  - [ACCESS_DENIED] username=yuhhna2907 requestedUrl=/ws/info ip=0:0:0:0:0:0:0:1
2026-04-24 10:09:34.215 [SECURITY_AUDIT] WARN  - [ACCESS_DENIED] username=yuhhna2907 requestedUrl=/ws/info ip=0:0:0:0:0:0:0:1
2026-04-24 10:09:40.208 [SECURITY_AUDIT] WARN  - [ACCESS_DENIED] username=yuhhna2907 requestedUrl=/ws/info ip=0:0:0:0:0:0:0:1
2026-04-24 10:09:46.207 [SECURITY_AUDIT] WARN  - [ACCESS_DENIED] username=yuhhna2907 requestedUrl=/ws/info ip=0:0:0:0:0:0:0:1
2026-04-24 10:09:52.204 [SECURITY_AUDIT] WARN  - [ACCESS_DENIED] username=yuhhna2907 requestedUrl=/ws/info ip=0:0:0:0:0:0:0:1
2026-04-24 10:09:58.208 [SECURITY_AUDIT] WARN  - [ACCESS_DENIED] username=yuhhna2907 requestedUrl=/ws/info ip=0:0:0:0:0:0:0:1
2026-04-24 10:10:04.209 [SECURITY_AUDIT] WARN  - [ACCESS_DENIED] username=yuhhna2907 requestedUrl=/ws/info ip=0:0:0:0:0:0:0:1
2026-04-24 10:10:10.204 [SECURITY_AUDIT] WARN  - [ACCESS_DENIED] username=yuhhna2907 requestedUrl=/ws/info ip=0:0:0:0:0:0:0:1
2026-04-24 10:10:16.201 [SECURITY_AUDIT] WARN  - [ACCESS_DENIED] username=yuhhna2907 requestedUrl=/ws/info ip=0:0:0:0:0:0:0:1
2026-04-24 10:10:22.216 [SECURITY_AUDIT] WARN  - [ACCESS_DENIED] username=yuhhna2907 requestedUrl=/ws/info ip=0:0:0:0:0:0:0:1
2026-04-24 10:10:28.212 [SECURITY_AUDIT] WARN  - [ACCESS_DENIED] username=yuhhna2907 requestedUrl=/ws/info ip=0:0:0:0:0:0:0:1
2026-04-24 10:10:34.205 [SECURITY_AUDIT] WARN  - [ACCESS_DENIED] username=yuhhna2907 requestedUrl=/ws/info ip=0:0:0:0:0:0:0:1
2026-04-24 10:10:57.277 [SECURITY_AUDIT] WARN  - [ACCESS_DENIED] username=yuhhna2907 requestedUrl=/ws/info ip=0:0:0:0:0:0:0:1
2026-04-24 10:12:09.420 [SECURITY_AUDIT] WARN  - [ACCESS_DENIED] username=yuhhna2907 requestedUrl=/ws/info ip=0:0:0:0:0:0:0:1
2026-04-24 10:12:19.123 [SECURITY_AUDIT] WARN  - [ACCESS_DENIED] username=yuhhna2907 requestedUrl=/ws/info ip=0:0:0:0:0:0:0:1
2026-04-24 10:12:25.405 [SECURITY_AUDIT] WARN  - [ACCESS_DENIED] username=yuhhna2907 requestedUrl=/ws/info ip=0:0:0:0:0:0:0:1
2026-04-24 10:12:32.318 [SECURITY_AUDIT] WARN  - [ACCESS_DENIED] username=yuhhna2907 requestedUrl=/ws/info ip=0:0:0:0:0:0:0:1
2026-04-24 10:12:38.257 [SECURITY_AUDIT] WARN  - [ACCESS_DENIED] username=yuhhna2907 requestedUrl=/ws/info ip=0:0:0:0:0:0:0:1
2026-04-24 10:12:44.977 [SECURITY_AUDIT] WARN  - [ACCESS_DENIED] username=yuhhna2907 requestedUrl=/ws/info ip=0:0:0:0:0:0:0:1
2026-04-24 10:12:51.227 [SECURITY_AUDIT] WARN  - [ACCESS_DENIED] username=yuhhna2907 requestedUrl=/ws/info ip=0:0:0:0:0:0:0:1
2026-04-24 10:12:57.226 [SECURITY_AUDIT] WARN  - [ACCESS_DENIED] username=yuhhna2907 requestedUrl=/ws/info ip=0:0:0:0:0:0:0:1
2026-04-24 10:13:03.214 [SECURITY_AUDIT] WARN  - [ACCESS_DENIED] username=yuhhna2907 requestedUrl=/ws/info ip=0:0:0:0:0:0:0:1
2026-04-24 10:13:09.930 [SECURITY_AUDIT] WARN  - [ACCESS_DENIED] username=yuhhna2907 requestedUrl=/ws/info ip=0:0:0:0:0:0:0:1
2026-04-24 10:13:16.270 [SECURITY_AUDIT] WARN  - [ACCESS_DENIED] username=yuhhna2907 requestedUrl=/ws/info ip=0:0:0:0:0:0:0:1
2026-04-24 10:13:22.225 [SECURITY_AUDIT] WARN  - [ACCESS_DENIED] username=yuhhna2907 requestedUrl=/ws/info ip=0:0:0:0:0:0:0:1
2026-04-24 10:13:28.222 [SECURITY_AUDIT] WARN  - [ACCESS_DENIED] username=yuhhna2907 requestedUrl=/ws/info ip=0:0:0:0:0:0:0:1
2026-04-24 10:13:34.487 [SECURITY_AUDIT] WARN  - [ACCESS_DENIED] username=yuhhna2907 requestedUrl=/ws/info ip=0:0:0:0:0:0:0:1
2026-04-24 10:13:40.209 [SECURITY_AUDIT] WARN  - [ACCESS_DENIED] username=yuhhna2907 requestedUrl=/ws/info ip=0:0:0:0:0:0:0:1
2026-04-24 10:13:46.209 [SECURITY_AUDIT] WARN  - [ACCESS_DENIED] username=yuhhna2907 requestedUrl=/ws/info ip=0:0:0:0:0:0:0:1
2026-04-24 10:13:52.212 [SECURITY_AUDIT] WARN  - [ACCESS_DENIED] username=yuhhna2907 requestedUrl=/ws/info ip=0:0:0:0:0:0:0:1
2026-04-24 10:13:58.261 [SECURITY_AUDIT] WARN  - [ACCESS_DENIED] username=yuhhna2907 requestedUrl=/ws/info ip=0:0:0:0:0:0:0:1
2026-04-24 10:14:04.215 [SECURITY_AUDIT] WARN  - [ACCESS_DENIED] username=yuhhna2907 requestedUrl=/ws/info ip=0:0:0:0:0:0:0:1
2026-04-24 10:14:10.212 [SECURITY_AUDIT] WARN  - [ACCESS_DENIED] username=yuhhna2907 requestedUrl=/ws/info ip=0:0:0:0:0:0:0:1
2026-04-24 10:14:16.225 [SECURITY_AUDIT] WARN  - [ACCESS_DENIED] username=yuhhna2907 requestedUrl=/ws/info ip=0:0:0:0:0:0:0:1
2026-04-24 10:14:22.271 [SECURITY_AUDIT] WARN  - [ACCESS_DENIED] username=yuhhna2907 requestedUrl=/ws/info ip=0:0:0:0:0:0:0:1
2026-04-24 10:14:28.251 [SECURITY_AUDIT] WARN  - [ACCESS_DENIED] username=yuhhna2907 requestedUrl=/ws/info ip=0:0:0:0:0:0:0:1
2026-04-24 10:14:34.229 [SECURITY_AUDIT] WARN  - [ACCESS_DENIED] username=yuhhna2907 requestedUrl=/ws/info ip=0:0:0:0:0:0:0:1
2026-04-24 10:14:40.218 [SECURITY_AUDIT] WARN  - [ACCESS_DENIED] username=yuhhna2907 requestedUrl=/ws/info ip=0:0:0:0:0:0:0:1
2026-04-24 10:14:46.206 [SECURITY_AUDIT] WARN  - [ACCESS_DENIED] username=yuhhna2907 requestedUrl=/ws/info ip=0:0:0:0:0:0:0:1
2026-04-24 10:14:52.242 [SECURITY_AUDIT] WARN  - [ACCESS_DENIED] username=yuhhna2907 requestedUrl=/ws/info ip=0:0:0:0:0:0:0:1
2026-04-24 10:14:58.231 [SECURITY_AUDIT] WARN  - [ACCESS_DENIED] username=yuhhna2907 requestedUrl=/ws/info ip=0:0:0:0:0:0:0:1
2026-04-24 10:15:04.212 [SECURITY_AUDIT] WARN  - [ACCESS_DENIED] username=yuhhna2907 requestedUrl=/ws/info ip=0:0:0:0:0:0:0:1
2026-04-24 10:15:10.205 [SECURITY_AUDIT] WARN  - [ACCESS_DENIED] username=yuhhna2907 requestedUrl=/ws/info ip=0:0:0:0:0:0:0:1
2026-04-24 10:15:16.214 [SECURITY_AUDIT] WARN  - [ACCESS_DENIED] username=yuhhna2907 requestedUrl=/ws/info ip=0:0:0:0:0:0:0:1
2026-04-24 10:16:10.614 [SECURITY_AUDIT] WARN  - [ACCESS_DENIED] username=yuhhna2907 requestedUrl=/ws/info ip=0:0:0:0:0:0:0:1
2026-04-24 10:16:16.218 [SECURITY_AUDIT] WARN  - [ACCESS_DENIED] username=yuhhna2907 requestedUrl=/ws/info ip=0:0:0:0:0:0:0:1
2026-04-24 10:16:22.276 [SECURITY_AUDIT] WARN  - [ACCESS_DENIED] username=yuhhna2907 requestedUrl=/ws/info ip=0:0:0:0:0:0:0:1
2026-04-24 10:16:28.211 [SECURITY_AUDIT] WARN  - [ACCESS_DENIED] username=yuhhna2907 requestedUrl=/ws/info ip=0:0:0:0:0:0:0:1
2026-04-24 10:16:34.214 [SECURITY_AUDIT] WARN  - [ACCESS_DENIED] username=yuhhna2907 requestedUrl=/ws/info ip=0:0:0:0:0:0:0:1
2026-04-24 10:16:40.205 [SECURITY_AUDIT] WARN  - [ACCESS_DENIED] username=yuhhna2907 requestedUrl=/ws/info ip=0:0:0:0:0:0:0:1
2026-04-24 10:16:46.222 [SECURITY_AUDIT] WARN  - [ACCESS_DENIED] username=yuhhna2907 requestedUrl=/ws/info ip=0:0:0:0:0:0:0:1
2026-04-24 10:16:52.701 [SECURITY_AUDIT] WARN  - [ACCESS_DENIED] username=yuhhna2907 requestedUrl=/ws/info ip=0:0:0:0:0:0:0:1
2026-04-24 10:16:58.217 [SECURITY_AUDIT] WARN  - [ACCESS_DENIED] username=yuhhna2907 requestedUrl=/ws/info ip=0:0:0:0:0:0:0:1
2026-04-24 10:17:04.203 [SECURITY_AUDIT] WARN  - [ACCESS_DENIED] username=yuhhna2907 requestedUrl=/ws/info ip=0:0:0:0:0:0:0:1
2026-04-24 10:17:10.202 [SECURITY_AUDIT] WARN  - [ACCESS_DENIED] username=yuhhna2907 requestedUrl=/ws/info ip=0:0:0:0:0:0:0:1
2026-04-24 10:17:16.212 [SECURITY_AUDIT] WARN  - [ACCESS_DENIED] username=yuhhna2907 requestedUrl=/ws/info ip=0:0:0:0:0:0:0:1
2026-04-24 10:17:22.639 [SECURITY_AUDIT] WARN  - [ACCESS_DENIED] username=yuhhna2907 requestedUrl=/ws/info ip=0:0:0:0:0:0:0:1
2026-04-24 10:17:28.211 [SECURITY_AUDIT] WARN  - [ACCESS_DENIED] username=yuhhna2907 requestedUrl=/ws/info ip=0:0:0:0:0:0:0:1
2026-04-24 10:17:34.210 [SECURITY_AUDIT] WARN  - [ACCESS_DENIED] username=yuhhna2907 requestedUrl=/ws/info ip=0:0:0:0:0:0:0:1
2026-04-24 10:17:40.221 [SECURITY_AUDIT] WARN  - [ACCESS_DENIED] username=yuhhna2907 requestedUrl=/ws/info ip=0:0:0:0:0:0:0:1
2026-04-24 10:17:46.209 [SECURITY_AUDIT] WARN  - [ACCESS_DENIED] username=yuhhna2907 requestedUrl=/ws/info ip=0:0:0:0:0:0:0:1
2026-04-24 10:17:52.515 [SECURITY_AUDIT] WARN  - [ACCESS_DENIED] username=yuhhna2907 requestedUrl=/ws/info ip=0:0:0:0:0:0:0:1
2026-04-24 10:17:58.205 [SECURITY_AUDIT] WARN  - [ACCESS_DENIED] username=yuhhna2907 requestedUrl=/ws/info ip=0:0:0:0:0:0:0:1
2026-04-24 10:18:04.209 [SECURITY_AUDIT] WARN  - [ACCESS_DENIED] username=yuhhna2907 requestedUrl=/ws/info ip=0:0:0:0:0:0:0:1
2026-04-24 10:18:10.208 [SECURITY_AUDIT] WARN  - [ACCESS_DENIED] username=yuhhna2907 requestedUrl=/ws/info ip=0:0:0:0:0:0:0:1
2026-04-24 10:18:16.211 [SECURITY_AUDIT] WARN  - [ACCESS_DENIED] username=yuhhna2907 requestedUrl=/ws/info ip=0:0:0:0:0:0:0:1
2026-04-24 10:18:22.212 [SECURITY_AUDIT] WARN  - [ACCESS_DENIED] username=yuhhna2907 requestedUrl=/ws/info ip=0:0:0:0:0:0:0:1
2026-04-24 10:18:28.222 [SECURITY_AUDIT] WARN  - [ACCESS_DENIED] username=yuhhna2907 requestedUrl=/ws/info ip=0:0:0:0:0:0:0:1
2026-04-24 10:18:34.210 [SECURITY_AUDIT] WARN  - [ACCESS_DENIED] username=yuhhna2907 requestedUrl=/ws/info ip=0:0:0:0:0:0:0:1
2026-04-24 10:18:40.204 [SECURITY_AUDIT] WARN  - [ACCESS_DENIED] username=yuhhna2907 requestedUrl=/ws/info ip=0:0:0:0:0:0:0:1
2026-04-24 10:18:46.212 [SECURITY_AUDIT] WARN  - [ACCESS_DENIED] username=yuhhna2907 requestedUrl=/ws/info ip=0:0:0:0:0:0:0:1
2026-04-24 10:18:52.221 [SECURITY_AUDIT] WARN  - [ACCESS_DENIED] username=yuhhna2907 requestedUrl=/ws/info ip=0:0:0:0:0:0:0:1
2026-04-24 10:18:58.205 [SECURITY_AUDIT] WARN  - [ACCESS_DENIED] username=yuhhna2907 requestedUrl=/ws/info ip=0:0:0:0:0:0:0:1
2026-04-24 10:19:04.210 [SECURITY_AUDIT] WARN  - [ACCESS_DENIED] username=yuhhna2907 requestedUrl=/ws/info ip=0:0:0:0:0:0:0:1
2026-04-24 10:19:10.211 [SECURITY_AUDIT] WARN  - [ACCESS_DENIED] username=yuhhna2907 requestedUrl=/ws/info ip=0:0:0:0:0:0:0:1
2026-04-24 10:19:16.210 [SECURITY_AUDIT] WARN  - [ACCESS_DENIED] username=yuhhna2907 requestedUrl=/ws/info ip=0:0:0:0:0:0:0:1
2026-04-24 10:19:22.213 [SECURITY_AUDIT] WARN  - [ACCESS_DENIED] username=yuhhna2907 requestedUrl=/ws/info ip=0:0:0:0:0:0:0:1
2026-04-24 10:19:28.218 [SECURITY_AUDIT] WARN  - [ACCESS_DENIED] username=yuhhna2907 requestedUrl=/ws/info ip=0:0:0:0:0:0:0:1
2026-04-24 10:19:34.209 [SECURITY_AUDIT] WARN  - [ACCESS_DENIED] username=yuhhna2907 requestedUrl=/ws/info ip=0:0:0:0:0:0:0:1
2026-04-24 10:19:40.209 [SECURITY_AUDIT] WARN  - [ACCESS_DENIED] username=yuhhna2907 requestedUrl=/ws/info ip=0:0:0:0:0:0:0:1
2026-04-24 10:19:46.211 [SECURITY_AUDIT] WARN  - [ACCESS_DENIED] username=yuhhna2907 requestedUrl=/ws/info ip=0:0:0:0:0:0:0:1
2026-04-24 10:19:52.208 [SECURITY_AUDIT] WARN  - [ACCESS_DENIED] username=yuhhna2907 requestedUrl=/ws/info ip=0:0:0:0:0:0:0:1
2026-04-24 10:19:58.216 [SECURITY_AUDIT] WARN  - [ACCESS_DENIED] username=yuhhna2907 requestedUrl=/ws/info ip=0:0:0:0:0:0:0:1
2026-04-24 10:20:04.225 [SECURITY_AUDIT] WARN  - [ACCESS_DENIED] username=yuhhna2907 requestedUrl=/ws/info ip=0:0:0:0:0:0:0:1
2026-04-24 10:20:10.215 [SECURITY_AUDIT] WARN  - [ACCESS_DENIED] username=yuhhna2907 requestedUrl=/ws/info ip=0:0:0:0:0:0:0:1
2026-04-24 10:20:16.217 [SECURITY_AUDIT] WARN  - [ACCESS_DENIED] username=yuhhna2907 requestedUrl=/ws/info ip=0:0:0:0:0:0:0:1
2026-04-24 10:20:22.201 [SECURITY_AUDIT] WARN  - [ACCESS_DENIED] username=yuhhna2907 requestedUrl=/ws/info ip=0:0:0:0:0:0:0:1
2026-04-24 10:20:28.208 [SECURITY_AUDIT] WARN  - [ACCESS_DENIED] username=yuhhna2907 requestedUrl=/ws/info ip=0:0:0:0:0:0:0:1
2026-04-24 10:20:34.229 [SECURITY_AUDIT] WARN  - [ACCESS_DENIED] username=yuhhna2907 requestedUrl=/ws/info ip=0:0:0:0:0:0:0:1
2026-04-24 10:20:40.217 [SECURITY_AUDIT] WARN  - [ACCESS_DENIED] username=yuhhna2907 requestedUrl=/ws/info ip=0:0:0:0:0:0:0:1
2026-04-24 10:20:46.207 [SECURITY_AUDIT] WARN  - [ACCESS_DENIED] username=yuhhna2907 requestedUrl=/ws/info ip=0:0:0:0:0:0:0:1
2026-04-24 10:20:52.203 [SECURITY_AUDIT] WARN  - [ACCESS_DENIED] username=yuhhna2907 requestedUrl=/ws/info ip=0:0:0:0:0:0:0:1
2026-04-24 10:21:22.445 [SECURITY_AUDIT] WARN  - [ACCESS_DENIED] username=yuhhna2907 requestedUrl=/ws/info ip=0:0:0:0:0:0:0:1
2026-04-24 10:21:28.224 [SECURITY_AUDIT] WARN  - [ACCESS_DENIED] username=yuhhna2907 requestedUrl=/ws/info ip=0:0:0:0:0:0:0:1
2026-04-24 10:21:34.219 [SECURITY_AUDIT] WARN  - [ACCESS_DENIED] username=yuhhna2907 requestedUrl=/ws/info ip=0:0:0:0:0:0:0:1
2026-04-24 10:21:40.205 [SECURITY_AUDIT] WARN  - [ACCESS_DENIED] username=yuhhna2907 requestedUrl=/ws/info ip=0:0:0:0:0:0:0:1
2026-04-24 10:21:46.215 [SECURITY_AUDIT] WARN  - [ACCESS_DENIED] username=yuhhna2907 requestedUrl=/ws/info ip=0:0:0:0:0:0:0:1
2026-04-24 10:21:52.209 [SECURITY_AUDIT] WARN  - [ACCESS_DENIED] username=yuhhna2907 requestedUrl=/ws/info ip=0:0:0:0:0:0:0:1
2026-04-24 10:21:58.205 [SECURITY_AUDIT] WARN  - [ACCESS_DENIED] username=yuhhna2907 requestedUrl=/ws/info ip=0:0:0:0:0:0:0:1
2026-04-24 10:22:04.297 [SECURITY_AUDIT] WARN  - [ACCESS_DENIED] username=yuhhna2907 requestedUrl=/ws/info ip=0:0:0:0:0:0:0:1
2026-04-24 10:22:10.217 [SECURITY_AUDIT] WARN  - [ACCESS_DENIED] username=yuhhna2907 requestedUrl=/ws/info ip=0:0:0:0:0:0:0:1
2026-04-24 10:22:16.209 [SECURITY_AUDIT] WARN  - [ACCESS_DENIED] username=yuhhna2907 requestedUrl=/ws/info ip=0:0:0:0:0:0:0:1
2026-04-24 10:22:22.214 [SECURITY_AUDIT] WARN  - [ACCESS_DENIED] username=yuhhna2907 requestedUrl=/ws/info ip=0:0:0:0:0:0:0:1
2026-04-24 10:22:28.214 [SECURITY_AUDIT] WARN  - [ACCESS_DENIED] username=yuhhna2907 requestedUrl=/ws/info ip=0:0:0:0:0:0:0:1
2026-04-24 10:22:34.215 [SECURITY_AUDIT] WARN  - [ACCESS_DENIED] username=yuhhna2907 requestedUrl=/ws/info ip=0:0:0:0:0:0:0:1
2026-04-24 10:22:40.214 [SECURITY_AUDIT] WARN  - [ACCESS_DENIED] username=yuhhna2907 requestedUrl=/ws/info ip=0:0:0:0:0:0:0:1
2026-04-24 10:22:46.209 [SECURITY_AUDIT] WARN  - [ACCESS_DENIED] username=yuhhna2907 requestedUrl=/ws/info ip=0:0:0:0:0:0:0:1
2026-04-24 10:22:52.209 [SECURITY_AUDIT] WARN  - [ACCESS_DENIED] username=yuhhna2907 requestedUrl=/ws/info ip=0:0:0:0:0:0:0:1
2026-04-24 10:22:58.217 [SECURITY_AUDIT] WARN  - [ACCESS_DENIED] username=yuhhna2907 requestedUrl=/ws/info ip=0:0:0:0:0:0:0:1
2026-04-24 10:23:04.210 [SECURITY_AUDIT] WARN  - [ACCESS_DENIED] username=yuhhna2907 requestedUrl=/ws/info ip=0:0:0:0:0:0:0:1
2026-04-24 10:23:10.214 [SECURITY_AUDIT] WARN  - [ACCESS_DENIED] username=yuhhna2907 requestedUrl=/ws/info ip=0:0:0:0:0:0:0:1
2026-04-24 10:23:16.214 [SECURITY_AUDIT] WARN  - [ACCESS_DENIED] username=yuhhna2907 requestedUrl=/ws/info ip=0:0:0:0:0:0:0:1
2026-04-24 10:23:22.204 [SECURITY_AUDIT] WARN  - [ACCESS_DENIED] username=yuhhna2907 requestedUrl=/ws/info ip=0:0:0:0:0:0:0:1
2026-04-24 10:23:28.208 [SECURITY_AUDIT] WARN  - [ACCESS_DENIED] username=yuhhna2907 requestedUrl=/ws/info ip=0:0:0:0:0:0:0:1
2026-04-24 10:23:34.209 [SECURITY_AUDIT] WARN  - [ACCESS_DENIED] username=yuhhna2907 requestedUrl=/ws/info ip=0:0:0:0:0:0:0:1
2026-04-24 10:23:40.215 [SECURITY_AUDIT] WARN  - [ACCESS_DENIED] username=yuhhna2907 requestedUrl=/ws/info ip=0:0:0:0:0:0:0:1
2026-04-24 10:23:46.204 [SECURITY_AUDIT] WARN  - [ACCESS_DENIED] username=yuhhna2907 requestedUrl=/ws/info ip=0:0:0:0:0:0:0:1
2026-04-24 10:23:52.214 [SECURITY_AUDIT] WARN  - [ACCESS_DENIED] username=yuhhna2907 requestedUrl=/ws/info ip=0:0:0:0:0:0:0:1
2026-04-24 10:23:58.202 [SECURITY_AUDIT] WARN  - [ACCESS_DENIED] username=yuhhna2907 requestedUrl=/ws/info ip=0:0:0:0:0:0:0:1
2026-04-24 10:24:04.215 [SECURITY_AUDIT] WARN  - [ACCESS_DENIED] username=yuhhna2907 requestedUrl=/ws/info ip=0:0:0:0:0:0:0:1
2026-04-24 10:24:10.201 [SECURITY_AUDIT] WARN  - [ACCESS_DENIED] username=yuhhna2907 requestedUrl=/ws/info ip=0:0:0:0:0:0:0:1
2026-04-24 10:24:15.241 [SECURITY_AUDIT] WARN  - [ACCESS_DENIED] username=yuhhna2907 requestedUrl=/ws/info ip=0:0:0:0:0:0:0:1
2026-04-24 10:24:19.121 [SECURITY_AUDIT] WARN  - [ACCESS_DENIED] username=yuhhna2907 requestedUrl=/ws/info ip=0:0:0:0:0:0:0:1
2026-04-24 10:24:24.265 [SECURITY_AUDIT] WARN  - [ACCESS_DENIED] username=yuhhna2907 requestedUrl=/ws/info ip=0:0:0:0:0:0:0:1
2026-04-24 10:24:29.328 [SECURITY_AUDIT] WARN  - [ACCESS_DENIED] username=yuhhna2907 requestedUrl=/ws/info ip=0:0:0:0:0:0:0:1
2026-04-24 10:24:34.376 [SECURITY_AUDIT] WARN  - [ACCESS_DENIED] username=yuhhna2907 requestedUrl=/ws/info ip=0:0:0:0:0:0:0:1
2026-04-24 10:24:36.290 [SECURITY_AUDIT] WARN  - [ACCESS_DENIED] username=yuhhna2907 requestedUrl=/user/cart/add ip=0:0:0:0:0:0:0:1
2026-04-24 10:24:39.456 [SECURITY_AUDIT] WARN  - [ACCESS_DENIED] username=yuhhna2907 requestedUrl=/ws/info ip=0:0:0:0:0:0:0:1
2026-04-24 10:24:44.504 [SECURITY_AUDIT] WARN  - [ACCESS_DENIED] username=yuhhna2907 requestedUrl=/ws/info ip=0:0:0:0:0:0:0:1
2026-04-24 10:24:46.066 [SECURITY_AUDIT] WARN  - [ACCESS_DENIED] username=yuhhna2907 requestedUrl=/user/cart/add ip=0:0:0:0:0:0:0:1
2026-04-24 10:24:49.539 [SECURITY_AUDIT] WARN  - [ACCESS_DENIED] username=yuhhna2907 requestedUrl=/ws/info ip=0:0:0:0:0:0:0:1
2026-04-24 10:24:54.579 [SECURITY_AUDIT] WARN  - [ACCESS_DENIED] username=yuhhna2907 requestedUrl=/ws/info ip=0:0:0:0:0:0:0:1
2026-04-24 10:24:59.613 [SECURITY_AUDIT] WARN  - [ACCESS_DENIED] username=yuhhna2907 requestedUrl=/ws/info ip=0:0:0:0:0:0:0:1
2026-04-24 10:25:04.661 [SECURITY_AUDIT] WARN  - [ACCESS_DENIED] username=yuhhna2907 requestedUrl=/ws/info ip=0:0:0:0:0:0:0:1
2026-04-24 10:25:09.701 [SECURITY_AUDIT] WARN  - [ACCESS_DENIED] username=yuhhna2907 requestedUrl=/ws/info ip=0:0:0:0:0:0:0:1
2026-04-24 10:25:14.737 [SECURITY_AUDIT] WARN  - [ACCESS_DENIED] username=yuhhna2907 requestedUrl=/ws/info ip=0:0:0:0:0:0:0:1
2026-04-24 10:25:19.775 [SECURITY_AUDIT] WARN  - [ACCESS_DENIED] username=yuhhna2907 requestedUrl=/ws/info ip=0:0:0:0:0:0:0:1
2026-04-24 10:25:25.205 [SECURITY_AUDIT] WARN  - [ACCESS_DENIED] username=yuhhna2907 requestedUrl=/ws/info ip=0:0:0:0:0:0:0:1
2026-04-24 10:25:31.210 [SECURITY_AUDIT] WARN  - [ACCESS_DENIED] username=yuhhna2907 requestedUrl=/ws/info ip=0:0:0:0:0:0:0:1
2026-04-24 10:25:37.209 [SECURITY_AUDIT] WARN  - [ACCESS_DENIED] username=yuhhna2907 requestedUrl=/ws/info ip=0:0:0:0:0:0:0:1
2026-04-24 10:25:43.205 [SECURITY_AUDIT] WARN  - [ACCESS_DENIED] username=yuhhna2907 requestedUrl=/ws/info ip=0:0:0:0:0:0:0:1
2026-04-24 10:25:49.211 [SECURITY_AUDIT] WARN  - [ACCESS_DENIED] username=yuhhna2907 requestedUrl=/ws/info ip=0:0:0:0:0:0:0:1
2026-04-24 10:25:55.215 [SECURITY_AUDIT] WARN  - [ACCESS_DENIED] username=yuhhna2907 requestedUrl=/ws/info ip=0:0:0:0:0:0:0:1
2026-04-24 10:26:01.211 [SECURITY_AUDIT] WARN  - [ACCESS_DENIED] username=yuhhna2907 requestedUrl=/ws/info ip=0:0:0:0:0:0:0:1
2026-04-24 10:26:07.213 [SECURITY_AUDIT] WARN  - [ACCESS_DENIED] username=yuhhna2907 requestedUrl=/ws/info ip=0:0:0:0:0:0:0:1
2026-04-24 10:26:13.204 [SECURITY_AUDIT] WARN  - [ACCESS_DENIED] username=yuhhna2907 requestedUrl=/ws/info ip=0:0:0:0:0:0:0:1
2026-04-24 10:26:19.211 [SECURITY_AUDIT] WARN  - [ACCESS_DENIED] username=yuhhna2907 requestedUrl=/ws/info ip=0:0:0:0:0:0:0:1
2026-04-24 10:26:25.215 [SECURITY_AUDIT] WARN  - [ACCESS_DENIED] username=yuhhna2907 requestedUrl=/ws/info ip=0:0:0:0:0:0:0:1
2026-04-24 10:26:31.217 [SECURITY_AUDIT] WARN  - [ACCESS_DENIED] username=yuhhna2907 requestedUrl=/ws/info ip=0:0:0:0:0:0:0:1
2026-04-24 10:26:37.215 [SECURITY_AUDIT] WARN  - [ACCESS_DENIED] username=yuhhna2907 requestedUrl=/ws/info ip=0:0:0:0:0:0:0:1
2026-04-24 10:26:43.211 [SECURITY_AUDIT] WARN  - [ACCESS_DENIED] username=yuhhna2907 requestedUrl=/ws/info ip=0:0:0:0:0:0:0:1
2026-04-24 10:26:49.207 [SECURITY_AUDIT] WARN  - [ACCESS_DENIED] username=yuhhna2907 requestedUrl=/ws/info ip=0:0:0:0:0:0:0:1
2026-04-24 10:26:55.215 [SECURITY_AUDIT] WARN  - [ACCESS_DENIED] username=yuhhna2907 requestedUrl=/ws/info ip=0:0:0:0:0:0:0:1
2026-04-24 10:27:01.203 [SECURITY_AUDIT] WARN  - [ACCESS_DENIED] username=yuhhna2907 requestedUrl=/ws/info ip=0:0:0:0:0:0:0:1
2026-04-24 10:27:07.204 [SECURITY_AUDIT] WARN  - [ACCESS_DENIED] username=yuhhna2907 requestedUrl=/ws/info ip=0:0:0:0:0:0:0:1
2026-04-24 10:27:13.203 [SECURITY_AUDIT] WARN  - [ACCESS_DENIED] username=yuhhna2907 requestedUrl=/ws/info ip=0:0:0:0:0:0:0:1
2026-04-24 10:27:19.221 [SECURITY_AUDIT] WARN  - [ACCESS_DENIED] username=yuhhna2907 requestedUrl=/ws/info ip=0:0:0:0:0:0:0:1
2026-04-24 10:27:25.212 [SECURITY_AUDIT] WARN  - [ACCESS_DENIED] username=yuhhna2907 requestedUrl=/ws/info ip=0:0:0:0:0:0:0:1
2026-04-24 10:27:31.205 [SECURITY_AUDIT] WARN  - [ACCESS_DENIED] username=yuhhna2907 requestedUrl=/ws/info ip=0:0:0:0:0:0:0:1
2026-04-24 10:27:37.203 [SECURITY_AUDIT] WARN  - [ACCESS_DENIED] username=yuhhna2907 requestedUrl=/ws/info ip=0:0:0:0:0:0:0:1
2026-04-24 10:27:43.217 [SECURITY_AUDIT] WARN  - [ACCESS_DENIED] username=yuhhna2907 requestedUrl=/ws/info ip=0:0:0:0:0:0:0:1
2026-04-24 10:27:49.207 [SECURITY_AUDIT] WARN  - [ACCESS_DENIED] username=yuhhna2907 requestedUrl=/ws/info ip=0:0:0:0:0:0:0:1
2026-04-24 10:27:55.205 [SECURITY_AUDIT] WARN  - [ACCESS_DENIED] username=yuhhna2907 requestedUrl=/ws/info ip=0:0:0:0:0:0:0:1
2026-04-24 10:28:01.285 [SECURITY_AUDIT] WARN  - [ACCESS_DENIED] username=yuhhna2907 requestedUrl=/ws/info ip=0:0:0:0:0:0:0:1
2026-04-24 10:28:08.108 [SECURITY_AUDIT] WARN  - [ACCESS_DENIED] username=yuhhna2907 requestedUrl=/ws/info ip=0:0:0:0:0:0:0:1
2026-04-24 10:28:13.212 [SECURITY_AUDIT] WARN  - [ACCESS_DENIED] username=yuhhna2907 requestedUrl=/ws/info ip=0:0:0:0:0:0:0:1
2026-04-24 10:28:19.203 [SECURITY_AUDIT] WARN  - [ACCESS_DENIED] username=yuhhna2907 requestedUrl=/ws/info ip=0:0:0:0:0:0:0:1
2026-04-24 10:28:25.205 [SECURITY_AUDIT] WARN  - [ACCESS_DENIED] username=yuhhna2907 requestedUrl=/ws/info ip=0:0:0:0:0:0:0:1
2026-04-24 10:28:31.218 [SECURITY_AUDIT] WARN  - [ACCESS_DENIED] username=yuhhna2907 requestedUrl=/ws/info ip=0:0:0:0:0:0:0:1
2026-04-24 10:28:37.200 [SECURITY_AUDIT] WARN  - [ACCESS_DENIED] username=yuhhna2907 requestedUrl=/ws/info ip=0:0:0:0:0:0:0:1
2026-04-24 10:28:43.207 [SECURITY_AUDIT] WARN  - [ACCESS_DENIED] username=yuhhna2907 requestedUrl=/ws/info ip=0:0:0:0:0:0:0:1
2026-04-24 10:28:49.219 [SECURITY_AUDIT] WARN  - [ACCESS_DENIED] username=yuhhna2907 requestedUrl=/ws/info ip=0:0:0:0:0:0:0:1
2026-04-24 10:28:55.212 [SECURITY_AUDIT] WARN  - [ACCESS_DENIED] username=yuhhna2907 requestedUrl=/ws/info ip=0:0:0:0:0:0:0:1
2026-04-24 10:29:01.200 [SECURITY_AUDIT] WARN  - [ACCESS_DENIED] username=yuhhna2907 requestedUrl=/ws/info ip=0:0:0:0:0:0:0:1
2026-04-24 10:29:07.205 [SECURITY_AUDIT] WARN  - [ACCESS_DENIED] username=yuhhna2907 requestedUrl=/ws/info ip=0:0:0:0:0:0:0:1
2026-04-24 10:29:13.216 [SECURITY_AUDIT] WARN  - [ACCESS_DENIED] username=yuhhna2907 requestedUrl=/ws/info ip=0:0:0:0:0:0:0:1
2026-04-24 10:29:19.228 [SECURITY_AUDIT] WARN  - [ACCESS_DENIED] username=yuhhna2907 requestedUrl=/ws/info ip=0:0:0:0:0:0:0:1
2026-04-24 10:29:25.201 [SECURITY_AUDIT] WARN  - [ACCESS_DENIED] username=yuhhna2907 requestedUrl=/ws/info ip=0:0:0:0:0:0:0:1
2026-04-24 10:29:31.204 [SECURITY_AUDIT] WARN  - [ACCESS_DENIED] username=yuhhna2907 requestedUrl=/ws/info ip=0:0:0:0:0:0:0:1
2026-04-24 10:29:37.210 [SECURITY_AUDIT] WARN  - [ACCESS_DENIED] username=yuhhna2907 requestedUrl=/ws/info ip=0:0:0:0:0:0:0:1
2026-04-24 10:29:43.211 [SECURITY_AUDIT] WARN  - [ACCESS_DENIED] username=yuhhna2907 requestedUrl=/ws/info ip=0:0:0:0:0:0:0:1
2026-04-24 10:29:49.230 [SECURITY_AUDIT] WARN  - [ACCESS_DENIED] username=yuhhna2907 requestedUrl=/ws/info ip=0:0:0:0:0:0:0:1
2026-04-24 10:29:55.207 [SECURITY_AUDIT] WARN  - [ACCESS_DENIED] username=yuhhna2907 requestedUrl=/ws/info ip=0:0:0:0:0:0:0:1
2026-04-24 10:30:01.210 [SECURITY_AUDIT] WARN  - [ACCESS_DENIED] username=yuhhna2907 requestedUrl=/ws/info ip=0:0:0:0:0:0:0:1
2026-04-24 10:30:07.205 [SECURITY_AUDIT] WARN  - [ACCESS_DENIED] username=yuhhna2907 requestedUrl=/ws/info ip=0:0:0:0:0:0:0:1
2026-04-24 10:30:13.210 [SECURITY_AUDIT] WARN  - [ACCESS_DENIED] username=yuhhna2907 requestedUrl=/ws/info ip=0:0:0:0:0:0:0:1
2026-04-24 10:30:19.207 [SECURITY_AUDIT] WARN  - [ACCESS_DENIED] username=yuhhna2907 requestedUrl=/ws/info ip=0:0:0:0:0:0:0:1
2026-04-24 10:30:25.210 [SECURITY_AUDIT] WARN  - [ACCESS_DENIED] username=yuhhna2907 requestedUrl=/ws/info ip=0:0:0:0:0:0:0:1
2026-04-24 10:30:31.332 [SECURITY_AUDIT] WARN  - [ACCESS_DENIED] username=yuhhna2907 requestedUrl=/ws/info ip=0:0:0:0:0:0:0:1
2026-04-24 10:30:37.214 [SECURITY_AUDIT] WARN  - [ACCESS_DENIED] username=yuhhna2907 requestedUrl=/ws/info ip=0:0:0:0:0:0:0:1
2026-04-24 10:30:43.224 [SECURITY_AUDIT] WARN  - [ACCESS_DENIED] username=yuhhna2907 requestedUrl=/ws/info ip=0:0:0:0:0:0:0:1
2026-04-24 10:30:49.213 [SECURITY_AUDIT] WARN  - [ACCESS_DENIED] username=yuhhna2907 requestedUrl=/ws/info ip=0:0:0:0:0:0:0:1
2026-04-24 10:30:55.217 [SECURITY_AUDIT] WARN  - [ACCESS_DENIED] username=yuhhna2907 requestedUrl=/ws/info ip=0:0:0:0:0:0:0:1
2026-04-24 10:31:01.642 [SECURITY_AUDIT] WARN  - [ACCESS_DENIED] username=yuhhna2907 requestedUrl=/ws/info ip=0:0:0:0:0:0:0:1
2026-04-24 10:31:07.226 [SECURITY_AUDIT] WARN  - [ACCESS_DENIED] username=yuhhna2907 requestedUrl=/ws/info ip=0:0:0:0:0:0:0:1
2026-04-24 10:31:13.210 [SECURITY_AUDIT] WARN  - [ACCESS_DENIED] username=yuhhna2907 requestedUrl=/ws/info ip=0:0:0:0:0:0:0:1
2026-04-24 10:31:19.248 [SECURITY_AUDIT] WARN  - [ACCESS_DENIED] username=yuhhna2907 requestedUrl=/ws/info ip=0:0:0:0:0:0:0:1
2026-04-24 10:31:25.204 [SECURITY_AUDIT] WARN  - [ACCESS_DENIED] username=yuhhna2907 requestedUrl=/ws/info ip=0:0:0:0:0:0:0:1
2026-04-24 10:31:31.205 [SECURITY_AUDIT] WARN  - [ACCESS_DENIED] username=yuhhna2907 requestedUrl=/ws/info ip=0:0:0:0:0:0:0:1
2026-04-24 10:31:37.216 [SECURITY_AUDIT] WARN  - [ACCESS_DENIED] username=yuhhna2907 requestedUrl=/ws/info ip=0:0:0:0:0:0:0:1
2026-04-24 10:31:43.203 [SECURITY_AUDIT] WARN  - [ACCESS_DENIED] username=yuhhna2907 requestedUrl=/ws/info ip=0:0:0:0:0:0:0:1
2026-04-24 10:31:49.215 [SECURITY_AUDIT] WARN  - [ACCESS_DENIED] username=yuhhna2907 requestedUrl=/ws/info ip=0:0:0:0:0:0:0:1
2026-04-24 10:31:55.211 [SECURITY_AUDIT] WARN  - [ACCESS_DENIED] username=yuhhna2907 requestedUrl=/ws/info ip=0:0:0:0:0:0:0:1
2026-04-24 10:32:01.211 [SECURITY_AUDIT] WARN  - [ACCESS_DENIED] username=yuhhna2907 requestedUrl=/ws/info ip=0:0:0:0:0:0:0:1
2026-04-24 10:32:07.207 [SECURITY_AUDIT] WARN  - [ACCESS_DENIED] username=yuhhna2907 requestedUrl=/ws/info ip=0:0:0:0:0:0:0:1
2026-04-24 10:32:13.208 [SECURITY_AUDIT] WARN  - [ACCESS_DENIED] username=yuhhna2907 requestedUrl=/ws/info ip=0:0:0:0:0:0:0:1
2026-04-24 10:32:19.216 [SECURITY_AUDIT] WARN  - [ACCESS_DENIED] username=yuhhna2907 requestedUrl=/ws/info ip=0:0:0:0:0:0:0:1
2026-04-24 10:32:25.214 [SECURITY_AUDIT] WARN  - [ACCESS_DENIED] username=yuhhna2907 requestedUrl=/ws/info ip=0:0:0:0:0:0:0:1
2026-04-24 10:32:31.277 [SECURITY_AUDIT] WARN  - [ACCESS_DENIED] username=yuhhna2907 requestedUrl=/ws/info ip=0:0:0:0:0:0:0:1
2026-04-24 10:32:37.210 [SECURITY_AUDIT] WARN  - [ACCESS_DENIED] username=yuhhna2907 requestedUrl=/ws/info ip=0:0:0:0:0:0:0:1
2026-04-24 10:32:43.203 [SECURITY_AUDIT] WARN  - [ACCESS_DENIED] username=yuhhna2907 requestedUrl=/ws/info ip=0:0:0:0:0:0:0:1
2026-04-24 10:32:49.211 [SECURITY_AUDIT] WARN  - [ACCESS_DENIED] username=yuhhna2907 requestedUrl=/ws/info ip=0:0:0:0:0:0:0:1
2026-04-24 10:32:55.218 [SECURITY_AUDIT] WARN  - [ACCESS_DENIED] username=yuhhna2907 requestedUrl=/ws/info ip=0:0:0:0:0:0:0:1
2026-04-24 10:33:01.313 [SECURITY_AUDIT] WARN  - [ACCESS_DENIED] username=yuhhna2907 requestedUrl=/ws/info ip=0:0:0:0:0:0:0:1
2026-04-24 10:33:07.212 [SECURITY_AUDIT] WARN  - [ACCESS_DENIED] username=yuhhna2907 requestedUrl=/ws/info ip=0:0:0:0:0:0:0:1
2026-04-24 10:33:13.212 [SECURITY_AUDIT] WARN  - [ACCESS_DENIED] username=yuhhna2907 requestedUrl=/ws/info ip=0:0:0:0:0:0:0:1
2026-04-24 10:33:19.218 [SECURITY_AUDIT] WARN  - [ACCESS_DENIED] username=yuhhna2907 requestedUrl=/ws/info ip=0:0:0:0:0:0:0:1
2026-04-24 10:33:25.212 [SECURITY_AUDIT] WARN  - [ACCESS_DENIED] username=yuhhna2907 requestedUrl=/ws/info ip=0:0:0:0:0:0:0:1
2026-04-24 10:33:31.835 [SECURITY_AUDIT] WARN  - [ACCESS_DENIED] username=yuhhna2907 requestedUrl=/ws/info ip=0:0:0:0:0:0:0:1
2026-04-24 10:33:37.212 [SECURITY_AUDIT] WARN  - [ACCESS_DENIED] username=yuhhna2907 requestedUrl=/ws/info ip=0:0:0:0:0:0:0:1
2026-04-24 10:33:43.212 [SECURITY_AUDIT] WARN  - [ACCESS_DENIED] username=yuhhna2907 requestedUrl=/ws/info ip=0:0:0:0:0:0:0:1
2026-04-24 10:33:49.213 [SECURITY_AUDIT] WARN  - [ACCESS_DENIED] username=yuhhna2907 requestedUrl=/ws/info ip=0:0:0:0:0:0:0:1
2026-04-24 10:33:55.213 [SECURITY_AUDIT] WARN  - [ACCESS_DENIED] username=yuhhna2907 requestedUrl=/ws/info ip=0:0:0:0:0:0:0:1
2026-04-24 10:34:01.464 [SECURITY_AUDIT] WARN  - [ACCESS_DENIED] username=yuhhna2907 requestedUrl=/ws/info ip=0:0:0:0:0:0:0:1
2026-04-24 10:34:07.209 [SECURITY_AUDIT] WARN  - [ACCESS_DENIED] username=yuhhna2907 requestedUrl=/ws/info ip=0:0:0:0:0:0:0:1
2026-04-24 10:34:13.211 [SECURITY_AUDIT] WARN  - [ACCESS_DENIED] username=yuhhna2907 requestedUrl=/ws/info ip=0:0:0:0:0:0:0:1
2026-04-24 10:34:19.201 [SECURITY_AUDIT] WARN  - [ACCESS_DENIED] username=yuhhna2907 requestedUrl=/ws/info ip=0:0:0:0:0:0:0:1
2026-04-24 10:34:25.210 [SECURITY_AUDIT] WARN  - [ACCESS_DENIED] username=yuhhna2907 requestedUrl=/ws/info ip=0:0:0:0:0:0:0:1
2026-04-24 10:34:31.207 [SECURITY_AUDIT] WARN  - [ACCESS_DENIED] username=yuhhna2907 requestedUrl=/ws/info ip=0:0:0:0:0:0:0:1
2026-04-24 10:34:37.201 [SECURITY_AUDIT] WARN  - [ACCESS_DENIED] username=yuhhna2907 requestedUrl=/ws/info ip=0:0:0:0:0:0:0:1
2026-04-24 10:34:43.216 [SECURITY_AUDIT] WARN  - [ACCESS_DENIED] username=yuhhna2907 requestedUrl=/ws/info ip=0:0:0:0:0:0:0:1
2026-04-24 10:34:49.205 [SECURITY_AUDIT] WARN  - [ACCESS_DENIED] username=yuhhna2907 requestedUrl=/ws/info ip=0:0:0:0:0:0:0:1
2026-04-24 10:34:55.208 [SECURITY_AUDIT] WARN  - [ACCESS_DENIED] username=yuhhna2907 requestedUrl=/ws/info ip=0:0:0:0:0:0:0:1
2026-04-24 10:35:01.205 [SECURITY_AUDIT] WARN  - [ACCESS_DENIED] username=yuhhna2907 requestedUrl=/ws/info ip=0:0:0:0:0:0:0:1
2026-04-24 10:35:07.203 [SECURITY_AUDIT] WARN  - [ACCESS_DENIED] username=yuhhna2907 requestedUrl=/ws/info ip=0:0:0:0:0:0:0:1
2026-04-24 10:35:13.214 [SECURITY_AUDIT] WARN  - [ACCESS_DENIED] username=yuhhna2907 requestedUrl=/ws/info ip=0:0:0:0:0:0:0:1
2026-04-24 10:35:19.216 [SECURITY_AUDIT] WARN  - [ACCESS_DENIED] username=yuhhna2907 requestedUrl=/ws/info ip=0:0:0:0:0:0:0:1
2026-04-24 10:35:25.210 [SECURITY_AUDIT] WARN  - [ACCESS_DENIED] username=yuhhna2907 requestedUrl=/ws/info ip=0:0:0:0:0:0:0:1
2026-04-24 10:35:31.201 [SECURITY_AUDIT] WARN  - [ACCESS_DENIED] username=yuhhna2907 requestedUrl=/ws/info ip=0:0:0:0:0:0:0:1
2026-04-24 10:35:37.198 [SECURITY_AUDIT] WARN  - [ACCESS_DENIED] username=yuhhna2907 requestedUrl=/ws/info ip=0:0:0:0:0:0:0:1
2026-04-24 10:35:43.214 [SECURITY_AUDIT] WARN  - [ACCESS_DENIED] username=yuhhna2907 requestedUrl=/ws/info ip=0:0:0:0:0:0:0:1
2026-04-24 10:35:49.212 [SECURITY_AUDIT] WARN  - [ACCESS_DENIED] username=yuhhna2907 requestedUrl=/ws/info ip=0:0:0:0:0:0:0:1
2026-04-24 10:35:55.210 [SECURITY_AUDIT] WARN  - [ACCESS_DENIED] username=yuhhna2907 requestedUrl=/ws/info ip=0:0:0:0:0:0:0:1
2026-04-24 10:36:01.221 [SECURITY_AUDIT] WARN  - [ACCESS_DENIED] username=yuhhna2907 requestedUrl=/ws/info ip=0:0:0:0:0:0:0:1
2026-04-24 10:36:07.210 [SECURITY_AUDIT] WARN  - [ACCESS_DENIED] username=yuhhna2907 requestedUrl=/ws/info ip=0:0:0:0:0:0:0:1
2026-04-24 10:36:13.206 [SECURITY_AUDIT] WARN  - [ACCESS_DENIED] username=yuhhna2907 requestedUrl=/ws/info ip=0:0:0:0:0:0:0:1
2026-04-24 10:36:19.215 [SECURITY_AUDIT] WARN  - [ACCESS_DENIED] username=yuhhna2907 requestedUrl=/ws/info ip=0:0:0:0:0:0:0:1
2026-04-24 10:36:25.209 [SECURITY_AUDIT] WARN  - [ACCESS_DENIED] username=yuhhna2907 requestedUrl=/ws/info ip=0:0:0:0:0:0:0:1
2026-04-24 10:36:31.223 [SECURITY_AUDIT] WARN  - [ACCESS_DENIED] username=yuhhna2907 requestedUrl=/ws/info ip=0:0:0:0:0:0:0:1
2026-04-24 10:36:37.213 [SECURITY_AUDIT] WARN  - [ACCESS_DENIED] username=yuhhna2907 requestedUrl=/ws/info ip=0:0:0:0:0:0:0:1
2026-04-24 10:36:43.220 [SECURITY_AUDIT] WARN  - [ACCESS_DENIED] username=yuhhna2907 requestedUrl=/ws/info ip=0:0:0:0:0:0:0:1
2026-04-24 10:36:49.208 [SECURITY_AUDIT] WARN  - [ACCESS_DENIED] username=yuhhna2907 requestedUrl=/ws/info ip=0:0:0:0:0:0:0:1
2026-04-24 10:36:55.214 [SECURITY_AUDIT] WARN  - [ACCESS_DENIED] username=yuhhna2907 requestedUrl=/ws/info ip=0:0:0:0:0:0:0:1
2026-04-24 10:37:01.206 [SECURITY_AUDIT] WARN  - [ACCESS_DENIED] username=yuhhna2907 requestedUrl=/ws/info ip=0:0:0:0:0:0:0:1
2026-04-24 10:37:07.220 [SECURITY_AUDIT] WARN  - [ACCESS_DENIED] username=yuhhna2907 requestedUrl=/ws/info ip=0:0:0:0:0:0:0:1
2026-04-24 10:37:13.219 [SECURITY_AUDIT] WARN  - [ACCESS_DENIED] username=yuhhna2907 requestedUrl=/ws/info ip=0:0:0:0:0:0:0:1
2026-04-24 10:37:19.265 [SECURITY_AUDIT] WARN  - [ACCESS_DENIED] username=yuhhna2907 requestedUrl=/ws/info ip=0:0:0:0:0:0:0:1
2026-04-24 10:37:25.219 [SECURITY_AUDIT] WARN  - [ACCESS_DENIED] username=yuhhna2907 requestedUrl=/ws/info ip=0:0:0:0:0:0:0:1
2026-04-24 10:37:31.212 [SECURITY_AUDIT] WARN  - [ACCESS_DENIED] username=yuhhna2907 requestedUrl=/ws/info ip=0:0:0:0:0:0:0:1
2026-04-24 10:37:37.208 [SECURITY_AUDIT] WARN  - [ACCESS_DENIED] username=yuhhna2907 requestedUrl=/ws/info ip=0:0:0:0:0:0:0:1
2026-04-24 10:37:43.212 [SECURITY_AUDIT] WARN  - [ACCESS_DENIED] username=yuhhna2907 requestedUrl=/ws/info ip=0:0:0:0:0:0:0:1
2026-04-24 10:37:49.220 [SECURITY_AUDIT] WARN  - [ACCESS_DENIED] username=yuhhna2907 requestedUrl=/ws/info ip=0:0:0:0:0:0:0:1
2026-04-24 10:37:55.215 [SECURITY_AUDIT] WARN  - [ACCESS_DENIED] username=yuhhna2907 requestedUrl=/ws/info ip=0:0:0:0:0:0:0:1
2026-04-24 10:38:01.207 [SECURITY_AUDIT] WARN  - [ACCESS_DENIED] username=yuhhna2907 requestedUrl=/ws/info ip=0:0:0:0:0:0:0:1
2026-04-24 10:38:07.216 [SECURITY_AUDIT] WARN  - [ACCESS_DENIED] username=yuhhna2907 requestedUrl=/ws/info ip=0:0:0:0:0:0:0:1
2026-04-24 10:38:13.218 [SECURITY_AUDIT] WARN  - [ACCESS_DENIED] username=yuhhna2907 requestedUrl=/ws/info ip=0:0:0:0:0:0:0:1
2026-04-24 10:38:19.209 [SECURITY_AUDIT] WARN  - [ACCESS_DENIED] username=yuhhna2907 requestedUrl=/ws/info ip=0:0:0:0:0:0:0:1
2026-04-24 10:38:25.202 [SECURITY_AUDIT] WARN  - [ACCESS_DENIED] username=yuhhna2907 requestedUrl=/ws/info ip=0:0:0:0:0:0:0:1
2026-04-24 10:38:31.210 [SECURITY_AUDIT] WARN  - [ACCESS_DENIED] username=yuhhna2907 requestedUrl=/ws/info ip=0:0:0:0:0:0:0:1
2026-04-24 10:38:37.209 [SECURITY_AUDIT] WARN  - [ACCESS_DENIED] username=yuhhna2907 requestedUrl=/ws/info ip=0:0:0:0:0:0:0:1
2026-04-24 10:38:43.224 [SECURITY_AUDIT] WARN  - [ACCESS_DENIED] username=yuhhna2907 requestedUrl=/ws/info ip=0:0:0:0:0:0:0:1
2026-04-24 10:38:49.212 [SECURITY_AUDIT] WARN  - [ACCESS_DENIED] username=yuhhna2907 requestedUrl=/ws/info ip=0:0:0:0:0:0:0:1
2026-04-24 10:38:55.292 [SECURITY_AUDIT] WARN  - [ACCESS_DENIED] username=yuhhna2907 requestedUrl=/ws/info ip=0:0:0:0:0:0:0:1
2026-04-24 10:39:01.212 [SECURITY_AUDIT] WARN  - [ACCESS_DENIED] username=yuhhna2907 requestedUrl=/ws/info ip=0:0:0:0:0:0:0:1
2026-04-24 10:39:07.337 [SECURITY_AUDIT] WARN  - [ACCESS_DENIED] username=yuhhna2907 requestedUrl=/ws/info ip=0:0:0:0:0:0:0:1
2026-04-24 10:39:13.287 [SECURITY_AUDIT] WARN  - [ACCESS_DENIED] username=yuhhna2907 requestedUrl=/ws/info ip=0:0:0:0:0:0:0:1
2026-04-24 10:39:20.041 [SECURITY_AUDIT] WARN  - [ACCESS_DENIED] username=yuhhna2907 requestedUrl=/ws/info ip=0:0:0:0:0:0:0:1
2026-04-24 10:39:25.215 [SECURITY_AUDIT] WARN  - [ACCESS_DENIED] username=yuhhna2907 requestedUrl=/ws/info ip=0:0:0:0:0:0:0:1
2026-04-24 10:39:31.213 [SECURITY_AUDIT] WARN  - [ACCESS_DENIED] username=yuhhna2907 requestedUrl=/ws/info ip=0:0:0:0:0:0:0:1
2026-04-24 10:39:37.222 [SECURITY_AUDIT] WARN  - [ACCESS_DENIED] username=yuhhna2907 requestedUrl=/ws/info ip=0:0:0:0:0:0:0:1
2026-04-24 10:39:43.224 [SECURITY_AUDIT] WARN  - [ACCESS_DENIED] username=yuhhna2907 requestedUrl=/ws/info ip=0:0:0:0:0:0:0:1
2026-04-24 10:39:49.210 [SECURITY_AUDIT] WARN  - [ACCESS_DENIED] username=yuhhna2907 requestedUrl=/ws/info ip=0:0:0:0:0:0:0:1
2026-04-24 10:39:55.202 [SECURITY_AUDIT] WARN  - [ACCESS_DENIED] username=yuhhna2907 requestedUrl=/ws/info ip=0:0:0:0:0:0:0:1
2026-04-24 10:40:01.206 [SECURITY_AUDIT] WARN  - [ACCESS_DENIED] username=yuhhna2907 requestedUrl=/ws/info ip=0:0:0:0:0:0:0:1
2026-04-24 10:40:07.224 [SECURITY_AUDIT] WARN  - [ACCESS_DENIED] username=yuhhna2907 requestedUrl=/ws/info ip=0:0:0:0:0:0:0:1
2026-04-24 10:40:13.205 [SECURITY_AUDIT] WARN  - [ACCESS_DENIED] username=yuhhna2907 requestedUrl=/ws/info ip=0:0:0:0:0:0:0:1
2026-04-24 10:40:19.208 [SECURITY_AUDIT] WARN  - [ACCESS_DENIED] username=yuhhna2907 requestedUrl=/ws/info ip=0:0:0:0:0:0:0:1
2026-04-24 10:40:25.208 [SECURITY_AUDIT] WARN  - [ACCESS_DENIED] username=yuhhna2907 requestedUrl=/ws/info ip=0:0:0:0:0:0:0:1
2026-04-24 10:40:31.213 [SECURITY_AUDIT] WARN  - [ACCESS_DENIED] username=yuhhna2907 requestedUrl=/ws/info ip=0:0:0:0:0:0:0:1
2026-04-24 10:40:37.210 [SECURITY_AUDIT] WARN  - [ACCESS_DENIED] username=yuhhna2907 requestedUrl=/ws/info ip=0:0:0:0:0:0:0:1
2026-04-24 10:40:43.218 [SECURITY_AUDIT] WARN  - [ACCESS_DENIED] username=yuhhna2907 requestedUrl=/ws/info ip=0:0:0:0:0:0:0:1
2026-04-24 10:40:49.206 [SECURITY_AUDIT] WARN  - [ACCESS_DENIED] username=yuhhna2907 requestedUrl=/ws/info ip=0:0:0:0:0:0:0:1
2026-04-24 10:40:55.212 [SECURITY_AUDIT] WARN  - [ACCESS_DENIED] username=yuhhna2907 requestedUrl=/ws/info ip=0:0:0:0:0:0:0:1
2026-04-24 10:41:01.273 [SECURITY_AUDIT] WARN  - [ACCESS_DENIED] username=yuhhna2907 requestedUrl=/ws/info ip=0:0:0:0:0:0:0:1
2026-04-24 10:41:07.201 [SECURITY_AUDIT] WARN  - [ACCESS_DENIED] username=yuhhna2907 requestedUrl=/ws/info ip=0:0:0:0:0:0:0:1
2026-04-24 10:41:13.210 [SECURITY_AUDIT] WARN  - [ACCESS_DENIED] username=yuhhna2907 requestedUrl=/ws/info ip=0:0:0:0:0:0:0:1
2026-04-24 10:41:19.202 [SECURITY_AUDIT] WARN  - [ACCESS_DENIED] username=yuhhna2907 requestedUrl=/ws/info ip=0:0:0:0:0:0:0:1
2026-04-24 10:41:25.217 [SECURITY_AUDIT] WARN  - [ACCESS_DENIED] username=yuhhna2907 requestedUrl=/ws/info ip=0:0:0:0:0:0:0:1
2026-04-24 10:41:31.206 [SECURITY_AUDIT] WARN  - [ACCESS_DENIED] username=yuhhna2907 requestedUrl=/ws/info ip=0:0:0:0:0:0:0:1
2026-04-24 10:41:37.209 [SECURITY_AUDIT] WARN  - [ACCESS_DENIED] username=yuhhna2907 requestedUrl=/ws/info ip=0:0:0:0:0:0:0:1
2026-04-24 10:41:43.210 [SECURITY_AUDIT] WARN  - [ACCESS_DENIED] username=yuhhna2907 requestedUrl=/ws/info ip=0:0:0:0:0:0:0:1
2026-04-24 10:41:49.214 [SECURITY_AUDIT] WARN  - [ACCESS_DENIED] username=yuhhna2907 requestedUrl=/ws/info ip=0:0:0:0:0:0:0:1
2026-04-24 10:41:55.211 [SECURITY_AUDIT] WARN  - [ACCESS_DENIED] username=yuhhna2907 requestedUrl=/ws/info ip=0:0:0:0:0:0:0:1
2026-04-24 10:42:01.202 [SECURITY_AUDIT] WARN  - [ACCESS_DENIED] username=yuhhna2907 requestedUrl=/ws/info ip=0:0:0:0:0:0:0:1
2026-04-24 10:42:07.215 [SECURITY_AUDIT] WARN  - [ACCESS_DENIED] username=yuhhna2907 requestedUrl=/ws/info ip=0:0:0:0:0:0:0:1
2026-04-24 10:42:13.204 [SECURITY_AUDIT] WARN  - [ACCESS_DENIED] username=yuhhna2907 requestedUrl=/ws/info ip=0:0:0:0:0:0:0:1
2026-04-24 10:42:19.215 [SECURITY_AUDIT] WARN  - [ACCESS_DENIED] username=yuhhna2907 requestedUrl=/ws/info ip=0:0:0:0:0:0:0:1
2026-04-24 10:42:25.209 [SECURITY_AUDIT] WARN  - [ACCESS_DENIED] username=yuhhna2907 requestedUrl=/ws/info ip=0:0:0:0:0:0:0:1
2026-04-24 10:42:31.213 [SECURITY_AUDIT] WARN  - [ACCESS_DENIED] username=yuhhna2907 requestedUrl=/ws/info ip=0:0:0:0:0:0:0:1
2026-04-24 10:42:37.212 [SECURITY_AUDIT] WARN  - [ACCESS_DENIED] username=yuhhna2907 requestedUrl=/ws/info ip=0:0:0:0:0:0:0:1
2026-04-24 10:42:43.211 [SECURITY_AUDIT] WARN  - [ACCESS_DENIED] username=yuhhna2907 requestedUrl=/ws/info ip=0:0:0:0:0:0:0:1
2026-04-24 10:42:49.200 [SECURITY_AUDIT] WARN  - [ACCESS_DENIED] username=yuhhna2907 requestedUrl=/ws/info ip=0:0:0:0:0:0:0:1
2026-04-24 10:42:55.212 [SECURITY_AUDIT] WARN  - [ACCESS_DENIED] username=yuhhna2907 requestedUrl=/ws/info ip=0:0:0:0:0:0:0:1
2026-04-24 10:43:01.202 [SECURITY_AUDIT] WARN  - [ACCESS_DENIED] username=yuhhna2907 requestedUrl=/ws/info ip=0:0:0:0:0:0:0:1
2026-04-24 10:43:07.212 [SECURITY_AUDIT] WARN  - [ACCESS_DENIED] username=yuhhna2907 requestedUrl=/ws/info ip=0:0:0:0:0:0:0:1
2026-04-24 10:43:13.204 [SECURITY_AUDIT] WARN  - [ACCESS_DENIED] username=yuhhna2907 requestedUrl=/ws/info ip=0:0:0:0:0:0:0:1
2026-04-24 10:43:19.201 [SECURITY_AUDIT] WARN  - [ACCESS_DENIED] username=yuhhna2907 requestedUrl=/ws/info ip=0:0:0:0:0:0:0:1
2026-04-24 10:43:25.212 [SECURITY_AUDIT] WARN  - [ACCESS_DENIED] username=yuhhna2907 requestedUrl=/ws/info ip=0:0:0:0:0:0:0:1
2026-04-24 10:43:31.207 [SECURITY_AUDIT] WARN  - [ACCESS_DENIED] username=yuhhna2907 requestedUrl=/ws/info ip=0:0:0:0:0:0:0:1
2026-04-24 10:43:37.204 [SECURITY_AUDIT] WARN  - [ACCESS_DENIED] username=yuhhna2907 requestedUrl=/ws/info ip=0:0:0:0:0:0:0:1
2026-04-24 10:43:43.198 [SECURITY_AUDIT] WARN  - [ACCESS_DENIED] username=yuhhna2907 requestedUrl=/ws/info ip=0:0:0:0:0:0:0:1
2026-04-24 10:43:49.213 [SECURITY_AUDIT] WARN  - [ACCESS_DENIED] username=yuhhna2907 requestedUrl=/ws/info ip=0:0:0:0:0:0:0:1
2026-04-24 10:43:55.203 [SECURITY_AUDIT] WARN  - [ACCESS_DENIED] username=yuhhna2907 requestedUrl=/ws/info ip=0:0:0:0:0:0:0:1
2026-04-24 10:44:01.243 [SECURITY_AUDIT] WARN  - [ACCESS_DENIED] username=yuhhna2907 requestedUrl=/ws/info ip=0:0:0:0:0:0:0:1
2026-04-24 10:44:07.202 [SECURITY_AUDIT] WARN  - [ACCESS_DENIED] username=yuhhna2907 requestedUrl=/ws/info ip=0:0:0:0:0:0:0:1
2026-04-24 10:44:13.207 [SECURITY_AUDIT] WARN  - [ACCESS_DENIED] username=yuhhna2907 requestedUrl=/ws/info ip=0:0:0:0:0:0:0:1
2026-04-24 10:44:19.208 [SECURITY_AUDIT] WARN  - [ACCESS_DENIED] username=yuhhna2907 requestedUrl=/ws/info ip=0:0:0:0:0:0:0:1
2026-04-24 10:44:25.205 [SECURITY_AUDIT] WARN  - [ACCESS_DENIED] username=yuhhna2907 requestedUrl=/ws/info ip=0:0:0:0:0:0:0:1
2026-04-24 10:44:31.220 [SECURITY_AUDIT] WARN  - [ACCESS_DENIED] username=yuhhna2907 requestedUrl=/ws/info ip=0:0:0:0:0:0:0:1
2026-04-24 10:44:37.212 [SECURITY_AUDIT] WARN  - [ACCESS_DENIED] username=yuhhna2907 requestedUrl=/ws/info ip=0:0:0:0:0:0:0:1
2026-04-24 10:44:43.205 [SECURITY_AUDIT] WARN  - [ACCESS_DENIED] username=yuhhna2907 requestedUrl=/ws/info ip=0:0:0:0:0:0:0:1
2026-04-24 10:44:49.204 [SECURITY_AUDIT] WARN  - [ACCESS_DENIED] username=yuhhna2907 requestedUrl=/ws/info ip=0:0:0:0:0:0:0:1
2026-04-24 10:44:55.209 [SECURITY_AUDIT] WARN  - [ACCESS_DENIED] username=yuhhna2907 requestedUrl=/ws/info ip=0:0:0:0:0:0:0:1
2026-04-24 10:45:01.205 [SECURITY_AUDIT] WARN  - [ACCESS_DENIED] username=yuhhna2907 requestedUrl=/ws/info ip=0:0:0:0:0:0:0:1
2026-04-24 10:45:07.211 [SECURITY_AUDIT] WARN  - [ACCESS_DENIED] username=yuhhna2907 requestedUrl=/ws/info ip=0:0:0:0:0:0:0:1
2026-04-24 10:45:13.212 [SECURITY_AUDIT] WARN  - [ACCESS_DENIED] username=yuhhna2907 requestedUrl=/ws/info ip=0:0:0:0:0:0:0:1
2026-04-24 10:45:19.204 [SECURITY_AUDIT] WARN  - [ACCESS_DENIED] username=yuhhna2907 requestedUrl=/ws/info ip=0:0:0:0:0:0:0:1
2026-04-24 10:45:25.205 [SECURITY_AUDIT] WARN  - [ACCESS_DENIED] username=yuhhna2907 requestedUrl=/ws/info ip=0:0:0:0:0:0:0:1
2026-04-24 10:45:31.208 [SECURITY_AUDIT] WARN  - [ACCESS_DENIED] username=yuhhna2907 requestedUrl=/ws/info ip=0:0:0:0:0:0:0:1
2026-04-24 10:45:37.201 [SECURITY_AUDIT] WARN  - [ACCESS_DENIED] username=yuhhna2907 requestedUrl=/ws/info ip=0:0:0:0:0:0:0:1
2026-04-24 10:45:43.217 [SECURITY_AUDIT] WARN  - [ACCESS_DENIED] username=yuhhna2907 requestedUrl=/ws/info ip=0:0:0:0:0:0:0:1
2026-04-24 10:45:49.214 [SECURITY_AUDIT] WARN  - [ACCESS_DENIED] username=yuhhna2907 requestedUrl=/ws/info ip=0:0:0:0:0:0:0:1
2026-04-24 10:45:55.205 [SECURITY_AUDIT] WARN  - [ACCESS_DENIED] username=yuhhna2907 requestedUrl=/ws/info ip=0:0:0:0:0:0:0:1
2026-04-24 10:46:01.211 [SECURITY_AUDIT] WARN  - [ACCESS_DENIED] username=yuhhna2907 requestedUrl=/ws/info ip=0:0:0:0:0:0:0:1
2026-04-24 10:46:07.206 [SECURITY_AUDIT] WARN  - [ACCESS_DENIED] username=yuhhna2907 requestedUrl=/ws/info ip=0:0:0:0:0:0:0:1
2026-04-24 10:46:13.207 [SECURITY_AUDIT] WARN  - [ACCESS_DENIED] username=yuhhna2907 requestedUrl=/ws/info ip=0:0:0:0:0:0:0:1
2026-04-24 10:46:19.208 [SECURITY_AUDIT] WARN  - [ACCESS_DENIED] username=yuhhna2907 requestedUrl=/ws/info ip=0:0:0:0:0:0:0:1
2026-04-24 10:46:25.209 [SECURITY_AUDIT] WARN  - [ACCESS_DENIED] username=yuhhna2907 requestedUrl=/ws/info ip=0:0:0:0:0:0:0:1
2026-04-24 10:46:31.207 [SECURITY_AUDIT] WARN  - [ACCESS_DENIED] username=yuhhna2907 requestedUrl=/ws/info ip=0:0:0:0:0:0:0:1
2026-04-24 10:46:37.206 [SECURITY_AUDIT] WARN  - [ACCESS_DENIED] username=yuhhna2907 requestedUrl=/ws/info ip=0:0:0:0:0:0:0:1
2026-04-24 10:46:43.214 [SECURITY_AUDIT] WARN  - [ACCESS_DENIED] username=yuhhna2907 requestedUrl=/ws/info ip=0:0:0:0:0:0:0:1
2026-04-24 10:46:49.203 [SECURITY_AUDIT] WARN  - [ACCESS_DENIED] username=yuhhna2907 requestedUrl=/ws/info ip=0:0:0:0:0:0:0:1
2026-04-24 10:46:55.200 [SECURITY_AUDIT] WARN  - [ACCESS_DENIED] username=yuhhna2907 requestedUrl=/ws/info ip=0:0:0:0:0:0:0:1
2026-04-24 10:47:01.207 [SECURITY_AUDIT] WARN  - [ACCESS_DENIED] username=yuhhna2907 requestedUrl=/ws/info ip=0:0:0:0:0:0:0:1
2026-04-24 10:47:07.212 [SECURITY_AUDIT] WARN  - [ACCESS_DENIED] username=yuhhna2907 requestedUrl=/ws/info ip=0:0:0:0:0:0:0:1
2026-04-24 10:47:13.211 [SECURITY_AUDIT] WARN  - [ACCESS_DENIED] username=yuhhna2907 requestedUrl=/ws/info ip=0:0:0:0:0:0:0:1
2026-04-24 10:47:19.202 [SECURITY_AUDIT] WARN  - [ACCESS_DENIED] username=yuhhna2907 requestedUrl=/ws/info ip=0:0:0:0:0:0:0:1
2026-04-24 10:47:25.214 [SECURITY_AUDIT] WARN  - [ACCESS_DENIED] username=yuhhna2907 requestedUrl=/ws/info ip=0:0:0:0:0:0:0:1
2026-04-24 10:47:31.214 [SECURITY_AUDIT] WARN  - [ACCESS_DENIED] username=yuhhna2907 requestedUrl=/ws/info ip=0:0:0:0:0:0:0:1
2026-04-24 10:47:37.206 [SECURITY_AUDIT] WARN  - [ACCESS_DENIED] username=yuhhna2907 requestedUrl=/ws/info ip=0:0:0:0:0:0:0:1
2026-04-24 10:47:43.201 [SECURITY_AUDIT] WARN  - [ACCESS_DENIED] username=yuhhna2907 requestedUrl=/ws/info ip=0:0:0:0:0:0:0:1
2026-04-24 10:47:49.217 [SECURITY_AUDIT] WARN  - [ACCESS_DENIED] username=yuhhna2907 requestedUrl=/ws/info ip=0:0:0:0:0:0:0:1
2026-04-24 10:47:55.214 [SECURITY_AUDIT] WARN  - [ACCESS_DENIED] username=yuhhna2907 requestedUrl=/ws/info ip=0:0:0:0:0:0:0:1
2026-04-24 10:48:01.211 [SECURITY_AUDIT] WARN  - [ACCESS_DENIED] username=yuhhna2907 requestedUrl=/ws/info ip=0:0:0:0:0:0:0:1
2026-04-24 10:48:07.208 [SECURITY_AUDIT] WARN  - [ACCESS_DENIED] username=yuhhna2907 requestedUrl=/ws/info ip=0:0:0:0:0:0:0:1
2026-04-24 10:48:13.207 [SECURITY_AUDIT] WARN  - [ACCESS_DENIED] username=yuhhna2907 requestedUrl=/ws/info ip=0:0:0:0:0:0:0:1
2026-04-24 10:48:19.298 [SECURITY_AUDIT] WARN  - [ACCESS_DENIED] username=yuhhna2907 requestedUrl=/ws/info ip=0:0:0:0:0:0:0:1
2026-04-24 10:48:25.198 [SECURITY_AUDIT] WARN  - [ACCESS_DENIED] username=yuhhna2907 requestedUrl=/ws/info ip=0:0:0:0:0:0:0:1
2026-04-24 10:48:31.213 [SECURITY_AUDIT] WARN  - [ACCESS_DENIED] username=yuhhna2907 requestedUrl=/ws/info ip=0:0:0:0:0:0:0:1
2026-04-24 10:48:37.211 [SECURITY_AUDIT] WARN  - [ACCESS_DENIED] username=yuhhna2907 requestedUrl=/ws/info ip=0:0:0:0:0:0:0:1
2026-04-24 10:48:43.208 [SECURITY_AUDIT] WARN  - [ACCESS_DENIED] username=yuhhna2907 requestedUrl=/ws/info ip=0:0:0:0:0:0:0:1
2026-04-24 10:48:49.204 [SECURITY_AUDIT] WARN  - [ACCESS_DENIED] username=yuhhna2907 requestedUrl=/ws/info ip=0:0:0:0:0:0:0:1
2026-04-24 10:48:55.199 [SECURITY_AUDIT] WARN  - [ACCESS_DENIED] username=yuhhna2907 requestedUrl=/ws/info ip=0:0:0:0:0:0:0:1
2026-04-24 10:49:01.208 [SECURITY_AUDIT] WARN  - [ACCESS_DENIED] username=yuhhna2907 requestedUrl=/ws/info ip=0:0:0:0:0:0:0:1
2026-04-24 10:49:07.211 [SECURITY_AUDIT] WARN  - [ACCESS_DENIED] username=yuhhna2907 requestedUrl=/ws/info ip=0:0:0:0:0:0:0:1
2026-04-24 10:49:13.212 [SECURITY_AUDIT] WARN  - [ACCESS_DENIED] username=yuhhna2907 requestedUrl=/ws/info ip=0:0:0:0:0:0:0:1
2026-04-24 10:49:19.279 [SECURITY_AUDIT] WARN  - [ACCESS_DENIED] username=yuhhna2907 requestedUrl=/ws/info ip=0:0:0:0:0:0:0:1
2026-04-24 10:49:25.213 [SECURITY_AUDIT] WARN  - [ACCESS_DENIED] username=yuhhna2907 requestedUrl=/ws/info ip=0:0:0:0:0:0:0:1
2026-04-24 10:49:31.209 [SECURITY_AUDIT] WARN  - [ACCESS_DENIED] username=yuhhna2907 requestedUrl=/ws/info ip=0:0:0:0:0:0:0:1
2026-04-24 10:49:37.213 [SECURITY_AUDIT] WARN  - [ACCESS_DENIED] username=yuhhna2907 requestedUrl=/ws/info ip=0:0:0:0:0:0:0:1
2026-04-24 10:49:43.204 [SECURITY_AUDIT] WARN  - [ACCESS_DENIED] username=yuhhna2907 requestedUrl=/ws/info ip=0:0:0:0:0:0:0:1
2026-04-24 10:49:49.695 [SECURITY_AUDIT] WARN  - [ACCESS_DENIED] username=yuhhna2907 requestedUrl=/ws/info ip=0:0:0:0:0:0:0:1
2026-04-24 10:49:55.208 [SECURITY_AUDIT] WARN  - [ACCESS_DENIED] username=yuhhna2907 requestedUrl=/ws/info ip=0:0:0:0:0:0:0:1
2026-04-24 10:50:01.208 [SECURITY_AUDIT] WARN  - [ACCESS_DENIED] username=yuhhna2907 requestedUrl=/ws/info ip=0:0:0:0:0:0:0:1
2026-04-24 10:50:07.199 [SECURITY_AUDIT] WARN  - [ACCESS_DENIED] username=yuhhna2907 requestedUrl=/ws/info ip=0:0:0:0:0:0:0:1
2026-04-24 10:50:13.209 [SECURITY_AUDIT] WARN  - [ACCESS_DENIED] username=yuhhna2907 requestedUrl=/ws/info ip=0:0:0:0:0:0:0:1
2026-04-24 10:50:19.355 [SECURITY_AUDIT] WARN  - [ACCESS_DENIED] username=yuhhna2907 requestedUrl=/ws/info ip=0:0:0:0:0:0:0:1
2026-04-24 10:50:25.206 [SECURITY_AUDIT] WARN  - [ACCESS_DENIED] username=yuhhna2907 requestedUrl=/ws/info ip=0:0:0:0:0:0:0:1
2026-04-24 10:50:31.214 [SECURITY_AUDIT] WARN  - [ACCESS_DENIED] username=yuhhna2907 requestedUrl=/ws/info ip=0:0:0:0:0:0:0:1
2026-04-24 10:50:37.210 [SECURITY_AUDIT] WARN  - [ACCESS_DENIED] username=yuhhna2907 requestedUrl=/ws/info ip=0:0:0:0:0:0:0:1
2026-04-24 10:50:43.205 [SECURITY_AUDIT] WARN  - [ACCESS_DENIED] username=yuhhna2907 requestedUrl=/ws/info ip=0:0:0:0:0:0:0:1
2026-04-24 10:50:49.495 [SECURITY_AUDIT] WARN  - [ACCESS_DENIED] username=yuhhna2907 requestedUrl=/ws/info ip=0:0:0:0:0:0:0:1
2026-04-24 10:50:55.212 [SECURITY_AUDIT] WARN  - [ACCESS_DENIED] username=yuhhna2907 requestedUrl=/ws/info ip=0:0:0:0:0:0:0:1
2026-04-24 10:51:01.205 [SECURITY_AUDIT] WARN  - [ACCESS_DENIED] username=yuhhna2907 requestedUrl=/ws/info ip=0:0:0:0:0:0:0:1
2026-04-24 10:51:07.203 [SECURITY_AUDIT] WARN  - [ACCESS_DENIED] username=yuhhna2907 requestedUrl=/ws/info ip=0:0:0:0:0:0:0:1
2026-04-24 10:51:13.207 [SECURITY_AUDIT] WARN  - [ACCESS_DENIED] username=yuhhna2907 requestedUrl=/ws/info ip=0:0:0:0:0:0:0:1
2026-04-24 10:51:19.209 [SECURITY_AUDIT] WARN  - [ACCESS_DENIED] username=yuhhna2907 requestedUrl=/ws/info ip=0:0:0:0:0:0:0:1
2026-04-24 10:51:25.199 [SECURITY_AUDIT] WARN  - [ACCESS_DENIED] username=yuhhna2907 requestedUrl=/ws/info ip=0:0:0:0:0:0:0:1
2026-04-24 10:51:31.207 [SECURITY_AUDIT] WARN  - [ACCESS_DENIED] username=yuhhna2907 requestedUrl=/ws/info ip=0:0:0:0:0:0:0:1
2026-04-24 10:51:37.207 [SECURITY_AUDIT] WARN  - [ACCESS_DENIED] username=yuhhna2907 requestedUrl=/ws/info ip=0:0:0:0:0:0:0:1
2026-04-24 10:51:43.207 [SECURITY_AUDIT] WARN  - [ACCESS_DENIED] username=yuhhna2907 requestedUrl=/ws/info ip=0:0:0:0:0:0:0:1
2026-04-24 10:51:49.201 [SECURITY_AUDIT] WARN  - [ACCESS_DENIED] username=yuhhna2907 requestedUrl=/ws/info ip=0:0:0:0:0:0:0:1
2026-04-24 10:51:55.207 [SECURITY_AUDIT] WARN  - [ACCESS_DENIED] username=yuhhna2907 requestedUrl=/ws/info ip=0:0:0:0:0:0:0:1
2026-04-24 10:52:01.219 [SECURITY_AUDIT] WARN  - [ACCESS_DENIED] username=yuhhna2907 requestedUrl=/ws/info ip=0:0:0:0:0:0:0:1
2026-04-24 10:52:07.201 [SECURITY_AUDIT] WARN  - [ACCESS_DENIED] username=yuhhna2907 requestedUrl=/ws/info ip=0:0:0:0:0:0:0:1
2026-04-24 10:52:13.201 [SECURITY_AUDIT] WARN  - [ACCESS_DENIED] username=yuhhna2907 requestedUrl=/ws/info ip=0:0:0:0:0:0:0:1
2026-04-24 10:52:19.207 [SECURITY_AUDIT] WARN  - [ACCESS_DENIED] username=yuhhna2907 requestedUrl=/ws/info ip=0:0:0:0:0:0:0:1
2026-04-24 10:52:25.203 [SECURITY_AUDIT] WARN  - [ACCESS_DENIED] username=yuhhna2907 requestedUrl=/ws/info ip=0:0:0:0:0:0:0:1
2026-04-24 10:52:31.209 [SECURITY_AUDIT] WARN  - [ACCESS_DENIED] username=yuhhna2907 requestedUrl=/ws/info ip=0:0:0:0:0:0:0:1
2026-04-24 10:52:37.208 [SECURITY_AUDIT] WARN  - [ACCESS_DENIED] username=yuhhna2907 requestedUrl=/ws/info ip=0:0:0:0:0:0:0:1
2026-04-24 10:52:43.213 [SECURITY_AUDIT] WARN  - [ACCESS_DENIED] username=yuhhna2907 requestedUrl=/ws/info ip=0:0:0:0:0:0:0:1
2026-04-24 10:52:49.207 [SECURITY_AUDIT] WARN  - [ACCESS_DENIED] username=yuhhna2907 requestedUrl=/ws/info ip=0:0:0:0:0:0:0:1
2026-04-24 10:52:55.203 [SECURITY_AUDIT] WARN  - [ACCESS_DENIED] username=yuhhna2907 requestedUrl=/ws/info ip=0:0:0:0:0:0:0:1
2026-04-24 10:53:01.204 [SECURITY_AUDIT] WARN  - [ACCESS_DENIED] username=yuhhna2907 requestedUrl=/ws/info ip=0:0:0:0:0:0:0:1
2026-04-24 10:53:07.201 [SECURITY_AUDIT] WARN  - [ACCESS_DENIED] username=yuhhna2907 requestedUrl=/ws/info ip=0:0:0:0:0:0:0:1
2026-04-24 10:53:13.201 [SECURITY_AUDIT] WARN  - [ACCESS_DENIED] username=yuhhna2907 requestedUrl=/ws/info ip=0:0:0:0:0:0:0:1
2026-04-24 10:53:19.202 [SECURITY_AUDIT] WARN  - [ACCESS_DENIED] username=yuhhna2907 requestedUrl=/ws/info ip=0:0:0:0:0:0:0:1
2026-04-24 10:53:25.200 [SECURITY_AUDIT] WARN  - [ACCESS_DENIED] username=yuhhna2907 requestedUrl=/ws/info ip=0:0:0:0:0:0:0:1
2026-04-24 10:53:31.261 [SECURITY_AUDIT] WARN  - [ACCESS_DENIED] username=yuhhna2907 requestedUrl=/ws/info ip=0:0:0:0:0:0:0:1
2026-04-24 10:53:37.203 [SECURITY_AUDIT] WARN  - [ACCESS_DENIED] username=yuhhna2907 requestedUrl=/ws/info ip=0:0:0:0:0:0:0:1
2026-04-24 10:53:43.212 [SECURITY_AUDIT] WARN  - [ACCESS_DENIED] username=yuhhna2907 requestedUrl=/ws/info ip=0:0:0:0:0:0:0:1
2026-04-24 10:53:49.208 [SECURITY_AUDIT] WARN  - [ACCESS_DENIED] username=yuhhna2907 requestedUrl=/ws/info ip=0:0:0:0:0:0:0:1
2026-04-24 10:53:55.199 [SECURITY_AUDIT] WARN  - [ACCESS_DENIED] username=yuhhna2907 requestedUrl=/ws/info ip=0:0:0:0:0:0:0:1
2026-04-24 10:54:01.202 [SECURITY_AUDIT] WARN  - [ACCESS_DENIED] username=yuhhna2907 requestedUrl=/ws/info ip=0:0:0:0:0:0:0:1
2026-04-24 10:54:07.209 [SECURITY_AUDIT] WARN  - [ACCESS_DENIED] username=yuhhna2907 requestedUrl=/ws/info ip=0:0:0:0:0:0:0:1
2026-04-24 10:54:13.206 [SECURITY_AUDIT] WARN  - [ACCESS_DENIED] username=yuhhna2907 requestedUrl=/ws/info ip=0:0:0:0:0:0:0:1
2026-04-24 10:54:19.205 [SECURITY_AUDIT] WARN  - [ACCESS_DENIED] username=yuhhna2907 requestedUrl=/ws/info ip=0:0:0:0:0:0:0:1
2026-04-24 10:54:25.208 [SECURITY_AUDIT] WARN  - [ACCESS_DENIED] username=yuhhna2907 requestedUrl=/ws/info ip=0:0:0:0:0:0:0:1
2026-04-24 10:54:31.204 [SECURITY_AUDIT] WARN  - [ACCESS_DENIED] username=yuhhna2907 requestedUrl=/ws/info ip=0:0:0:0:0:0:0:1
2026-04-24 10:54:37.199 [SECURITY_AUDIT] WARN  - [ACCESS_DENIED] username=yuhhna2907 requestedUrl=/ws/info ip=0:0:0:0:0:0:0:1
2026-04-24 10:54:43.207 [SECURITY_AUDIT] WARN  - [ACCESS_DENIED] username=yuhhna2907 requestedUrl=/ws/info ip=0:0:0:0:0:0:0:1
2026-04-24 10:54:49.199 [SECURITY_AUDIT] WARN  - [ACCESS_DENIED] username=yuhhna2907 requestedUrl=/ws/info ip=0:0:0:0:0:0:0:1
2026-04-24 10:54:55.207 [SECURITY_AUDIT] WARN  - [ACCESS_DENIED] username=yuhhna2907 requestedUrl=/ws/info ip=0:0:0:0:0:0:0:1
2026-04-24 10:55:01.208 [SECURITY_AUDIT] WARN  - [ACCESS_DENIED] username=yuhhna2907 requestedUrl=/ws/info ip=0:0:0:0:0:0:0:1
2026-04-24 10:55:07.203 [SECURITY_AUDIT] WARN  - [ACCESS_DENIED] username=yuhhna2907 requestedUrl=/ws/info ip=0:0:0:0:0:0:0:1
2026-04-24 10:55:13.212 [SECURITY_AUDIT] WARN  - [ACCESS_DENIED] username=yuhhna2907 requestedUrl=/ws/info ip=0:0:0:0:0:0:0:1
2026-04-24 10:55:19.207 [SECURITY_AUDIT] WARN  - [ACCESS_DENIED] username=yuhhna2907 requestedUrl=/ws/info ip=0:0:0:0:0:0:0:1
2026-04-24 10:55:25.208 [SECURITY_AUDIT] WARN  - [ACCESS_DENIED] username=yuhhna2907 requestedUrl=/ws/info ip=0:0:0:0:0:0:0:1
2026-04-24 10:55:31.211 [SECURITY_AUDIT] WARN  - [ACCESS_DENIED] username=yuhhna2907 requestedUrl=/ws/info ip=0:0:0:0:0:0:0:1
2026-04-24 10:55:37.206 [SECURITY_AUDIT] WARN  - [ACCESS_DENIED] username=yuhhna2907 requestedUrl=/ws/info ip=0:0:0:0:0:0:0:1
2026-04-24 10:55:43.214 [SECURITY_AUDIT] WARN  - [ACCESS_DENIED] username=yuhhna2907 requestedUrl=/ws/info ip=0:0:0:0:0:0:0:1
2026-04-24 10:55:49.204 [SECURITY_AUDIT] WARN  - [ACCESS_DENIED] username=yuhhna2907 requestedUrl=/ws/info ip=0:0:0:0:0:0:0:1
2026-04-24 10:55:55.201 [SECURITY_AUDIT] WARN  - [ACCESS_DENIED] username=yuhhna2907 requestedUrl=/ws/info ip=0:0:0:0:0:0:0:1
2026-04-24 10:56:01.203 [SECURITY_AUDIT] WARN  - [ACCESS_DENIED] username=yuhhna2907 requestedUrl=/ws/info ip=0:0:0:0:0:0:0:1
2026-04-24 10:56:07.210 [SECURITY_AUDIT] WARN  - [ACCESS_DENIED] username=yuhhna2907 requestedUrl=/ws/info ip=0:0:0:0:0:0:0:1
2026-04-24 10:56:13.212 [SECURITY_AUDIT] WARN  - [ACCESS_DENIED] username=yuhhna2907 requestedUrl=/ws/info ip=0:0:0:0:0:0:0:1
2026-04-24 10:56:19.212 [SECURITY_AUDIT] WARN  - [ACCESS_DENIED] username=yuhhna2907 requestedUrl=/ws/info ip=0:0:0:0:0:0:0:1
2026-04-24 10:56:25.200 [SECURITY_AUDIT] WARN  - [ACCESS_DENIED] username=yuhhna2907 requestedUrl=/ws/info ip=0:0:0:0:0:0:0:1
2026-04-24 10:56:31.205 [SECURITY_AUDIT] WARN  - [ACCESS_DENIED] username=yuhhna2907 requestedUrl=/ws/info ip=0:0:0:0:0:0:0:1
2026-04-24 10:56:37.204 [SECURITY_AUDIT] WARN  - [ACCESS_DENIED] username=yuhhna2907 requestedUrl=/ws/info ip=0:0:0:0:0:0:0:1
2026-04-24 10:56:43.202 [SECURITY_AUDIT] WARN  - [ACCESS_DENIED] username=yuhhna2907 requestedUrl=/ws/info ip=0:0:0:0:0:0:0:1
2026-04-24 10:56:49.207 [SECURITY_AUDIT] WARN  - [ACCESS_DENIED] username=yuhhna2907 requestedUrl=/ws/info ip=0:0:0:0:0:0:0:1
2026-04-24 10:56:55.211 [SECURITY_AUDIT] WARN  - [ACCESS_DENIED] username=yuhhna2907 requestedUrl=/ws/info ip=0:0:0:0:0:0:0:1
2026-04-24 10:57:01.206 [SECURITY_AUDIT] WARN  - [ACCESS_DENIED] username=yuhhna2907 requestedUrl=/ws/info ip=0:0:0:0:0:0:0:1
2026-04-24 10:57:07.213 [SECURITY_AUDIT] WARN  - [ACCESS_DENIED] username=yuhhna2907 requestedUrl=/ws/info ip=0:0:0:0:0:0:0:1
2026-04-24 10:57:13.207 [SECURITY_AUDIT] WARN  - [ACCESS_DENIED] username=yuhhna2907 requestedUrl=/ws/info ip=0:0:0:0:0:0:0:1
2026-04-24 10:57:19.203 [SECURITY_AUDIT] WARN  - [ACCESS_DENIED] username=yuhhna2907 requestedUrl=/ws/info ip=0:0:0:0:0:0:0:1
2026-04-24 10:57:25.202 [SECURITY_AUDIT] WARN  - [ACCESS_DENIED] username=yuhhna2907 requestedUrl=/ws/info ip=0:0:0:0:0:0:0:1
2026-04-24 10:57:31.219 [SECURITY_AUDIT] WARN  - [ACCESS_DENIED] username=yuhhna2907 requestedUrl=/ws/info ip=0:0:0:0:0:0:0:1
2026-04-24 10:57:37.202 [SECURITY_AUDIT] WARN  - [ACCESS_DENIED] username=yuhhna2907 requestedUrl=/ws/info ip=0:0:0:0:0:0:0:1
2026-04-24 10:57:43.200 [SECURITY_AUDIT] WARN  - [ACCESS_DENIED] username=yuhhna2907 requestedUrl=/ws/info ip=0:0:0:0:0:0:0:1
2026-04-24 10:57:49.216 [SECURITY_AUDIT] WARN  - [ACCESS_DENIED] username=yuhhna2907 requestedUrl=/ws/info ip=0:0:0:0:0:0:0:1
2026-04-24 10:57:55.200 [SECURITY_AUDIT] WARN  - [ACCESS_DENIED] username=yuhhna2907 requestedUrl=/ws/info ip=0:0:0:0:0:0:0:1
2026-04-24 10:58:01.207 [SECURITY_AUDIT] WARN  - [ACCESS_DENIED] username=yuhhna2907 requestedUrl=/ws/info ip=0:0:0:0:0:0:0:1
2026-04-24 10:58:07.203 [SECURITY_AUDIT] WARN  - [ACCESS_DENIED] username=yuhhna2907 requestedUrl=/ws/info ip=0:0:0:0:0:0:0:1
2026-04-24 10:58:13.210 [SECURITY_AUDIT] WARN  - [ACCESS_DENIED] username=yuhhna2907 requestedUrl=/ws/info ip=0:0:0:0:0:0:0:1
2026-04-24 10:58:19.202 [SECURITY_AUDIT] WARN  - [ACCESS_DENIED] username=yuhhna2907 requestedUrl=/ws/info ip=0:0:0:0:0:0:0:1
2026-04-24 10:58:25.202 [SECURITY_AUDIT] WARN  - [ACCESS_DENIED] username=yuhhna2907 requestedUrl=/ws/info ip=0:0:0:0:0:0:0:1
2026-04-24 10:58:31.208 [SECURITY_AUDIT] WARN  - [ACCESS_DENIED] username=yuhhna2907 requestedUrl=/ws/info ip=0:0:0:0:0:0:0:1
2026-04-24 10:58:37.212 [SECURITY_AUDIT] WARN  - [ACCESS_DENIED] username=yuhhna2907 requestedUrl=/ws/info ip=0:0:0:0:0:0:0:1
2026-04-24 10:58:43.208 [SECURITY_AUDIT] WARN  - [ACCESS_DENIED] username=yuhhna2907 requestedUrl=/ws/info ip=0:0:0:0:0:0:0:1
2026-04-24 10:58:49.216 [SECURITY_AUDIT] WARN  - [ACCESS_DENIED] username=yuhhna2907 requestedUrl=/ws/info ip=0:0:0:0:0:0:0:1
2026-04-24 10:58:55.202 [SECURITY_AUDIT] WARN  - [ACCESS_DENIED] username=yuhhna2907 requestedUrl=/ws/info ip=0:0:0:0:0:0:0:1
2026-04-24 10:59:01.201 [SECURITY_AUDIT] WARN  - [ACCESS_DENIED] username=yuhhna2907 requestedUrl=/ws/info ip=0:0:0:0:0:0:0:1
2026-04-24 10:59:07.240 [SECURITY_AUDIT] WARN  - [ACCESS_DENIED] username=yuhhna2907 requestedUrl=/ws/info ip=0:0:0:0:0:0:0:1
2026-04-24 10:59:13.213 [SECURITY_AUDIT] WARN  - [ACCESS_DENIED] username=yuhhna2907 requestedUrl=/ws/info ip=0:0:0:0:0:0:0:1
2026-04-24 10:59:19.212 [SECURITY_AUDIT] WARN  - [ACCESS_DENIED] username=yuhhna2907 requestedUrl=/ws/info ip=0:0:0:0:0:0:0:1
2026-04-24 10:59:25.205 [SECURITY_AUDIT] WARN  - [ACCESS_DENIED] username=yuhhna2907 requestedUrl=/ws/info ip=0:0:0:0:0:0:0:1
2026-04-24 10:59:31.210 [SECURITY_AUDIT] WARN  - [ACCESS_DENIED] username=yuhhna2907 requestedUrl=/ws/info ip=0:0:0:0:0:0:0:1
2026-04-24 10:59:37.213 [SECURITY_AUDIT] WARN  - [ACCESS_DENIED] username=yuhhna2907 requestedUrl=/ws/info ip=0:0:0:0:0:0:0:1
2026-04-24 10:59:43.213 [SECURITY_AUDIT] WARN  - [ACCESS_DENIED] username=yuhhna2907 requestedUrl=/ws/info ip=0:0:0:0:0:0:0:1
2026-04-24 10:59:49.204 [SECURITY_AUDIT] WARN  - [ACCESS_DENIED] username=yuhhna2907 requestedUrl=/ws/info ip=0:0:0:0:0:0:0:1
2026-04-24 10:59:55.210 [SECURITY_AUDIT] WARN  - [ACCESS_DENIED] username=yuhhna2907 requestedUrl=/ws/info ip=0:0:0:0:0:0:0:1
2026-04-24 11:00:01.200 [SECURITY_AUDIT] WARN  - [ACCESS_DENIED] username=yuhhna2907 requestedUrl=/ws/info ip=0:0:0:0:0:0:0:1
2026-04-24 11:00:07.203 [SECURITY_AUDIT] WARN  - [ACCESS_DENIED] username=yuhhna2907 requestedUrl=/ws/info ip=0:0:0:0:0:0:0:1
2026-04-24 11:00:13.208 [SECURITY_AUDIT] WARN  - [ACCESS_DENIED] username=yuhhna2907 requestedUrl=/ws/info ip=0:0:0:0:0:0:0:1
2026-04-24 11:00:19.208 [SECURITY_AUDIT] WARN  - [ACCESS_DENIED] username=yuhhna2907 requestedUrl=/ws/info ip=0:0:0:0:0:0:0:1
2026-04-24 11:00:25.207 [SECURITY_AUDIT] WARN  - [ACCESS_DENIED] username=yuhhna2907 requestedUrl=/ws/info ip=0:0:0:0:0:0:0:1
2026-04-24 11:00:31.206 [SECURITY_AUDIT] WARN  - [ACCESS_DENIED] username=yuhhna2907 requestedUrl=/ws/info ip=0:0:0:0:0:0:0:1
2026-04-24 11:00:37.199 [SECURITY_AUDIT] WARN  - [ACCESS_DENIED] username=yuhhna2907 requestedUrl=/ws/info ip=0:0:0:0:0:0:0:1
2026-04-24 11:00:43.208 [SECURITY_AUDIT] WARN  - [ACCESS_DENIED] username=yuhhna2907 requestedUrl=/ws/info ip=0:0:0:0:0:0:0:1
2026-04-24 11:00:49.204 [SECURITY_AUDIT] WARN  - [ACCESS_DENIED] username=yuhhna2907 requestedUrl=/ws/info ip=0:0:0:0:0:0:0:1
2026-04-24 11:00:55.208 [SECURITY_AUDIT] WARN  - [ACCESS_DENIED] username=yuhhna2907 requestedUrl=/ws/info ip=0:0:0:0:0:0:0:1
2026-04-24 11:01:01.209 [SECURITY_AUDIT] WARN  - [ACCESS_DENIED] username=yuhhna2907 requestedUrl=/ws/info ip=0:0:0:0:0:0:0:1
2026-04-24 11:01:07.200 [SECURITY_AUDIT] WARN  - [ACCESS_DENIED] username=yuhhna2907 requestedUrl=/ws/info ip=0:0:0:0:0:0:0:1
2026-04-24 11:01:13.202 [SECURITY_AUDIT] WARN  - [ACCESS_DENIED] username=yuhhna2907 requestedUrl=/ws/info ip=0:0:0:0:0:0:0:1
2026-04-24 11:01:19.208 [SECURITY_AUDIT] WARN  - [ACCESS_DENIED] username=yuhhna2907 requestedUrl=/ws/info ip=0:0:0:0:0:0:0:1
2026-04-24 11:01:25.205 [SECURITY_AUDIT] WARN  - [ACCESS_DENIED] username=yuhhna2907 requestedUrl=/ws/info ip=0:0:0:0:0:0:0:1
2026-04-24 11:01:31.207 [SECURITY_AUDIT] WARN  - [ACCESS_DENIED] username=yuhhna2907 requestedUrl=/ws/info ip=0:0:0:0:0:0:0:1
2026-04-24 11:01:37.209 [SECURITY_AUDIT] WARN  - [ACCESS_DENIED] username=yuhhna2907 requestedUrl=/ws/info ip=0:0:0:0:0:0:0:1
2026-04-24 11:01:43.203 [SECURITY_AUDIT] WARN  - [ACCESS_DENIED] username=yuhhna2907 requestedUrl=/ws/info ip=0:0:0:0:0:0:0:1
2026-04-24 11:01:49.207 [SECURITY_AUDIT] WARN  - [ACCESS_DENIED] username=yuhhna2907 requestedUrl=/ws/info ip=0:0:0:0:0:0:0:1
2026-04-24 11:01:55.203 [SECURITY_AUDIT] WARN  - [ACCESS_DENIED] username=yuhhna2907 requestedUrl=/ws/info ip=0:0:0:0:0:0:0:1
2026-04-24 11:02:01.199 [SECURITY_AUDIT] WARN  - [ACCESS_DENIED] username=yuhhna2907 requestedUrl=/ws/info ip=0:0:0:0:0:0:0:1
2026-04-24 11:02:07.198 [SECURITY_AUDIT] WARN  - [ACCESS_DENIED] username=yuhhna2907 requestedUrl=/ws/info ip=0:0:0:0:0:0:0:1
2026-04-24 11:02:13.214 [SECURITY_AUDIT] WARN  - [ACCESS_DENIED] username=yuhhna2907 requestedUrl=/ws/info ip=0:0:0:0:0:0:0:1
2026-04-24 11:02:19.205 [SECURITY_AUDIT] WARN  - [ACCESS_DENIED] username=yuhhna2907 requestedUrl=/ws/info ip=0:0:0:0:0:0:0:1
2026-04-24 11:02:25.202 [SECURITY_AUDIT] WARN  - [ACCESS_DENIED] username=yuhhna2907 requestedUrl=/ws/info ip=0:0:0:0:0:0:0:1
2026-04-24 11:02:31.208 [SECURITY_AUDIT] WARN  - [ACCESS_DENIED] username=yuhhna2907 requestedUrl=/ws/info ip=0:0:0:0:0:0:0:1
2026-04-24 11:02:37.205 [SECURITY_AUDIT] WARN  - [ACCESS_DENIED] username=yuhhna2907 requestedUrl=/ws/info ip=0:0:0:0:0:0:0:1
2026-04-24 11:02:43.207 [SECURITY_AUDIT] WARN  - [ACCESS_DENIED] username=yuhhna2907 requestedUrl=/ws/info ip=0:0:0:0:0:0:0:1
2026-04-24 11:02:49.208 [SECURITY_AUDIT] WARN  - [ACCESS_DENIED] username=yuhhna2907 requestedUrl=/ws/info ip=0:0:0:0:0:0:0:1
2026-04-24 11:02:55.202 [SECURITY_AUDIT] WARN  - [ACCESS_DENIED] username=yuhhna2907 requestedUrl=/ws/info ip=0:0:0:0:0:0:0:1
2026-04-24 11:03:01.200 [SECURITY_AUDIT] WARN  - [ACCESS_DENIED] username=yuhhna2907 requestedUrl=/ws/info ip=0:0:0:0:0:0:0:1
2026-04-24 11:03:07.204 [SECURITY_AUDIT] WARN  - [ACCESS_DENIED] username=yuhhna2907 requestedUrl=/ws/info ip=0:0:0:0:0:0:0:1
2026-04-24 11:03:13.214 [SECURITY_AUDIT] WARN  - [ACCESS_DENIED] username=yuhhna2907 requestedUrl=/ws/info ip=0:0:0:0:0:0:0:1
2026-04-24 11:03:19.216 [SECURITY_AUDIT] WARN  - [ACCESS_DENIED] username=yuhhna2907 requestedUrl=/ws/info ip=0:0:0:0:0:0:0:1
2026-04-24 11:03:25.202 [SECURITY_AUDIT] WARN  - [ACCESS_DENIED] username=yuhhna2907 requestedUrl=/ws/info ip=0:0:0:0:0:0:0:1
2026-04-24 11:03:31.207 [SECURITY_AUDIT] WARN  - [ACCESS_DENIED] username=yuhhna2907 requestedUrl=/ws/info ip=0:0:0:0:0:0:0:1
2026-04-24 11:03:37.209 [SECURITY_AUDIT] WARN  - [ACCESS_DENIED] username=yuhhna2907 requestedUrl=/ws/info ip=0:0:0:0:0:0:0:1
2026-04-24 11:03:43.214 [SECURITY_AUDIT] WARN  - [ACCESS_DENIED] username=yuhhna2907 requestedUrl=/ws/info ip=0:0:0:0:0:0:0:1
2026-04-24 11:03:49.217 [SECURITY_AUDIT] WARN  - [ACCESS_DENIED] username=yuhhna2907 requestedUrl=/ws/info ip=0:0:0:0:0:0:0:1
2026-04-24 11:03:55.207 [SECURITY_AUDIT] WARN  - [ACCESS_DENIED] username=yuhhna2907 requestedUrl=/ws/info ip=0:0:0:0:0:0:0:1
2026-04-24 11:04:01.211 [SECURITY_AUDIT] WARN  - [ACCESS_DENIED] username=yuhhna2907 requestedUrl=/ws/info ip=0:0:0:0:0:0:0:1
2026-04-24 11:04:07.214 [SECURITY_AUDIT] WARN  - [ACCESS_DENIED] username=yuhhna2907 requestedUrl=/ws/info ip=0:0:0:0:0:0:0:1
2026-04-24 11:04:13.212 [SECURITY_AUDIT] WARN  - [ACCESS_DENIED] username=yuhhna2907 requestedUrl=/ws/info ip=0:0:0:0:0:0:0:1
2026-04-24 11:04:19.210 [SECURITY_AUDIT] WARN  - [ACCESS_DENIED] username=yuhhna2907 requestedUrl=/ws/info ip=0:0:0:0:0:0:0:1
2026-04-24 11:04:25.204 [SECURITY_AUDIT] WARN  - [ACCESS_DENIED] username=yuhhna2907 requestedUrl=/ws/info ip=0:0:0:0:0:0:0:1
2026-04-24 11:04:31.203 [SECURITY_AUDIT] WARN  - [ACCESS_DENIED] username=yuhhna2907 requestedUrl=/ws/info ip=0:0:0:0:0:0:0:1
2026-04-24 11:04:37.206 [SECURITY_AUDIT] WARN  - [ACCESS_DENIED] username=yuhhna2907 requestedUrl=/ws/info ip=0:0:0:0:0:0:0:1
2026-04-24 11:04:43.205 [SECURITY_AUDIT] WARN  - [ACCESS_DENIED] username=yuhhna2907 requestedUrl=/ws/info ip=0:0:0:0:0:0:0:1
2026-04-24 11:04:49.212 [SECURITY_AUDIT] WARN  - [ACCESS_DENIED] username=yuhhna2907 requestedUrl=/ws/info ip=0:0:0:0:0:0:0:1
2026-04-24 11:04:55.208 [SECURITY_AUDIT] WARN  - [ACCESS_DENIED] username=yuhhna2907 requestedUrl=/ws/info ip=0:0:0:0:0:0:0:1
2026-04-24 11:05:01.207 [SECURITY_AUDIT] WARN  - [ACCESS_DENIED] username=yuhhna2907 requestedUrl=/ws/info ip=0:0:0:0:0:0:0:1
2026-04-24 11:05:07.210 [SECURITY_AUDIT] WARN  - [ACCESS_DENIED] username=yuhhna2907 requestedUrl=/ws/info ip=0:0:0:0:0:0:0:1
2026-04-24 11:05:13.222 [SECURITY_AUDIT] WARN  - [ACCESS_DENIED] username=yuhhna2907 requestedUrl=/ws/info ip=0:0:0:0:0:0:0:1
2026-04-24 11:05:19.210 [SECURITY_AUDIT] WARN  - [ACCESS_DENIED] username=yuhhna2907 requestedUrl=/ws/info ip=0:0:0:0:0:0:0:1
2026-04-24 11:22:31.720 [SECURITY_AUDIT] WARN  - [ACCESS_DENIED] username=yuhhna2907 requestedUrl=/ws/info ip=0:0:0:0:0:0:0:1
2026-04-24 11:22:37.824 [SECURITY_AUDIT] WARN  - [ACCESS_DENIED] username=yuhhna2907 requestedUrl=/ws/info ip=0:0:0:0:0:0:0:1
2026-04-24 11:22:44.084 [SECURITY_AUDIT] WARN  - [ACCESS_DENIED] username=yuhhna2907 requestedUrl=/ws/info ip=0:0:0:0:0:0:0:1
2026-04-24 11:22:49.832 [SECURITY_AUDIT] WARN  - [ACCESS_DENIED] username=yuhhna2907 requestedUrl=/ws/info ip=0:0:0:0:0:0:0:1
2026-04-24 11:22:55.827 [SECURITY_AUDIT] WARN  - [ACCESS_DENIED] username=yuhhna2907 requestedUrl=/ws/info ip=0:0:0:0:0:0:0:1
2026-04-24 11:23:01.817 [SECURITY_AUDIT] WARN  - [ACCESS_DENIED] username=yuhhna2907 requestedUrl=/ws/info ip=0:0:0:0:0:0:0:1
2026-04-24 11:23:07.825 [SECURITY_AUDIT] WARN  - [ACCESS_DENIED] username=yuhhna2907 requestedUrl=/ws/info ip=0:0:0:0:0:0:0:1
2026-04-24 11:23:13.831 [SECURITY_AUDIT] WARN  - [ACCESS_DENIED] username=yuhhna2907 requestedUrl=/ws/info ip=0:0:0:0:0:0:0:1
2026-04-24 11:23:19.839 [SECURITY_AUDIT] WARN  - [ACCESS_DENIED] username=yuhhna2907 requestedUrl=/ws/info ip=0:0:0:0:0:0:0:1
2026-04-24 11:23:25.827 [SECURITY_AUDIT] WARN  - [ACCESS_DENIED] username=yuhhna2907 requestedUrl=/ws/info ip=0:0:0:0:0:0:0:1
2026-04-24 11:23:31.824 [SECURITY_AUDIT] WARN  - [ACCESS_DENIED] username=yuhhna2907 requestedUrl=/ws/info ip=0:0:0:0:0:0:0:1
2026-04-24 11:23:37.834 [SECURITY_AUDIT] WARN  - [ACCESS_DENIED] username=yuhhna2907 requestedUrl=/ws/info ip=0:0:0:0:0:0:0:1
2026-04-24 11:23:43.825 [SECURITY_AUDIT] WARN  - [ACCESS_DENIED] username=yuhhna2907 requestedUrl=/ws/info ip=0:0:0:0:0:0:0:1
2026-04-24 11:23:49.823 [SECURITY_AUDIT] WARN  - [ACCESS_DENIED] username=yuhhna2907 requestedUrl=/ws/info ip=0:0:0:0:0:0:0:1
2026-04-24 11:23:55.819 [SECURITY_AUDIT] WARN  - [ACCESS_DENIED] username=yuhhna2907 requestedUrl=/ws/info ip=0:0:0:0:0:0:0:1
2026-04-24 11:24:01.832 [SECURITY_AUDIT] WARN  - [ACCESS_DENIED] username=yuhhna2907 requestedUrl=/ws/info ip=0:0:0:0:0:0:0:1
2026-04-24 11:24:07.826 [SECURITY_AUDIT] WARN  - [ACCESS_DENIED] username=yuhhna2907 requestedUrl=/ws/info ip=0:0:0:0:0:0:0:1
2026-04-24 11:24:13.821 [SECURITY_AUDIT] WARN  - [ACCESS_DENIED] username=yuhhna2907 requestedUrl=/ws/info ip=0:0:0:0:0:0:0:1
2026-04-24 11:24:19.831 [SECURITY_AUDIT] WARN  - [ACCESS_DENIED] username=yuhhna2907 requestedUrl=/ws/info ip=0:0:0:0:0:0:0:1
2026-04-24 11:24:25.829 [SECURITY_AUDIT] WARN  - [ACCESS_DENIED] username=yuhhna2907 requestedUrl=/ws/info ip=0:0:0:0:0:0:0:1
2026-04-24 11:24:31.825 [SECURITY_AUDIT] WARN  - [ACCESS_DENIED] username=yuhhna2907 requestedUrl=/ws/info ip=0:0:0:0:0:0:0:1
2026-04-24 11:24:37.822 [SECURITY_AUDIT] WARN  - [ACCESS_DENIED] username=yuhhna2907 requestedUrl=/ws/info ip=0:0:0:0:0:0:0:1
2026-04-24 11:24:43.821 [SECURITY_AUDIT] WARN  - [ACCESS_DENIED] username=yuhhna2907 requestedUrl=/ws/info ip=0:0:0:0:0:0:0:1
2026-04-24 11:24:48.855 [SECURITY_AUDIT] WARN  - [ACCESS_DENIED] username=yuhhna2907 requestedUrl=/ws/info ip=0:0:0:0:0:0:0:1
2026-04-24 11:24:52.146 [SECURITY_AUDIT] WARN  - [ACCESS_DENIED] username=yuhhna2907 requestedUrl=/user/saved-items ip=0:0:0:0:0:0:0:1
2026-04-24 11:24:52.278 [SECURITY_AUDIT] WARN  - [ACCESS_DENIED] username=yuhhna2907 requestedUrl=/ws/info ip=0:0:0:0:0:0:0:1
2026-04-24 11:24:56.121 [SECURITY_AUDIT] WARN  - [ACCESS_DENIED] username=yuhhna2907 requestedUrl=/user/order/checkout ip=0:0:0:0:0:0:0:1
2026-04-24 11:24:59.012 [SECURITY_AUDIT] WARN  - [ACCESS_DENIED] username=yuhhna2907 requestedUrl=/user/saved-items ip=0:0:0:0:0:0:0:1
2026-04-24 11:24:59.124 [SECURITY_AUDIT] WARN  - [ACCESS_DENIED] username=yuhhna2907 requestedUrl=/ws/info ip=0:0:0:0:0:0:0:1
2026-04-24 11:25:02.536 [SECURITY_AUDIT] WARN  - [ACCESS_DENIED] username=yuhhna2907 requestedUrl=/user/order/checkout ip=0:0:0:0:0:0:0:1
2026-04-24 11:25:09.841 [SECURITY_AUDIT] WARN  - [ACCESS_DENIED] username=yuhhna2907 requestedUrl=/user/saved-items ip=0:0:0:0:0:0:0:1
2026-04-24 11:25:09.962 [SECURITY_AUDIT] WARN  - [ACCESS_DENIED] username=yuhhna2907 requestedUrl=/ws/info ip=0:0:0:0:0:0:0:1
2026-04-24 11:25:15.028 [SECURITY_AUDIT] WARN  - [ACCESS_DENIED] username=yuhhna2907 requestedUrl=/ws/info ip=0:0:0:0:0:0:0:1
2026-04-24 11:25:20.062 [SECURITY_AUDIT] WARN  - [ACCESS_DENIED] username=yuhhna2907 requestedUrl=/ws/info ip=0:0:0:0:0:0:0:1
2026-04-24 11:25:25.085 [SECURITY_AUDIT] WARN  - [ACCESS_DENIED] username=yuhhna2907 requestedUrl=/ws/info ip=0:0:0:0:0:0:0:1
2026-04-24 11:25:30.112 [SECURITY_AUDIT] WARN  - [ACCESS_DENIED] username=yuhhna2907 requestedUrl=/ws/info ip=0:0:0:0:0:0:0:1
2026-04-24 11:25:35.153 [SECURITY_AUDIT] WARN  - [ACCESS_DENIED] username=yuhhna2907 requestedUrl=/ws/info ip=0:0:0:0:0:0:0:1
2026-04-24 11:25:40.193 [SECURITY_AUDIT] WARN  - [ACCESS_DENIED] username=yuhhna2907 requestedUrl=/ws/info ip=0:0:0:0:0:0:0:1
2026-04-24 11:25:45.221 [SECURITY_AUDIT] WARN  - [ACCESS_DENIED] username=yuhhna2907 requestedUrl=/ws/info ip=0:0:0:0:0:0:0:1
2026-04-24 11:25:50.252 [SECURITY_AUDIT] WARN  - [ACCESS_DENIED] username=yuhhna2907 requestedUrl=/ws/info ip=0:0:0:0:0:0:0:1
2026-04-24 11:25:55.338 [SECURITY_AUDIT] WARN  - [ACCESS_DENIED] username=yuhhna2907 requestedUrl=/ws/info ip=0:0:0:0:0:0:0:1
2026-04-24 11:25:56.934 [SECURITY_AUDIT] WARN  - [ACCESS_DENIED] username=yuhhna2907 requestedUrl=/user/order/checkout ip=0:0:0:0:0:0:0:1
2026-04-24 11:32:51.507 [SECURITY_AUDIT] WARN  - [ACCESS_DENIED] username=yuhhna2907 requestedUrl=/user/saved-items ip=0:0:0:0:0:0:0:1
2026-04-24 11:32:51.616 [SECURITY_AUDIT] WARN  - [ACCESS_DENIED] username=yuhhna2907 requestedUrl=/ws/info ip=0:0:0:0:0:0:0:1
2026-04-24 11:53:15.824 [SECURITY_AUDIT] WARN  - [ACCESS_DENIED] username=yuhhna2907 requestedUrl=/ws/info ip=0:0:0:0:0:0:0:1
2026-04-24 11:53:20.956 [SECURITY_AUDIT] WARN  - [ACCESS_DENIED] username=yuhhna2907 requestedUrl=/ws/info ip=0:0:0:0:0:0:0:1
2026-04-24 11:53:25.976 [SECURITY_AUDIT] WARN  - [ACCESS_DENIED] username=yuhhna2907 requestedUrl=/ws/info ip=0:0:0:0:0:0:0:1
2026-04-24 11:53:31.005 [SECURITY_AUDIT] WARN  - [ACCESS_DENIED] username=yuhhna2907 requestedUrl=/ws/info ip=0:0:0:0:0:0:0:1
2026-04-24 11:53:36.027 [SECURITY_AUDIT] WARN  - [ACCESS_DENIED] username=yuhhna2907 requestedUrl=/ws/info ip=0:0:0:0:0:0:0:1
2026-04-24 11:53:41.054 [SECURITY_AUDIT] WARN  - [ACCESS_DENIED] username=yuhhna2907 requestedUrl=/ws/info ip=0:0:0:0:0:0:0:1
2026-04-24 11:53:46.074 [SECURITY_AUDIT] WARN  - [ACCESS_DENIED] username=yuhhna2907 requestedUrl=/ws/info ip=0:0:0:0:0:0:0:1
2026-04-24 11:53:51.092 [SECURITY_AUDIT] WARN  - [ACCESS_DENIED] username=yuhhna2907 requestedUrl=/ws/info ip=0:0:0:0:0:0:0:1
2026-04-24 11:53:56.121 [SECURITY_AUDIT] WARN  - [ACCESS_DENIED] username=yuhhna2907 requestedUrl=/ws/info ip=0:0:0:0:0:0:0:1
2026-04-24 11:54:01.147 [SECURITY_AUDIT] WARN  - [ACCESS_DENIED] username=yuhhna2907 requestedUrl=/ws/info ip=0:0:0:0:0:0:0:1
2026-04-24 11:54:06.171 [SECURITY_AUDIT] WARN  - [ACCESS_DENIED] username=yuhhna2907 requestedUrl=/ws/info ip=0:0:0:0:0:0:0:1
2026-04-24 11:54:11.201 [SECURITY_AUDIT] WARN  - [ACCESS_DENIED] username=yuhhna2907 requestedUrl=/ws/info ip=0:0:0:0:0:0:0:1
2026-04-24 11:54:16.235 [SECURITY_AUDIT] WARN  - [ACCESS_DENIED] username=yuhhna2907 requestedUrl=/ws/info ip=0:0:0:0:0:0:0:1
2026-04-24 11:54:21.269 [SECURITY_AUDIT] WARN  - [ACCESS_DENIED] username=yuhhna2907 requestedUrl=/ws/info ip=0:0:0:0:0:0:0:1
2026-04-24 11:54:26.289 [SECURITY_AUDIT] WARN  - [ACCESS_DENIED] username=yuhhna2907 requestedUrl=/ws/info ip=0:0:0:0:0:0:0:1
2026-04-24 11:54:31.320 [SECURITY_AUDIT] WARN  - [ACCESS_DENIED] username=yuhhna2907 requestedUrl=/ws/info ip=0:0:0:0:0:0:0:1
2026-04-24 11:54:36.343 [SECURITY_AUDIT] WARN  - [ACCESS_DENIED] username=yuhhna2907 requestedUrl=/ws/info ip=0:0:0:0:0:0:0:1
2026-04-24 11:54:41.362 [SECURITY_AUDIT] WARN  - [ACCESS_DENIED] username=yuhhna2907 requestedUrl=/ws/info ip=0:0:0:0:0:0:0:1
2026-04-24 11:54:46.387 [SECURITY_AUDIT] WARN  - [ACCESS_DENIED] username=yuhhna2907 requestedUrl=/ws/info ip=0:0:0:0:0:0:0:1
2026-04-24 11:54:51.418 [SECURITY_AUDIT] WARN  - [ACCESS_DENIED] username=yuhhna2907 requestedUrl=/ws/info ip=0:0:0:0:0:0:0:1
2026-04-24 11:54:56.435 [SECURITY_AUDIT] WARN  - [ACCESS_DENIED] username=yuhhna2907 requestedUrl=/ws/info ip=0:0:0:0:0:0:0:1
2026-04-24 11:55:01.460 [SECURITY_AUDIT] WARN  - [ACCESS_DENIED] username=yuhhna2907 requestedUrl=/ws/info ip=0:0:0:0:0:0:0:1
2026-04-24 11:55:06.484 [SECURITY_AUDIT] WARN  - [ACCESS_DENIED] username=yuhhna2907 requestedUrl=/ws/info ip=0:0:0:0:0:0:0:1
2026-04-24 11:55:11.503 [SECURITY_AUDIT] WARN  - [ACCESS_DENIED] username=yuhhna2907 requestedUrl=/ws/info ip=0:0:0:0:0:0:0:1
2026-04-24 11:55:16.521 [SECURITY_AUDIT] WARN  - [ACCESS_DENIED] username=yuhhna2907 requestedUrl=/ws/info ip=0:0:0:0:0:0:0:1
2026-04-24 11:55:21.553 [SECURITY_AUDIT] WARN  - [ACCESS_DENIED] username=yuhhna2907 requestedUrl=/ws/info ip=0:0:0:0:0:0:0:1
2026-04-24 11:55:26.577 [SECURITY_AUDIT] WARN  - [ACCESS_DENIED] username=yuhhna2907 requestedUrl=/ws/info ip=0:0:0:0:0:0:0:1
2026-04-24 11:55:31.599 [SECURITY_AUDIT] WARN  - [ACCESS_DENIED] username=yuhhna2907 requestedUrl=/ws/info ip=0:0:0:0:0:0:0:1
2026-04-24 11:55:36.618 [SECURITY_AUDIT] WARN  - [ACCESS_DENIED] username=yuhhna2907 requestedUrl=/ws/info ip=0:0:0:0:0:0:0:1
2026-04-24 11:55:41.646 [SECURITY_AUDIT] WARN  - [ACCESS_DENIED] username=yuhhna2907 requestedUrl=/ws/info ip=0:0:0:0:0:0:0:1
2026-04-24 11:55:46.662 [SECURITY_AUDIT] WARN  - [ACCESS_DENIED] username=yuhhna2907 requestedUrl=/ws/info ip=0:0:0:0:0:0:0:1
2026-04-24 11:55:51.684 [SECURITY_AUDIT] WARN  - [ACCESS_DENIED] username=yuhhna2907 requestedUrl=/ws/info ip=0:0:0:0:0:0:0:1
2026-04-24 11:55:56.700 [SECURITY_AUDIT] WARN  - [ACCESS_DENIED] username=yuhhna2907 requestedUrl=/ws/info ip=0:0:0:0:0:0:0:1
2026-04-24 11:56:01.733 [SECURITY_AUDIT] WARN  - [ACCESS_DENIED] username=yuhhna2907 requestedUrl=/ws/info ip=0:0:0:0:0:0:0:1
2026-04-24 11:56:06.758 [SECURITY_AUDIT] WARN  - [ACCESS_DENIED] username=yuhhna2907 requestedUrl=/ws/info ip=0:0:0:0:0:0:0:1
2026-04-24 11:56:11.778 [SECURITY_AUDIT] WARN  - [ACCESS_DENIED] username=yuhhna2907 requestedUrl=/ws/info ip=0:0:0:0:0:0:0:1
2026-04-24 11:56:16.800 [SECURITY_AUDIT] WARN  - [ACCESS_DENIED] username=yuhhna2907 requestedUrl=/ws/info ip=0:0:0:0:0:0:0:1
2026-04-24 11:56:21.814 [SECURITY_AUDIT] WARN  - [ACCESS_DENIED] username=yuhhna2907 requestedUrl=/ws/info ip=0:0:0:0:0:0:0:1
2026-04-24 11:56:26.831 [SECURITY_AUDIT] WARN  - [ACCESS_DENIED] username=yuhhna2907 requestedUrl=/ws/info ip=0:0:0:0:0:0:0:1
2026-04-24 11:56:31.852 [SECURITY_AUDIT] WARN  - [ACCESS_DENIED] username=yuhhna2907 requestedUrl=/ws/info ip=0:0:0:0:0:0:0:1
2026-04-24 11:56:36.881 [SECURITY_AUDIT] WARN  - [ACCESS_DENIED] username=yuhhna2907 requestedUrl=/ws/info ip=0:0:0:0:0:0:0:1
2026-04-24 11:56:41.899 [SECURITY_AUDIT] WARN  - [ACCESS_DENIED] username=yuhhna2907 requestedUrl=/ws/info ip=0:0:0:0:0:0:0:1
2026-04-24 11:56:46.918 [SECURITY_AUDIT] WARN  - [ACCESS_DENIED] username=yuhhna2907 requestedUrl=/ws/info ip=0:0:0:0:0:0:0:1
2026-04-24 11:56:51.936 [SECURITY_AUDIT] WARN  - [ACCESS_DENIED] username=yuhhna2907 requestedUrl=/ws/info ip=0:0:0:0:0:0:0:1
2026-04-24 11:56:56.960 [SECURITY_AUDIT] WARN  - [ACCESS_DENIED] username=yuhhna2907 requestedUrl=/ws/info ip=0:0:0:0:0:0:0:1
2026-04-24 11:57:01.980 [SECURITY_AUDIT] WARN  - [ACCESS_DENIED] username=yuhhna2907 requestedUrl=/ws/info ip=0:0:0:0:0:0:0:1
2026-04-24 11:57:06.996 [SECURITY_AUDIT] WARN  - [ACCESS_DENIED] username=yuhhna2907 requestedUrl=/ws/info ip=0:0:0:0:0:0:0:1
2026-04-24 11:57:12.025 [SECURITY_AUDIT] WARN  - [ACCESS_DENIED] username=yuhhna2907 requestedUrl=/ws/info ip=0:0:0:0:0:0:0:1
2026-04-24 11:57:17.043 [SECURITY_AUDIT] WARN  - [ACCESS_DENIED] username=yuhhna2907 requestedUrl=/ws/info ip=0:0:0:0:0:0:0:1
2026-04-24 11:57:22.053 [SECURITY_AUDIT] WARN  - [ACCESS_DENIED] username=yuhhna2907 requestedUrl=/ws/info ip=0:0:0:0:0:0:0:1
2026-04-24 11:57:27.065 [SECURITY_AUDIT] WARN  - [ACCESS_DENIED] username=yuhhna2907 requestedUrl=/ws/info ip=0:0:0:0:0:0:0:1
2026-04-24 11:57:32.085 [SECURITY_AUDIT] WARN  - [ACCESS_DENIED] username=yuhhna2907 requestedUrl=/ws/info ip=0:0:0:0:0:0:0:1
2026-04-24 11:57:37.110 [SECURITY_AUDIT] WARN  - [ACCESS_DENIED] username=yuhhna2907 requestedUrl=/ws/info ip=0:0:0:0:0:0:0:1
2026-04-24 11:57:42.127 [SECURITY_AUDIT] WARN  - [ACCESS_DENIED] username=yuhhna2907 requestedUrl=/ws/info ip=0:0:0:0:0:0:0:1
2026-04-24 11:57:47.144 [SECURITY_AUDIT] WARN  - [ACCESS_DENIED] username=yuhhna2907 requestedUrl=/ws/info ip=0:0:0:0:0:0:0:1
2026-04-24 11:57:52.160 [SECURITY_AUDIT] WARN  - [ACCESS_DENIED] username=yuhhna2907 requestedUrl=/ws/info ip=0:0:0:0:0:0:0:1
2026-04-24 11:57:57.184 [SECURITY_AUDIT] WARN  - [ACCESS_DENIED] username=yuhhna2907 requestedUrl=/ws/info ip=0:0:0:0:0:0:0:1
2026-04-24 11:58:02.210 [SECURITY_AUDIT] WARN  - [ACCESS_DENIED] username=yuhhna2907 requestedUrl=/ws/info ip=0:0:0:0:0:0:0:1
2026-04-24 11:58:07.225 [SECURITY_AUDIT] WARN  - [ACCESS_DENIED] username=yuhhna2907 requestedUrl=/ws/info ip=0:0:0:0:0:0:0:1
2026-04-24 11:58:12.245 [SECURITY_AUDIT] WARN  - [ACCESS_DENIED] username=yuhhna2907 requestedUrl=/ws/info ip=0:0:0:0:0:0:0:1
2026-04-24 11:58:17.312 [SECURITY_AUDIT] WARN  - [ACCESS_DENIED] username=yuhhna2907 requestedUrl=/ws/info ip=0:0:0:0:0:0:0:1
2026-04-24 11:58:22.327 [SECURITY_AUDIT] WARN  - [ACCESS_DENIED] username=yuhhna2907 requestedUrl=/ws/info ip=0:0:0:0:0:0:0:1
2026-04-24 11:58:27.343 [SECURITY_AUDIT] WARN  - [ACCESS_DENIED] username=yuhhna2907 requestedUrl=/ws/info ip=0:0:0:0:0:0:0:1
2026-04-24 11:58:32.359 [SECURITY_AUDIT] WARN  - [ACCESS_DENIED] username=yuhhna2907 requestedUrl=/ws/info ip=0:0:0:0:0:0:0:1
2026-04-24 11:58:37.377 [SECURITY_AUDIT] WARN  - [ACCESS_DENIED] username=yuhhna2907 requestedUrl=/ws/info ip=0:0:0:0:0:0:0:1
2026-04-24 11:58:42.400 [SECURITY_AUDIT] WARN  - [ACCESS_DENIED] username=yuhhna2907 requestedUrl=/ws/info ip=0:0:0:0:0:0:0:1
2026-04-24 11:58:47.425 [SECURITY_AUDIT] WARN  - [ACCESS_DENIED] username=yuhhna2907 requestedUrl=/ws/info ip=0:0:0:0:0:0:0:1
2026-04-24 11:58:52.442 [SECURITY_AUDIT] WARN  - [ACCESS_DENIED] username=yuhhna2907 requestedUrl=/ws/info ip=0:0:0:0:0:0:0:1
2026-04-24 11:58:57.459 [SECURITY_AUDIT] WARN  - [ACCESS_DENIED] username=yuhhna2907 requestedUrl=/ws/info ip=0:0:0:0:0:0:0:1
2026-04-24 11:59:02.475 [SECURITY_AUDIT] WARN  - [ACCESS_DENIED] username=yuhhna2907 requestedUrl=/ws/info ip=0:0:0:0:0:0:0:1
2026-04-24 11:59:07.510 [SECURITY_AUDIT] WARN  - [ACCESS_DENIED] username=yuhhna2907 requestedUrl=/ws/info ip=0:0:0:0:0:0:0:1
2026-04-24 11:59:12.541 [SECURITY_AUDIT] WARN  - [ACCESS_DENIED] username=yuhhna2907 requestedUrl=/ws/info ip=0:0:0:0:0:0:0:1
2026-04-24 11:59:17.557 [SECURITY_AUDIT] WARN  - [ACCESS_DENIED] username=yuhhna2907 requestedUrl=/ws/info ip=0:0:0:0:0:0:0:1
2026-04-24 11:59:22.575 [SECURITY_AUDIT] WARN  - [ACCESS_DENIED] username=yuhhna2907 requestedUrl=/ws/info ip=0:0:0:0:0:0:0:1
2026-04-24 11:59:27.591 [SECURITY_AUDIT] WARN  - [ACCESS_DENIED] username=yuhhna2907 requestedUrl=/ws/info ip=0:0:0:0:0:0:0:1
2026-04-24 11:59:32.609 [SECURITY_AUDIT] WARN  - [ACCESS_DENIED] username=yuhhna2907 requestedUrl=/ws/info ip=0:0:0:0:0:0:0:1
2026-04-24 11:59:37.640 [SECURITY_AUDIT] WARN  - [ACCESS_DENIED] username=yuhhna2907 requestedUrl=/ws/info ip=0:0:0:0:0:0:0:1
2026-04-24 11:59:42.656 [SECURITY_AUDIT] WARN  - [ACCESS_DENIED] username=yuhhna2907 requestedUrl=/ws/info ip=0:0:0:0:0:0:0:1
2026-04-24 11:59:47.672 [SECURITY_AUDIT] WARN  - [ACCESS_DENIED] username=yuhhna2907 requestedUrl=/ws/info ip=0:0:0:0:0:0:0:1
2026-04-24 11:59:52.691 [SECURITY_AUDIT] WARN  - [ACCESS_DENIED] username=yuhhna2907 requestedUrl=/ws/info ip=0:0:0:0:0:0:0:1
2026-04-24 11:59:57.706 [SECURITY_AUDIT] WARN  - [ACCESS_DENIED] username=yuhhna2907 requestedUrl=/ws/info ip=0:0:0:0:0:0:0:1
2026-04-24 12:00:02.723 [SECURITY_AUDIT] WARN  - [ACCESS_DENIED] username=yuhhna2907 requestedUrl=/ws/info ip=0:0:0:0:0:0:0:1
2026-04-24 12:00:07.738 [SECURITY_AUDIT] WARN  - [ACCESS_DENIED] username=yuhhna2907 requestedUrl=/ws/info ip=0:0:0:0:0:0:0:1
2026-04-24 12:00:12.755 [SECURITY_AUDIT] WARN  - [ACCESS_DENIED] username=yuhhna2907 requestedUrl=/ws/info ip=0:0:0:0:0:0:0:1
2026-04-24 12:00:17.774 [SECURITY_AUDIT] WARN  - [ACCESS_DENIED] username=yuhhna2907 requestedUrl=/ws/info ip=0:0:0:0:0:0:0:1
2026-04-24 12:00:22.804 [SECURITY_AUDIT] WARN  - [ACCESS_DENIED] username=yuhhna2907 requestedUrl=/ws/info ip=0:0:0:0:0:0:0:1
2026-04-24 12:00:27.821 [SECURITY_AUDIT] WARN  - [ACCESS_DENIED] username=yuhhna2907 requestedUrl=/ws/info ip=0:0:0:0:0:0:0:1
2026-04-24 12:00:32.839 [SECURITY_AUDIT] WARN  - [ACCESS_DENIED] username=yuhhna2907 requestedUrl=/ws/info ip=0:0:0:0:0:0:0:1
2026-04-24 12:00:37.864 [SECURITY_AUDIT] WARN  - [ACCESS_DENIED] username=yuhhna2907 requestedUrl=/ws/info ip=0:0:0:0:0:0:0:1
2026-04-24 12:00:42.883 [SECURITY_AUDIT] WARN  - [ACCESS_DENIED] username=yuhhna2907 requestedUrl=/ws/info ip=0:0:0:0:0:0:0:1
2026-04-24 12:00:47.903 [SECURITY_AUDIT] WARN  - [ACCESS_DENIED] username=yuhhna2907 requestedUrl=/ws/info ip=0:0:0:0:0:0:0:1
2026-04-24 12:00:52.924 [SECURITY_AUDIT] WARN  - [ACCESS_DENIED] username=yuhhna2907 requestedUrl=/ws/info ip=0:0:0:0:0:0:0:1
2026-04-24 12:00:57.945 [SECURITY_AUDIT] WARN  - [ACCESS_DENIED] username=yuhhna2907 requestedUrl=/ws/info ip=0:0:0:0:0:0:0:1
2026-04-24 12:01:02.965 [SECURITY_AUDIT] WARN  - [ACCESS_DENIED] username=yuhhna2907 requestedUrl=/ws/info ip=0:0:0:0:0:0:0:1
2026-04-24 12:01:07.988 [SECURITY_AUDIT] WARN  - [ACCESS_DENIED] username=yuhhna2907 requestedUrl=/ws/info ip=0:0:0:0:0:0:0:1
2026-04-24 12:01:13.007 [SECURITY_AUDIT] WARN  - [ACCESS_DENIED] username=yuhhna2907 requestedUrl=/ws/info ip=0:0:0:0:0:0:0:1
2026-04-24 12:01:18.030 [SECURITY_AUDIT] WARN  - [ACCESS_DENIED] username=yuhhna2907 requestedUrl=/ws/info ip=0:0:0:0:0:0:0:1
2026-04-24 12:01:23.052 [SECURITY_AUDIT] WARN  - [ACCESS_DENIED] username=yuhhna2907 requestedUrl=/ws/info ip=0:0:0:0:0:0:0:1
2026-04-24 12:01:28.067 [SECURITY_AUDIT] WARN  - [ACCESS_DENIED] username=yuhhna2907 requestedUrl=/ws/info ip=0:0:0:0:0:0:0:1
2026-04-24 12:01:33.084 [SECURITY_AUDIT] WARN  - [ACCESS_DENIED] username=yuhhna2907 requestedUrl=/ws/info ip=0:0:0:0:0:0:0:1
2026-04-24 12:01:38.101 [SECURITY_AUDIT] WARN  - [ACCESS_DENIED] username=yuhhna2907 requestedUrl=/ws/info ip=0:0:0:0:0:0:0:1
2026-04-24 12:01:43.117 [SECURITY_AUDIT] WARN  - [ACCESS_DENIED] username=yuhhna2907 requestedUrl=/ws/info ip=0:0:0:0:0:0:0:1
2026-04-24 12:01:48.131 [SECURITY_AUDIT] WARN  - [ACCESS_DENIED] username=yuhhna2907 requestedUrl=/ws/info ip=0:0:0:0:0:0:0:1
2026-04-24 12:01:53.150 [SECURITY_AUDIT] WARN  - [ACCESS_DENIED] username=yuhhna2907 requestedUrl=/ws/info ip=0:0:0:0:0:0:0:1
2026-04-24 12:01:58.167 [SECURITY_AUDIT] WARN  - [ACCESS_DENIED] username=yuhhna2907 requestedUrl=/ws/info ip=0:0:0:0:0:0:0:1
2026-04-24 12:02:03.182 [SECURITY_AUDIT] WARN  - [ACCESS_DENIED] username=yuhhna2907 requestedUrl=/ws/info ip=0:0:0:0:0:0:0:1
2026-04-24 12:02:08.199 [SECURITY_AUDIT] WARN  - [ACCESS_DENIED] username=yuhhna2907 requestedUrl=/ws/info ip=0:0:0:0:0:0:0:1
2026-04-24 12:02:13.230 [SECURITY_AUDIT] WARN  - [ACCESS_DENIED] username=yuhhna2907 requestedUrl=/ws/info ip=0:0:0:0:0:0:0:1
2026-04-24 12:02:18.259 [SECURITY_AUDIT] WARN  - [ACCESS_DENIED] username=yuhhna2907 requestedUrl=/ws/info ip=0:0:0:0:0:0:0:1
2026-04-24 12:02:23.307 [SECURITY_AUDIT] WARN  - [ACCESS_DENIED] username=yuhhna2907 requestedUrl=/ws/info ip=0:0:0:0:0:0:0:1
2026-04-24 12:02:28.330 [SECURITY_AUDIT] WARN  - [ACCESS_DENIED] username=yuhhna2907 requestedUrl=/ws/info ip=0:0:0:0:0:0:0:1
2026-04-24 12:02:33.354 [SECURITY_AUDIT] WARN  - [ACCESS_DENIED] username=yuhhna2907 requestedUrl=/ws/info ip=0:0:0:0:0:0:0:1
2026-04-24 12:02:38.374 [SECURITY_AUDIT] WARN  - [ACCESS_DENIED] username=yuhhna2907 requestedUrl=/ws/info ip=0:0:0:0:0:0:0:1
2026-04-24 12:02:43.415 [SECURITY_AUDIT] WARN  - [ACCESS_DENIED] username=yuhhna2907 requestedUrl=/ws/info ip=0:0:0:0:0:0:0:1
2026-04-24 12:02:48.445 [SECURITY_AUDIT] WARN  - [ACCESS_DENIED] username=yuhhna2907 requestedUrl=/ws/info ip=0:0:0:0:0:0:0:1
2026-04-24 12:02:53.481 [SECURITY_AUDIT] WARN  - [ACCESS_DENIED] username=yuhhna2907 requestedUrl=/ws/info ip=0:0:0:0:0:0:0:1
2026-04-24 12:02:58.511 [SECURITY_AUDIT] WARN  - [ACCESS_DENIED] username=yuhhna2907 requestedUrl=/ws/info ip=0:0:0:0:0:0:0:1
2026-04-24 12:03:03.532 [SECURITY_AUDIT] WARN  - [ACCESS_DENIED] username=yuhhna2907 requestedUrl=/ws/info ip=0:0:0:0:0:0:0:1
2026-04-24 12:03:08.549 [SECURITY_AUDIT] WARN  - [ACCESS_DENIED] username=yuhhna2907 requestedUrl=/ws/info ip=0:0:0:0:0:0:0:1
2026-04-24 12:03:13.563 [SECURITY_AUDIT] WARN  - [ACCESS_DENIED] username=yuhhna2907 requestedUrl=/ws/info ip=0:0:0:0:0:0:0:1
2026-04-24 12:03:18.581 [SECURITY_AUDIT] WARN  - [ACCESS_DENIED] username=yuhhna2907 requestedUrl=/ws/info ip=0:0:0:0:0:0:0:1
2026-04-24 12:03:23.600 [SECURITY_AUDIT] WARN  - [ACCESS_DENIED] username=yuhhna2907 requestedUrl=/ws/info ip=0:0:0:0:0:0:0:1
2026-04-24 12:03:28.615 [SECURITY_AUDIT] WARN  - [ACCESS_DENIED] username=yuhhna2907 requestedUrl=/ws/info ip=0:0:0:0:0:0:0:1
2026-04-24 12:03:33.642 [SECURITY_AUDIT] WARN  - [ACCESS_DENIED] username=yuhhna2907 requestedUrl=/ws/info ip=0:0:0:0:0:0:0:1
2026-04-24 12:03:38.661 [SECURITY_AUDIT] WARN  - [ACCESS_DENIED] username=yuhhna2907 requestedUrl=/ws/info ip=0:0:0:0:0:0:0:1
2026-04-24 12:03:43.680 [SECURITY_AUDIT] WARN  - [ACCESS_DENIED] username=yuhhna2907 requestedUrl=/ws/info ip=0:0:0:0:0:0:0:1
2026-04-24 12:03:48.695 [SECURITY_AUDIT] WARN  - [ACCESS_DENIED] username=yuhhna2907 requestedUrl=/ws/info ip=0:0:0:0:0:0:0:1
2026-04-24 12:03:53.711 [SECURITY_AUDIT] WARN  - [ACCESS_DENIED] username=yuhhna2907 requestedUrl=/ws/info ip=0:0:0:0:0:0:0:1
2026-04-24 12:03:58.813 [SECURITY_AUDIT] WARN  - [ACCESS_DENIED] username=yuhhna2907 requestedUrl=/ws/info ip=0:0:0:0:0:0:0:1
2026-04-24 12:04:04.817 [SECURITY_AUDIT] WARN  - [ACCESS_DENIED] username=yuhhna2907 requestedUrl=/ws/info ip=0:0:0:0:0:0:0:1
2026-04-24 12:04:10.811 [SECURITY_AUDIT] WARN  - [ACCESS_DENIED] username=yuhhna2907 requestedUrl=/ws/info ip=0:0:0:0:0:0:0:1
2026-04-24 12:04:16.999 [SECURITY_AUDIT] WARN  - [ACCESS_DENIED] username=yuhhna2907 requestedUrl=/ws/info ip=0:0:0:0:0:0:0:1
2026-04-24 12:04:23.226 [SECURITY_AUDIT] WARN  - [ACCESS_DENIED] username=yuhhna2907 requestedUrl=/ws/info ip=0:0:0:0:0:0:0:1
2026-04-24 12:04:28.812 [SECURITY_AUDIT] WARN  - [ACCESS_DENIED] username=yuhhna2907 requestedUrl=/ws/info ip=0:0:0:0:0:0:0:1
2026-04-24 12:04:35.426 [SECURITY_AUDIT] WARN  - [ACCESS_DENIED] username=yuhhna2907 requestedUrl=/ws/info ip=0:0:0:0:0:0:0:1
2026-04-24 12:04:40.939 [SECURITY_AUDIT] WARN  - [ACCESS_DENIED] username=yuhhna2907 requestedUrl=/ws/info ip=0:0:0:0:0:0:0:1
2026-04-24 12:04:46.929 [SECURITY_AUDIT] WARN  - [ACCESS_DENIED] username=yuhhna2907 requestedUrl=/ws/info ip=0:0:0:0:0:0:0:1
2026-04-24 12:04:54.883 [SECURITY_AUDIT] WARN  - [ACCESS_DENIED] username=yuhhna2907 requestedUrl=/ws/info ip=0:0:0:0:0:0:0:1
2026-04-24 12:05:03.064 [SECURITY_AUDIT] WARN  - [ACCESS_DENIED] username=yuhhna2907 requestedUrl=/ws/info ip=0:0:0:0:0:0:0:1
2026-04-24 12:05:07.055 [SECURITY_AUDIT] WARN  - [LOGIN_FAILURE] username=admin ip=0:0:0:0:0:0:0:1 reason=Invalid credentials
2026-04-24 12:05:08.908 [SECURITY_AUDIT] WARN  - [ACCESS_DENIED] username=yuhhna2907 requestedUrl=/ws/info ip=0:0:0:0:0:0:0:1
2026-04-24 12:05:14.824 [SECURITY_AUDIT] WARN  - [ACCESS_DENIED] username=yuhhna2907 requestedUrl=/ws/info ip=0:0:0:0:0:0:0:1
2026-04-24 12:05:20.815 [SECURITY_AUDIT] WARN  - [ACCESS_DENIED] username=yuhhna2907 requestedUrl=/ws/info ip=0:0:0:0:0:0:0:1
2026-04-24 12:05:26.815 [SECURITY_AUDIT] WARN  - [ACCESS_DENIED] username=yuhhna2907 requestedUrl=/ws/info ip=0:0:0:0:0:0:0:1
2026-04-24 12:05:38.070 [SECURITY_AUDIT] WARN  - [ACCESS_DENIED] username=yuhhna2907 requestedUrl=/ws/info ip=0:0:0:0:0:0:0:1
2026-04-24 12:05:49.488 [SECURITY_AUDIT] WARN  - [ACCESS_DENIED] username=yuhhna2907 requestedUrl=/ws/info ip=0:0:0:0:0:0:0:1
2026-04-24 12:05:54.923 [SECURITY_AUDIT] WARN  - [ACCESS_DENIED] username=yuhhna2907 requestedUrl=/ws/info ip=0:0:0:0:0:0:0:1
2026-04-24 12:06:00.826 [SECURITY_AUDIT] WARN  - [ACCESS_DENIED] username=yuhhna2907 requestedUrl=/ws/info ip=0:0:0:0:0:0:0:1
2026-04-24 12:06:07.799 [SECURITY_AUDIT] WARN  - [ACCESS_DENIED] username=yuhhna2907 requestedUrl=/ws/info ip=0:0:0:0:0:0:0:1
2026-04-24 12:06:13.813 [SECURITY_AUDIT] WARN  - [ACCESS_DENIED] username=yuhhna2907 requestedUrl=/ws/info ip=0:0:0:0:0:0:0:1
2026-04-24 12:06:20.746 [SECURITY_AUDIT] WARN  - [ACCESS_DENIED] username=yuhhna2907 requestedUrl=/ws/info ip=0:0:0:0:0:0:0:1
2026-04-24 12:06:26.833 [SECURITY_AUDIT] WARN  - [ACCESS_DENIED] username=yuhhna2907 requestedUrl=/ws/info ip=0:0:0:0:0:0:0:1
2026-04-24 12:06:35.203 [SECURITY_AUDIT] WARN  - [ACCESS_DENIED] username=yuhhna2907 requestedUrl=/ws/info ip=0:0:0:0:0:0:0:1
2026-04-24 13:43:13.897 [SECURITY_AUDIT] WARN  - [ACCESS_DENIED] username=anonymous requestedUrl=/ws/679/aokc05pj/xhr_streaming ip=0:0:0:0:0:0:0:1
2026-04-24 13:43:14.142 [SECURITY_AUDIT] WARN  - [ACCESS_DENIED] username=anonymous requestedUrl=/ws/679/aokc05pj/xhr_streaming ip=0:0:0:0:0:0:0:1
2026-04-24 13:43:14.333 [SECURITY_AUDIT] WARN  - [ACCESS_DENIED] username=anonymous requestedUrl=/ws/679/aokc05pj/xhr_streaming ip=0:0:0:0:0:0:0:1
2026-04-24 13:43:14.521 [SECURITY_AUDIT] WARN  - [ACCESS_DENIED] username=anonymous requestedUrl=/ws/679/aokc05pj/xhr_streaming ip=0:0:0:0:0:0:0:1
2026-04-24 13:43:14.632 [SECURITY_AUDIT] WARN  - [ACCESS_DENIED] username=anonymous requestedUrl=/ws/679/aokc05pj/xhr_streaming ip=0:0:0:0:0:0:0:1
2026-04-24 13:43:14.738 [SECURITY_AUDIT] WARN  - [ACCESS_DENIED] username=anonymous requestedUrl=/ws/679/aokc05pj/xhr_streaming ip=0:0:0:0:0:0:0:1
2026-04-24 13:43:17.099 [SECURITY_AUDIT] INFO  - [LOGIN_SUCCESS] username=yuhhna2907 ip=0:0:0:0:0:0:0:1 userAgent=Mozilla/5.0 (Windows NT 10.0; Win64; x64) AppleWebKit/537.36 (KHTML, like Gecko) Chrome/147.0.0.0 Safari/537.36
2026-04-24 13:43:18.326 [SECURITY_AUDIT] WARN  - [ACCESS_DENIED] username=yuhhna2907 requestedUrl=/ws/info ip=0:0:0:0:0:0:0:1
2026-04-24 13:43:19.492 [SECURITY_AUDIT] WARN  - [ACCESS_DENIED] username=yuhhna2907 requestedUrl=/user/saved-items ip=0:0:0:0:0:0:0:1
2026-04-24 13:43:19.568 [SECURITY_AUDIT] WARN  - [ACCESS_DENIED] username=yuhhna2907 requestedUrl=/ws/info ip=0:0:0:0:0:0:0:1
2026-04-24 13:43:21.328 [SECURITY_AUDIT] WARN  - [ACCESS_DENIED] username=yuhhna2907 requestedUrl=/ws/info ip=0:0:0:0:0:0:0:1
2026-04-24 13:43:26.385 [SECURITY_AUDIT] WARN  - [ACCESS_DENIED] username=yuhhna2907 requestedUrl=/ws/info ip=0:0:0:0:0:0:0:1
2026-04-24 13:43:31.460 [SECURITY_AUDIT] WARN  - [ACCESS_DENIED] username=yuhhna2907 requestedUrl=/ws/info ip=0:0:0:0:0:0:0:1
2026-04-24 13:43:37.827 [SECURITY_AUDIT] WARN  - [ACCESS_DENIED] username=yuhhna2907 requestedUrl=/ws/info ip=0:0:0:0:0:0:0:1
2026-04-24 13:43:43.472 [SECURITY_AUDIT] WARN  - [ACCESS_DENIED] username=yuhhna2907 requestedUrl=/ws/info ip=0:0:0:0:0:0:0:1
2026-04-24 13:43:51.970 [SECURITY_AUDIT] WARN  - [ACCESS_DENIED] username=yuhhna2907 requestedUrl=/ws/info ip=0:0:0:0:0:0:0:1
2026-04-24 13:43:59.339 [SECURITY_AUDIT] WARN  - [ACCESS_DENIED] username=yuhhna2907 requestedUrl=/ws/info ip=0:0:0:0:0:0:0:1
2026-04-24 13:44:06.054 [SECURITY_AUDIT] WARN  - [ACCESS_DENIED] username=yuhhna2907 requestedUrl=/ws/info ip=0:0:0:0:0:0:0:1
2026-04-24 13:44:53.297 [SECURITY_AUDIT] WARN  - [ACCESS_DENIED] username=yuhhna2907 requestedUrl=/ws/info ip=0:0:0:0:0:0:0:1
2026-04-24 13:44:59.300 [SECURITY_AUDIT] WARN  - [ACCESS_DENIED] username=yuhhna2907 requestedUrl=/ws/info ip=0:0:0:0:0:0:0:1
2026-04-24 13:45:06.695 [SECURITY_AUDIT] WARN  - [ACCESS_DENIED] username=yuhhna2907 requestedUrl=/ws/info ip=0:0:0:0:0:0:0:1
2026-04-24 13:45:13.302 [SECURITY_AUDIT] WARN  - [ACCESS_DENIED] username=yuhhna2907 requestedUrl=/ws/info ip=0:0:0:0:0:0:0:1
2026-04-24 13:45:20.311 [SECURITY_AUDIT] WARN  - [ACCESS_DENIED] username=yuhhna2907 requestedUrl=/ws/info ip=0:0:0:0:0:0:0:1
2026-04-24 13:45:26.300 [SECURITY_AUDIT] WARN  - [ACCESS_DENIED] username=yuhhna2907 requestedUrl=/ws/info ip=0:0:0:0:0:0:0:1
2026-04-24 13:45:32.621 [SECURITY_AUDIT] WARN  - [ACCESS_DENIED] username=yuhhna2907 requestedUrl=/ws/info ip=0:0:0:0:0:0:0:1
2026-04-24 13:45:38.358 [SECURITY_AUDIT] WARN  - [ACCESS_DENIED] username=yuhhna2907 requestedUrl=/ws/info ip=0:0:0:0:0:0:0:1
2026-04-24 13:46:01.674 [SECURITY_AUDIT] WARN  - [ACCESS_DENIED] username=anonymous requestedUrl=/ws/200/4bvthmpc/xhr_streaming ip=0:0:0:0:0:0:0:1
2026-04-24 13:46:05.621 [SECURITY_AUDIT] WARN  - [ACCESS_DENIED] username=anonymous requestedUrl=/ws/200/4bvthmpc/xhr_streaming ip=0:0:0:0:0:0:0:1
2026-04-24 13:46:06.992 [SECURITY_AUDIT] WARN  - [ACCESS_DENIED] username=anonymous requestedUrl=/ws/200/4bvthmpc/xhr_streaming ip=0:0:0:0:0:0:0:1
2026-04-24 13:46:07.038 [SECURITY_AUDIT] WARN  - [ACCESS_DENIED] username=anonymous requestedUrl=/ws/200/4bvthmpc/xhr_streaming ip=0:0:0:0:0:0:0:1
2026-04-24 13:46:07.071 [SECURITY_AUDIT] WARN  - [ACCESS_DENIED] username=anonymous requestedUrl=/ws/200/4bvthmpc/xhr_streaming ip=0:0:0:0:0:0:0:1
2026-04-24 13:46:07.133 [SECURITY_AUDIT] WARN  - [ACCESS_DENIED] username=anonymous requestedUrl=/ws/200/4bvthmpc/xhr_streaming ip=0:0:0:0:0:0:0:1
2026-04-24 13:46:07.189 [SECURITY_AUDIT] WARN  - [ACCESS_DENIED] username=anonymous requestedUrl=/ws/200/4bvthmpc/xhr_streaming ip=0:0:0:0:0:0:0:1
2026-04-24 13:46:07.225 [SECURITY_AUDIT] WARN  - [ACCESS_DENIED] username=anonymous requestedUrl=/ws/200/4bvthmpc/xhr_streaming ip=0:0:0:0:0:0:0:1
2026-04-24 13:46:07.643 [SECURITY_AUDIT] WARN  - [ACCESS_DENIED] username=anonymous requestedUrl=/ws/200/4bvthmpc/xhr_streaming ip=0:0:0:0:0:0:0:1
2026-04-24 13:46:12.213 [SECURITY_AUDIT] WARN  - [ACCESS_DENIED] username=anonymous requestedUrl=/ws/200/4bvthmpc/xhr_streaming ip=0:0:0:0:0:0:0:1
2026-04-24 13:46:12.273 [SECURITY_AUDIT] WARN  - [ACCESS_DENIED] username=anonymous requestedUrl=/ws/200/4bvthmpc/xhr_streaming ip=0:0:0:0:0:0:0:1
2026-04-24 13:46:12.308 [SECURITY_AUDIT] WARN  - [ACCESS_DENIED] username=anonymous requestedUrl=/ws/200/4bvthmpc/xhr_streaming ip=0:0:0:0:0:0:0:1
2026-04-24 13:46:12.344 [SECURITY_AUDIT] WARN  - [ACCESS_DENIED] username=anonymous requestedUrl=/ws/200/4bvthmpc/xhr_streaming ip=0:0:0:0:0:0:0:1
2026-04-24 13:46:12.378 [SECURITY_AUDIT] WARN  - [ACCESS_DENIED] username=anonymous requestedUrl=/ws/200/4bvthmpc/xhr_streaming ip=0:0:0:0:0:0:0:1
2026-04-24 13:46:12.413 [SECURITY_AUDIT] WARN  - [ACCESS_DENIED] username=anonymous requestedUrl=/ws/200/4bvthmpc/xhr_streaming ip=0:0:0:0:0:0:0:1
2026-04-24 13:46:12.480 [SECURITY_AUDIT] WARN  - [ACCESS_DENIED] username=anonymous requestedUrl=/ws/200/4bvthmpc/xhr_streaming ip=0:0:0:0:0:0:0:1
2026-04-24 13:46:12.517 [SECURITY_AUDIT] WARN  - [ACCESS_DENIED] username=anonymous requestedUrl=/ws/200/4bvthmpc/xhr_streaming ip=0:0:0:0:0:0:0:1
2026-04-24 13:46:15.090 [SECURITY_AUDIT] WARN  - [ACCESS_DENIED] username=anonymous requestedUrl=/ws/200/4bvthmpc/xhr_streaming ip=0:0:0:0:0:0:0:1
2026-04-24 13:46:15.123 [SECURITY_AUDIT] WARN  - [ACCESS_DENIED] username=anonymous requestedUrl=/ws/200/4bvthmpc/xhr_streaming ip=0:0:0:0:0:0:0:1
2026-04-24 13:46:15.162 [SECURITY_AUDIT] WARN  - [ACCESS_DENIED] username=anonymous requestedUrl=/ws/200/4bvthmpc/xhr_streaming ip=0:0:0:0:0:0:0:1
2026-04-24 13:46:15.195 [SECURITY_AUDIT] WARN  - [ACCESS_DENIED] username=anonymous requestedUrl=/ws/200/4bvthmpc/xhr_streaming ip=0:0:0:0:0:0:0:1
2026-04-24 13:46:15.220 [SECURITY_AUDIT] WARN  - [ACCESS_DENIED] username=anonymous requestedUrl=/ws/200/4bvthmpc/xhr_streaming ip=0:0:0:0:0:0:0:1
2026-04-24 13:46:15.258 [SECURITY_AUDIT] WARN  - [ACCESS_DENIED] username=anonymous requestedUrl=/ws/200/4bvthmpc/xhr_streaming ip=0:0:0:0:0:0:0:1
2026-04-24 13:46:15.287 [SECURITY_AUDIT] WARN  - [ACCESS_DENIED] username=anonymous requestedUrl=/ws/200/4bvthmpc/xhr_streaming ip=0:0:0:0:0:0:0:1
2026-04-24 13:46:15.323 [SECURITY_AUDIT] WARN  - [ACCESS_DENIED] username=anonymous requestedUrl=/ws/200/4bvthmpc/xhr_streaming ip=0:0:0:0:0:0:0:1
2026-04-24 13:46:15.358 [SECURITY_AUDIT] WARN  - [ACCESS_DENIED] username=anonymous requestedUrl=/ws/200/4bvthmpc/xhr_streaming ip=0:0:0:0:0:0:0:1
2026-04-24 13:46:15.389 [SECURITY_AUDIT] WARN  - [ACCESS_DENIED] username=anonymous requestedUrl=/ws/200/4bvthmpc/xhr_streaming ip=0:0:0:0:0:0:0:1
2026-04-24 13:46:15.421 [SECURITY_AUDIT] WARN  - [ACCESS_DENIED] username=anonymous requestedUrl=/ws/200/4bvthmpc/xhr_streaming ip=0:0:0:0:0:0:0:1
2026-04-24 13:46:15.460 [SECURITY_AUDIT] WARN  - [ACCESS_DENIED] username=anonymous requestedUrl=/ws/200/4bvthmpc/xhr_streaming ip=0:0:0:0:0:0:0:1
2026-04-24 13:46:15.496 [SECURITY_AUDIT] WARN  - [ACCESS_DENIED] username=anonymous requestedUrl=/ws/200/4bvthmpc/xhr_streaming ip=0:0:0:0:0:0:0:1
2026-04-24 13:46:15.530 [SECURITY_AUDIT] WARN  - [ACCESS_DENIED] username=anonymous requestedUrl=/ws/200/4bvthmpc/xhr_streaming ip=0:0:0:0:0:0:0:1
2026-04-24 13:46:15.578 [SECURITY_AUDIT] WARN  - [ACCESS_DENIED] username=anonymous requestedUrl=/ws/200/4bvthmpc/xhr_streaming ip=0:0:0:0:0:0:0:1
2026-04-24 13:46:15.625 [SECURITY_AUDIT] WARN  - [ACCESS_DENIED] username=anonymous requestedUrl=/ws/200/4bvthmpc/xhr_streaming ip=0:0:0:0:0:0:0:1
2026-04-24 13:46:15.662 [SECURITY_AUDIT] WARN  - [ACCESS_DENIED] username=anonymous requestedUrl=/ws/200/4bvthmpc/xhr_streaming ip=0:0:0:0:0:0:0:1
2026-04-24 13:46:15.696 [SECURITY_AUDIT] WARN  - [ACCESS_DENIED] username=anonymous requestedUrl=/ws/200/4bvthmpc/xhr_streaming ip=0:0:0:0:0:0:0:1
2026-04-24 13:46:15.738 [SECURITY_AUDIT] WARN  - [ACCESS_DENIED] username=anonymous requestedUrl=/ws/200/4bvthmpc/xhr_streaming ip=0:0:0:0:0:0:0:1
2026-04-24 13:46:15.772 [SECURITY_AUDIT] WARN  - [ACCESS_DENIED] username=anonymous requestedUrl=/ws/200/4bvthmpc/xhr_streaming ip=0:0:0:0:0:0:0:1
2026-04-24 13:46:15.808 [SECURITY_AUDIT] WARN  - [ACCESS_DENIED] username=anonymous requestedUrl=/ws/200/4bvthmpc/xhr_streaming ip=0:0:0:0:0:0:0:1
2026-04-24 13:46:15.853 [SECURITY_AUDIT] WARN  - [ACCESS_DENIED] username=anonymous requestedUrl=/ws/200/4bvthmpc/xhr_streaming ip=0:0:0:0:0:0:0:1
2026-04-24 13:46:15.882 [SECURITY_AUDIT] WARN  - [ACCESS_DENIED] username=anonymous requestedUrl=/ws/200/4bvthmpc/xhr_streaming ip=0:0:0:0:0:0:0:1
2026-04-24 13:46:15.919 [SECURITY_AUDIT] WARN  - [ACCESS_DENIED] username=anonymous requestedUrl=/ws/200/4bvthmpc/xhr_streaming ip=0:0:0:0:0:0:0:1
2026-04-24 13:46:15.960 [SECURITY_AUDIT] WARN  - [ACCESS_DENIED] username=anonymous requestedUrl=/ws/200/4bvthmpc/xhr_streaming ip=0:0:0:0:0:0:0:1
2026-04-24 13:46:15.989 [SECURITY_AUDIT] WARN  - [ACCESS_DENIED] username=anonymous requestedUrl=/ws/200/4bvthmpc/xhr_streaming ip=0:0:0:0:0:0:0:1
2026-04-24 13:46:16.023 [SECURITY_AUDIT] WARN  - [ACCESS_DENIED] username=anonymous requestedUrl=/ws/200/4bvthmpc/xhr_streaming ip=0:0:0:0:0:0:0:1
2026-04-24 13:46:16.055 [SECURITY_AUDIT] WARN  - [ACCESS_DENIED] username=anonymous requestedUrl=/ws/200/4bvthmpc/xhr_streaming ip=0:0:0:0:0:0:0:1
2026-04-24 13:46:16.087 [SECURITY_AUDIT] WARN  - [ACCESS_DENIED] username=anonymous requestedUrl=/ws/200/4bvthmpc/xhr_streaming ip=0:0:0:0:0:0:0:1
2026-04-24 13:46:16.114 [SECURITY_AUDIT] WARN  - [ACCESS_DENIED] username=anonymous requestedUrl=/ws/200/4bvthmpc/xhr_streaming ip=0:0:0:0:0:0:0:1
2026-04-24 13:46:16.171 [SECURITY_AUDIT] WARN  - [ACCESS_DENIED] username=anonymous requestedUrl=/ws/200/4bvthmpc/xhr_streaming ip=0:0:0:0:0:0:0:1
2026-04-24 13:46:16.196 [SECURITY_AUDIT] WARN  - [ACCESS_DENIED] username=anonymous requestedUrl=/ws/200/4bvthmpc/xhr_streaming ip=0:0:0:0:0:0:0:1
2026-04-24 13:46:16.231 [SECURITY_AUDIT] WARN  - [ACCESS_DENIED] username=anonymous requestedUrl=/ws/200/4bvthmpc/xhr_streaming ip=127.0.0.1
2026-04-24 13:46:16.258 [SECURITY_AUDIT] WARN  - [ACCESS_DENIED] username=anonymous requestedUrl=/ws/200/4bvthmpc/xhr_streaming ip=127.0.0.1
2026-04-24 13:46:16.307 [SECURITY_AUDIT] WARN  - [ACCESS_DENIED] username=anonymous requestedUrl=/ws/200/4bvthmpc/xhr_streaming ip=127.0.0.1
2026-04-24 13:46:16.361 [SECURITY_AUDIT] WARN  - [ACCESS_DENIED] username=anonymous requestedUrl=/ws/200/4bvthmpc/xhr_streaming ip=127.0.0.1
2026-04-24 13:46:16.399 [SECURITY_AUDIT] WARN  - [ACCESS_DENIED] username=anonymous requestedUrl=/ws/200/4bvthmpc/xhr_streaming ip=127.0.0.1
2026-04-24 13:46:16.446 [SECURITY_AUDIT] WARN  - [ACCESS_DENIED] username=anonymous requestedUrl=/ws/200/4bvthmpc/xhr_streaming ip=127.0.0.1
2026-04-24 13:46:16.479 [SECURITY_AUDIT] WARN  - [ACCESS_DENIED] username=anonymous requestedUrl=/ws/200/4bvthmpc/xhr_streaming ip=127.0.0.1
2026-04-24 13:46:16.510 [SECURITY_AUDIT] WARN  - [ACCESS_DENIED] username=anonymous requestedUrl=/ws/200/4bvthmpc/xhr_streaming ip=127.0.0.1
2026-04-24 13:46:16.539 [SECURITY_AUDIT] WARN  - [ACCESS_DENIED] username=anonymous requestedUrl=/ws/200/4bvthmpc/xhr_streaming ip=127.0.0.1
2026-04-24 13:46:16.575 [SECURITY_AUDIT] WARN  - [ACCESS_DENIED] username=anonymous requestedUrl=/ws/200/4bvthmpc/xhr_streaming ip=127.0.0.1
2026-04-24 13:46:16.607 [SECURITY_AUDIT] WARN  - [ACCESS_DENIED] username=anonymous requestedUrl=/ws/200/4bvthmpc/xhr_streaming ip=127.0.0.1
2026-04-24 13:46:16.765 [SECURITY_AUDIT] WARN  - [ACCESS_DENIED] username=anonymous requestedUrl=/ws/200/4bvthmpc/xhr_streaming ip=127.0.0.1
2026-04-24 13:46:16.803 [SECURITY_AUDIT] WARN  - [ACCESS_DENIED] username=anonymous requestedUrl=/ws/200/4bvthmpc/xhr_streaming ip=127.0.0.1
2026-04-24 13:46:16.833 [SECURITY_AUDIT] WARN  - [ACCESS_DENIED] username=anonymous requestedUrl=/ws/200/4bvthmpc/xhr_streaming ip=127.0.0.1
2026-04-24 13:46:16.900 [SECURITY_AUDIT] WARN  - [ACCESS_DENIED] username=anonymous requestedUrl=/ws/200/4bvthmpc/xhr_streaming ip=127.0.0.1
2026-04-24 13:46:16.940 [SECURITY_AUDIT] WARN  - [ACCESS_DENIED] username=anonymous requestedUrl=/ws/200/4bvthmpc/xhr_streaming ip=127.0.0.1
2026-04-24 13:46:16.973 [SECURITY_AUDIT] WARN  - [ACCESS_DENIED] username=anonymous requestedUrl=/ws/200/4bvthmpc/xhr_streaming ip=127.0.0.1
2026-04-24 13:46:17.012 [SECURITY_AUDIT] WARN  - [ACCESS_DENIED] username=anonymous requestedUrl=/ws/200/4bvthmpc/xhr_streaming ip=127.0.0.1
2026-04-24 13:46:17.055 [SECURITY_AUDIT] WARN  - [ACCESS_DENIED] username=anonymous requestedUrl=/ws/200/4bvthmpc/xhr_streaming ip=127.0.0.1
2026-04-24 13:46:17.089 [SECURITY_AUDIT] WARN  - [ACCESS_DENIED] username=anonymous requestedUrl=/ws/200/4bvthmpc/xhr_streaming ip=127.0.0.1
2026-04-24 13:46:17.146 [SECURITY_AUDIT] WARN  - [ACCESS_DENIED] username=anonymous requestedUrl=/ws/200/4bvthmpc/xhr_streaming ip=127.0.0.1
2026-04-24 13:46:17.183 [SECURITY_AUDIT] WARN  - [ACCESS_DENIED] username=anonymous requestedUrl=/ws/200/4bvthmpc/xhr_streaming ip=127.0.0.1
2026-04-24 13:46:17.209 [SECURITY_AUDIT] WARN  - [ACCESS_DENIED] username=anonymous requestedUrl=/ws/200/4bvthmpc/xhr_streaming ip=127.0.0.1
2026-04-24 13:46:17.271 [SECURITY_AUDIT] WARN  - [ACCESS_DENIED] username=anonymous requestedUrl=/ws/200/4bvthmpc/xhr_streaming ip=127.0.0.1
2026-04-24 13:46:17.303 [SECURITY_AUDIT] WARN  - [ACCESS_DENIED] username=anonymous requestedUrl=/ws/200/4bvthmpc/xhr_streaming ip=127.0.0.1
2026-04-24 13:46:17.336 [SECURITY_AUDIT] WARN  - [ACCESS_DENIED] username=anonymous requestedUrl=/ws/200/4bvthmpc/xhr_streaming ip=127.0.0.1
2026-04-24 13:46:17.372 [SECURITY_AUDIT] WARN  - [ACCESS_DENIED] username=anonymous requestedUrl=/ws/200/4bvthmpc/xhr_streaming ip=127.0.0.1
2026-04-24 13:46:17.402 [SECURITY_AUDIT] WARN  - [ACCESS_DENIED] username=anonymous requestedUrl=/ws/200/4bvthmpc/xhr_streaming ip=127.0.0.1
2026-04-24 13:46:17.439 [SECURITY_AUDIT] WARN  - [ACCESS_DENIED] username=anonymous requestedUrl=/ws/200/4bvthmpc/xhr_streaming ip=127.0.0.1
2026-04-24 13:46:17.476 [SECURITY_AUDIT] WARN  - [ACCESS_DENIED] username=anonymous requestedUrl=/ws/200/4bvthmpc/xhr_streaming ip=127.0.0.1
2026-04-24 13:46:17.508 [SECURITY_AUDIT] WARN  - [ACCESS_DENIED] username=anonymous requestedUrl=/ws/200/4bvthmpc/xhr_streaming ip=127.0.0.1
2026-04-24 13:46:17.550 [SECURITY_AUDIT] WARN  - [ACCESS_DENIED] username=anonymous requestedUrl=/ws/200/4bvthmpc/xhr_streaming ip=127.0.0.1
2026-04-24 13:46:17.613 [SECURITY_AUDIT] WARN  - [ACCESS_DENIED] username=anonymous requestedUrl=/ws/200/4bvthmpc/xhr_streaming ip=127.0.0.1
2026-04-24 13:46:17.669 [SECURITY_AUDIT] WARN  - [ACCESS_DENIED] username=anonymous requestedUrl=/ws/200/4bvthmpc/xhr_streaming ip=127.0.0.1
2026-04-24 13:46:17.697 [SECURITY_AUDIT] WARN  - [ACCESS_DENIED] username=anonymous requestedUrl=/ws/200/4bvthmpc/xhr_streaming ip=127.0.0.1
2026-04-24 13:46:17.730 [SECURITY_AUDIT] WARN  - [ACCESS_DENIED] username=anonymous requestedUrl=/ws/200/4bvthmpc/xhr_streaming ip=127.0.0.1
2026-04-24 13:46:17.760 [SECURITY_AUDIT] WARN  - [ACCESS_DENIED] username=anonymous requestedUrl=/ws/200/4bvthmpc/xhr_streaming ip=127.0.0.1
2026-04-24 13:46:17.788 [SECURITY_AUDIT] WARN  - [ACCESS_DENIED] username=anonymous requestedUrl=/ws/200/4bvthmpc/xhr_streaming ip=127.0.0.1
2026-04-24 13:46:17.824 [SECURITY_AUDIT] WARN  - [ACCESS_DENIED] username=anonymous requestedUrl=/ws/200/4bvthmpc/xhr_streaming ip=127.0.0.1
2026-04-24 13:46:17.853 [SECURITY_AUDIT] WARN  - [ACCESS_DENIED] username=anonymous requestedUrl=/ws/200/4bvthmpc/xhr_streaming ip=127.0.0.1
2026-04-24 13:46:17.879 [SECURITY_AUDIT] WARN  - [ACCESS_DENIED] username=anonymous requestedUrl=/ws/200/4bvthmpc/xhr_streaming ip=127.0.0.1
2026-04-24 13:46:17.906 [SECURITY_AUDIT] WARN  - [ACCESS_DENIED] username=anonymous requestedUrl=/ws/200/4bvthmpc/xhr_streaming ip=127.0.0.1
2026-04-24 13:46:17.953 [SECURITY_AUDIT] WARN  - [ACCESS_DENIED] username=anonymous requestedUrl=/ws/200/4bvthmpc/xhr_streaming ip=127.0.0.1
2026-04-24 13:46:17.989 [SECURITY_AUDIT] WARN  - [ACCESS_DENIED] username=anonymous requestedUrl=/ws/200/4bvthmpc/xhr_streaming ip=127.0.0.1
2026-04-24 13:46:18.016 [SECURITY_AUDIT] WARN  - [ACCESS_DENIED] username=anonymous requestedUrl=/ws/200/4bvthmpc/xhr_streaming ip=127.0.0.1
2026-04-24 13:46:18.044 [SECURITY_AUDIT] WARN  - [ACCESS_DENIED] username=anonymous requestedUrl=/ws/200/4bvthmpc/xhr_streaming ip=127.0.0.1
2026-04-24 13:46:18.070 [SECURITY_AUDIT] WARN  - [ACCESS_DENIED] username=anonymous requestedUrl=/ws/200/4bvthmpc/xhr_streaming ip=127.0.0.1
2026-04-24 13:46:18.094 [SECURITY_AUDIT] WARN  - [ACCESS_DENIED] username=anonymous requestedUrl=/ws/200/4bvthmpc/xhr_streaming ip=127.0.0.1
2026-04-24 13:46:18.123 [SECURITY_AUDIT] WARN  - [ACCESS_DENIED] username=anonymous requestedUrl=/ws/200/4bvthmpc/xhr_streaming ip=127.0.0.1
2026-04-24 13:46:18.147 [SECURITY_AUDIT] WARN  - [ACCESS_DENIED] username=anonymous requestedUrl=/ws/200/4bvthmpc/xhr_streaming ip=127.0.0.1
2026-04-24 13:46:18.174 [SECURITY_AUDIT] WARN  - [ACCESS_DENIED] username=anonymous requestedUrl=/ws/200/4bvthmpc/xhr_streaming ip=0:0:0:0:0:0:0:1
2026-04-24 13:46:18.199 [SECURITY_AUDIT] WARN  - [ACCESS_DENIED] username=anonymous requestedUrl=/ws/200/4bvthmpc/xhr_streaming ip=0:0:0:0:0:0:0:1
2026-04-24 13:46:18.223 [SECURITY_AUDIT] WARN  - [ACCESS_DENIED] username=anonymous requestedUrl=/ws/200/4bvthmpc/xhr_streaming ip=0:0:0:0:0:0:0:1
2026-04-24 13:46:18.255 [SECURITY_AUDIT] WARN  - [ACCESS_DENIED] username=anonymous requestedUrl=/ws/200/4bvthmpc/xhr_streaming ip=0:0:0:0:0:0:0:1
2026-04-24 13:46:18.284 [SECURITY_AUDIT] WARN  - [ACCESS_DENIED] username=anonymous requestedUrl=/ws/200/4bvthmpc/xhr_streaming ip=0:0:0:0:0:0:0:1
2026-04-24 13:46:18.310 [SECURITY_AUDIT] WARN  - [ACCESS_DENIED] username=anonymous requestedUrl=/ws/200/4bvthmpc/xhr_streaming ip=0:0:0:0:0:0:0:1
2026-04-24 13:46:18.337 [SECURITY_AUDIT] WARN  - [ACCESS_DENIED] username=anonymous requestedUrl=/ws/200/4bvthmpc/xhr_streaming ip=0:0:0:0:0:0:0:1
2026-04-24 13:46:18.359 [SECURITY_AUDIT] WARN  - [ACCESS_DENIED] username=anonymous requestedUrl=/ws/200/4bvthmpc/xhr_streaming ip=0:0:0:0:0:0:0:1
2026-04-24 13:46:18.382 [SECURITY_AUDIT] WARN  - [ACCESS_DENIED] username=anonymous requestedUrl=/ws/200/4bvthmpc/xhr_streaming ip=0:0:0:0:0:0:0:1
2026-04-24 13:46:18.407 [SECURITY_AUDIT] WARN  - [ACCESS_DENIED] username=anonymous requestedUrl=/ws/200/4bvthmpc/xhr_streaming ip=0:0:0:0:0:0:0:1
2026-04-24 13:46:18.435 [SECURITY_AUDIT] WARN  - [ACCESS_DENIED] username=anonymous requestedUrl=/ws/200/4bvthmpc/xhr_streaming ip=0:0:0:0:0:0:0:1
2026-04-24 13:46:18.457 [SECURITY_AUDIT] WARN  - [ACCESS_DENIED] username=anonymous requestedUrl=/ws/200/4bvthmpc/xhr_streaming ip=0:0:0:0:0:0:0:1
2026-04-24 13:46:18.485 [SECURITY_AUDIT] WARN  - [ACCESS_DENIED] username=anonymous requestedUrl=/ws/200/4bvthmpc/xhr_streaming ip=0:0:0:0:0:0:0:1
2026-04-24 13:46:18.514 [SECURITY_AUDIT] WARN  - [ACCESS_DENIED] username=anonymous requestedUrl=/ws/200/4bvthmpc/xhr_streaming ip=0:0:0:0:0:0:0:1
2026-04-24 13:46:18.542 [SECURITY_AUDIT] WARN  - [ACCESS_DENIED] username=anonymous requestedUrl=/ws/200/4bvthmpc/xhr_streaming ip=0:0:0:0:0:0:0:1
2026-04-24 13:46:18.569 [SECURITY_AUDIT] WARN  - [ACCESS_DENIED] username=anonymous requestedUrl=/ws/200/4bvthmpc/xhr_streaming ip=0:0:0:0:0:0:0:1
2026-04-24 13:46:18.599 [SECURITY_AUDIT] WARN  - [ACCESS_DENIED] username=anonymous requestedUrl=/ws/200/4bvthmpc/xhr_streaming ip=0:0:0:0:0:0:0:1
2026-04-24 13:46:18.623 [SECURITY_AUDIT] WARN  - [ACCESS_DENIED] username=anonymous requestedUrl=/ws/200/4bvthmpc/xhr_streaming ip=0:0:0:0:0:0:0:1
2026-04-24 13:46:18.648 [SECURITY_AUDIT] WARN  - [ACCESS_DENIED] username=anonymous requestedUrl=/ws/200/4bvthmpc/xhr_streaming ip=0:0:0:0:0:0:0:1
2026-04-24 13:46:18.673 [SECURITY_AUDIT] WARN  - [ACCESS_DENIED] username=anonymous requestedUrl=/ws/200/4bvthmpc/xhr_streaming ip=0:0:0:0:0:0:0:1
2026-04-24 13:46:18.698 [SECURITY_AUDIT] WARN  - [ACCESS_DENIED] username=anonymous requestedUrl=/ws/200/4bvthmpc/xhr_streaming ip=0:0:0:0:0:0:0:1
2026-04-24 13:46:18.722 [SECURITY_AUDIT] WARN  - [ACCESS_DENIED] username=anonymous requestedUrl=/ws/200/4bvthmpc/xhr_streaming ip=0:0:0:0:0:0:0:1
2026-04-24 13:46:18.750 [SECURITY_AUDIT] WARN  - [ACCESS_DENIED] username=anonymous requestedUrl=/ws/200/4bvthmpc/xhr_streaming ip=0:0:0:0:0:0:0:1
2026-04-24 13:46:18.774 [SECURITY_AUDIT] WARN  - [ACCESS_DENIED] username=anonymous requestedUrl=/ws/200/4bvthmpc/xhr_streaming ip=0:0:0:0:0:0:0:1
2026-04-24 13:46:18.802 [SECURITY_AUDIT] WARN  - [ACCESS_DENIED] username=anonymous requestedUrl=/ws/200/4bvthmpc/xhr_streaming ip=0:0:0:0:0:0:0:1
2026-04-24 13:46:18.828 [SECURITY_AUDIT] WARN  - [ACCESS_DENIED] username=anonymous requestedUrl=/ws/200/4bvthmpc/xhr_streaming ip=0:0:0:0:0:0:0:1
2026-04-24 13:46:18.853 [SECURITY_AUDIT] WARN  - [ACCESS_DENIED] username=anonymous requestedUrl=/ws/200/4bvthmpc/xhr_streaming ip=0:0:0:0:0:0:0:1
2026-04-24 13:46:18.878 [SECURITY_AUDIT] WARN  - [ACCESS_DENIED] username=anonymous requestedUrl=/ws/200/4bvthmpc/xhr_streaming ip=0:0:0:0:0:0:0:1
2026-04-24 13:46:18.906 [SECURITY_AUDIT] WARN  - [ACCESS_DENIED] username=anonymous requestedUrl=/ws/200/4bvthmpc/xhr_streaming ip=0:0:0:0:0:0:0:1
2026-04-24 13:46:18.948 [SECURITY_AUDIT] WARN  - [ACCESS_DENIED] username=anonymous requestedUrl=/ws/200/4bvthmpc/xhr_streaming ip=0:0:0:0:0:0:0:1
2026-04-24 13:46:18.978 [SECURITY_AUDIT] WARN  - [ACCESS_DENIED] username=anonymous requestedUrl=/ws/200/4bvthmpc/xhr_streaming ip=0:0:0:0:0:0:0:1
2026-04-24 13:46:19.015 [SECURITY_AUDIT] WARN  - [ACCESS_DENIED] username=anonymous requestedUrl=/ws/200/4bvthmpc/xhr_streaming ip=0:0:0:0:0:0:0:1
2026-04-24 13:46:19.052 [SECURITY_AUDIT] WARN  - [ACCESS_DENIED] username=anonymous requestedUrl=/ws/200/4bvthmpc/xhr_streaming ip=0:0:0:0:0:0:0:1
2026-04-24 13:46:19.075 [SECURITY_AUDIT] WARN  - [ACCESS_DENIED] username=anonymous requestedUrl=/ws/200/4bvthmpc/xhr_streaming ip=0:0:0:0:0:0:0:1
2026-04-24 13:46:19.105 [SECURITY_AUDIT] WARN  - [ACCESS_DENIED] username=anonymous requestedUrl=/ws/200/4bvthmpc/xhr_streaming ip=0:0:0:0:0:0:0:1
2026-04-24 13:46:19.129 [SECURITY_AUDIT] WARN  - [ACCESS_DENIED] username=anonymous requestedUrl=/ws/200/4bvthmpc/xhr_streaming ip=0:0:0:0:0:0:0:1
2026-04-24 13:46:19.164 [SECURITY_AUDIT] WARN  - [ACCESS_DENIED] username=anonymous requestedUrl=/ws/200/4bvthmpc/xhr_streaming ip=0:0:0:0:0:0:0:1
2026-04-24 13:46:19.192 [SECURITY_AUDIT] WARN  - [ACCESS_DENIED] username=anonymous requestedUrl=/ws/200/4bvthmpc/xhr_streaming ip=0:0:0:0:0:0:0:1
2026-04-24 13:46:19.222 [SECURITY_AUDIT] WARN  - [ACCESS_DENIED] username=anonymous requestedUrl=/ws/200/4bvthmpc/xhr_streaming ip=0:0:0:0:0:0:0:1
2026-04-24 13:46:19.251 [SECURITY_AUDIT] WARN  - [ACCESS_DENIED] username=anonymous requestedUrl=/ws/200/4bvthmpc/xhr_streaming ip=0:0:0:0:0:0:0:1
2026-04-24 13:46:19.283 [SECURITY_AUDIT] WARN  - [ACCESS_DENIED] username=anonymous requestedUrl=/ws/200/4bvthmpc/xhr_streaming ip=0:0:0:0:0:0:0:1
2026-04-24 13:46:19.309 [SECURITY_AUDIT] WARN  - [ACCESS_DENIED] username=anonymous requestedUrl=/ws/200/4bvthmpc/xhr_streaming ip=0:0:0:0:0:0:0:1
2026-04-24 13:46:19.333 [SECURITY_AUDIT] WARN  - [ACCESS_DENIED] username=anonymous requestedUrl=/ws/200/4bvthmpc/xhr_streaming ip=0:0:0:0:0:0:0:1
2026-04-24 13:46:19.361 [SECURITY_AUDIT] WARN  - [ACCESS_DENIED] username=anonymous requestedUrl=/ws/200/4bvthmpc/xhr_streaming ip=0:0:0:0:0:0:0:1
2026-04-24 13:46:19.390 [SECURITY_AUDIT] WARN  - [ACCESS_DENIED] username=anonymous requestedUrl=/ws/200/4bvthmpc/xhr_streaming ip=0:0:0:0:0:0:0:1
2026-04-24 13:46:19.422 [SECURITY_AUDIT] WARN  - [ACCESS_DENIED] username=anonymous requestedUrl=/ws/200/4bvthmpc/xhr_streaming ip=0:0:0:0:0:0:0:1
2026-04-24 13:46:19.447 [SECURITY_AUDIT] WARN  - [ACCESS_DENIED] username=anonymous requestedUrl=/ws/200/4bvthmpc/xhr_streaming ip=0:0:0:0:0:0:0:1
2026-04-24 13:46:19.476 [SECURITY_AUDIT] WARN  - [ACCESS_DENIED] username=anonymous requestedUrl=/ws/200/4bvthmpc/xhr_streaming ip=0:0:0:0:0:0:0:1
2026-04-24 13:46:19.502 [SECURITY_AUDIT] WARN  - [ACCESS_DENIED] username=anonymous requestedUrl=/ws/200/4bvthmpc/xhr_streaming ip=0:0:0:0:0:0:0:1
2026-04-24 13:46:19.531 [SECURITY_AUDIT] WARN  - [ACCESS_DENIED] username=anonymous requestedUrl=/ws/200/4bvthmpc/xhr_streaming ip=0:0:0:0:0:0:0:1
2026-04-24 13:46:19.561 [SECURITY_AUDIT] WARN  - [ACCESS_DENIED] username=anonymous requestedUrl=/ws/200/4bvthmpc/xhr_streaming ip=0:0:0:0:0:0:0:1
2026-04-24 13:46:19.592 [SECURITY_AUDIT] WARN  - [ACCESS_DENIED] username=anonymous requestedUrl=/ws/200/4bvthmpc/xhr_streaming ip=0:0:0:0:0:0:0:1
2026-04-24 13:46:19.620 [SECURITY_AUDIT] WARN  - [ACCESS_DENIED] username=anonymous requestedUrl=/ws/200/4bvthmpc/xhr_streaming ip=0:0:0:0:0:0:0:1
2026-04-24 13:46:19.656 [SECURITY_AUDIT] WARN  - [ACCESS_DENIED] username=anonymous requestedUrl=/ws/200/4bvthmpc/xhr_streaming ip=0:0:0:0:0:0:0:1
2026-04-24 13:46:19.689 [SECURITY_AUDIT] WARN  - [ACCESS_DENIED] username=anonymous requestedUrl=/ws/200/4bvthmpc/xhr_streaming ip=0:0:0:0:0:0:0:1
2026-04-24 13:46:19.715 [SECURITY_AUDIT] WARN  - [ACCESS_DENIED] username=anonymous requestedUrl=/ws/200/4bvthmpc/xhr_streaming ip=0:0:0:0:0:0:0:1
2026-04-24 13:46:19.739 [SECURITY_AUDIT] WARN  - [ACCESS_DENIED] username=anonymous requestedUrl=/ws/200/4bvthmpc/xhr_streaming ip=0:0:0:0:0:0:0:1
2026-04-24 13:46:19.778 [SECURITY_AUDIT] WARN  - [ACCESS_DENIED] username=anonymous requestedUrl=/ws/200/4bvthmpc/xhr_streaming ip=0:0:0:0:0:0:0:1
2026-04-24 13:46:19.808 [SECURITY_AUDIT] WARN  - [ACCESS_DENIED] username=anonymous requestedUrl=/ws/200/4bvthmpc/xhr_streaming ip=0:0:0:0:0:0:0:1
2026-04-24 13:46:19.835 [SECURITY_AUDIT] WARN  - [ACCESS_DENIED] username=anonymous requestedUrl=/ws/200/4bvthmpc/xhr_streaming ip=0:0:0:0:0:0:0:1
2026-04-24 13:46:19.864 [SECURITY_AUDIT] WARN  - [ACCESS_DENIED] username=anonymous requestedUrl=/ws/200/4bvthmpc/xhr_streaming ip=0:0:0:0:0:0:0:1
2026-04-24 13:46:19.892 [SECURITY_AUDIT] WARN  - [ACCESS_DENIED] username=anonymous requestedUrl=/ws/200/4bvthmpc/xhr_streaming ip=0:0:0:0:0:0:0:1
2026-04-24 13:46:19.922 [SECURITY_AUDIT] WARN  - [ACCESS_DENIED] username=anonymous requestedUrl=/ws/200/4bvthmpc/xhr_streaming ip=0:0:0:0:0:0:0:1
2026-04-24 13:46:19.951 [SECURITY_AUDIT] WARN  - [ACCESS_DENIED] username=anonymous requestedUrl=/ws/200/4bvthmpc/xhr_streaming ip=0:0:0:0:0:0:0:1
2026-04-24 13:46:19.978 [SECURITY_AUDIT] WARN  - [ACCESS_DENIED] username=anonymous requestedUrl=/ws/200/4bvthmpc/xhr_streaming ip=0:0:0:0:0:0:0:1
2026-04-24 13:46:20.014 [SECURITY_AUDIT] WARN  - [ACCESS_DENIED] username=anonymous requestedUrl=/ws/200/4bvthmpc/xhr_streaming ip=0:0:0:0:0:0:0:1
2026-04-24 13:46:20.052 [SECURITY_AUDIT] WARN  - [ACCESS_DENIED] username=anonymous requestedUrl=/ws/200/4bvthmpc/xhr_streaming ip=0:0:0:0:0:0:0:1
2026-04-24 13:46:20.080 [SECURITY_AUDIT] WARN  - [ACCESS_DENIED] username=anonymous requestedUrl=/ws/200/4bvthmpc/xhr_streaming ip=0:0:0:0:0:0:0:1
2026-04-24 13:46:20.116 [SECURITY_AUDIT] WARN  - [ACCESS_DENIED] username=anonymous requestedUrl=/ws/200/4bvthmpc/xhr_streaming ip=0:0:0:0:0:0:0:1
2026-04-24 13:46:20.141 [SECURITY_AUDIT] WARN  - [ACCESS_DENIED] username=anonymous requestedUrl=/ws/200/4bvthmpc/xhr_streaming ip=0:0:0:0:0:0:0:1
2026-04-24 13:46:20.172 [SECURITY_AUDIT] WARN  - [ACCESS_DENIED] username=anonymous requestedUrl=/ws/200/4bvthmpc/xhr_streaming ip=0:0:0:0:0:0:0:1
2026-04-24 13:46:20.200 [SECURITY_AUDIT] WARN  - [ACCESS_DENIED] username=anonymous requestedUrl=/ws/200/4bvthmpc/xhr_streaming ip=0:0:0:0:0:0:0:1
2026-04-24 13:46:20.224 [SECURITY_AUDIT] WARN  - [ACCESS_DENIED] username=anonymous requestedUrl=/ws/200/4bvthmpc/xhr_streaming ip=0:0:0:0:0:0:0:1
2026-04-24 13:46:20.254 [SECURITY_AUDIT] WARN  - [ACCESS_DENIED] username=anonymous requestedUrl=/ws/200/4bvthmpc/xhr_streaming ip=0:0:0:0:0:0:0:1
2026-04-24 13:46:20.297 [SECURITY_AUDIT] WARN  - [ACCESS_DENIED] username=anonymous requestedUrl=/ws/200/4bvthmpc/xhr_streaming ip=0:0:0:0:0:0:0:1
2026-04-24 13:46:20.321 [SECURITY_AUDIT] WARN  - [ACCESS_DENIED] username=anonymous requestedUrl=/ws/200/4bvthmpc/xhr_streaming ip=0:0:0:0:0:0:0:1
2026-04-24 13:46:20.348 [SECURITY_AUDIT] WARN  - [ACCESS_DENIED] username=anonymous requestedUrl=/ws/200/4bvthmpc/xhr_streaming ip=0:0:0:0:0:0:0:1
2026-04-24 13:46:20.365 [SECURITY_AUDIT] WARN  - [ACCESS_DENIED] username=anonymous requestedUrl=/ws/200/4bvthmpc/xhr_streaming ip=0:0:0:0:0:0:0:1
2026-04-24 13:46:20.396 [SECURITY_AUDIT] WARN  - [ACCESS_DENIED] username=anonymous requestedUrl=/ws/200/4bvthmpc/xhr_streaming ip=0:0:0:0:0:0:0:1
2026-04-24 13:46:20.425 [SECURITY_AUDIT] WARN  - [ACCESS_DENIED] username=anonymous requestedUrl=/ws/200/4bvthmpc/xhr_streaming ip=0:0:0:0:0:0:0:1
2026-04-24 13:46:20.456 [SECURITY_AUDIT] WARN  - [ACCESS_DENIED] username=anonymous requestedUrl=/ws/200/4bvthmpc/xhr_streaming ip=0:0:0:0:0:0:0:1
2026-04-24 13:46:20.479 [SECURITY_AUDIT] WARN  - [ACCESS_DENIED] username=anonymous requestedUrl=/ws/200/4bvthmpc/xhr_streaming ip=0:0:0:0:0:0:0:1
2026-04-24 13:46:20.504 [SECURITY_AUDIT] WARN  - [ACCESS_DENIED] username=anonymous requestedUrl=/ws/200/4bvthmpc/xhr_streaming ip=0:0:0:0:0:0:0:1
2026-04-24 13:46:20.533 [SECURITY_AUDIT] WARN  - [ACCESS_DENIED] username=anonymous requestedUrl=/ws/200/4bvthmpc/xhr_streaming ip=0:0:0:0:0:0:0:1
2026-04-24 13:46:20.558 [SECURITY_AUDIT] WARN  - [ACCESS_DENIED] username=anonymous requestedUrl=/ws/200/4bvthmpc/xhr_streaming ip=0:0:0:0:0:0:0:1
2026-04-24 13:46:20.586 [SECURITY_AUDIT] WARN  - [ACCESS_DENIED] username=anonymous requestedUrl=/ws/200/4bvthmpc/xhr_streaming ip=0:0:0:0:0:0:0:1
2026-04-24 13:46:20.614 [SECURITY_AUDIT] WARN  - [ACCESS_DENIED] username=anonymous requestedUrl=/ws/200/4bvthmpc/xhr_streaming ip=0:0:0:0:0:0:0:1
2026-04-24 13:46:20.644 [SECURITY_AUDIT] WARN  - [ACCESS_DENIED] username=anonymous requestedUrl=/ws/200/4bvthmpc/xhr_streaming ip=0:0:0:0:0:0:0:1
2026-04-24 13:46:20.674 [SECURITY_AUDIT] WARN  - [ACCESS_DENIED] username=anonymous requestedUrl=/ws/200/4bvthmpc/xhr_streaming ip=0:0:0:0:0:0:0:1
2026-04-24 13:46:20.703 [SECURITY_AUDIT] WARN  - [ACCESS_DENIED] username=anonymous requestedUrl=/ws/200/4bvthmpc/xhr_streaming ip=0:0:0:0:0:0:0:1
2026-04-24 13:46:20.727 [SECURITY_AUDIT] WARN  - [ACCESS_DENIED] username=anonymous requestedUrl=/ws/200/4bvthmpc/xhr_streaming ip=0:0:0:0:0:0:0:1
2026-04-24 13:46:20.760 [SECURITY_AUDIT] WARN  - [ACCESS_DENIED] username=anonymous requestedUrl=/ws/200/4bvthmpc/xhr_streaming ip=0:0:0:0:0:0:0:1
2026-04-24 13:46:20.785 [SECURITY_AUDIT] WARN  - [ACCESS_DENIED] username=anonymous requestedUrl=/ws/200/4bvthmpc/xhr_streaming ip=0:0:0:0:0:0:0:1
2026-04-24 13:46:20.821 [SECURITY_AUDIT] WARN  - [ACCESS_DENIED] username=anonymous requestedUrl=/ws/200/4bvthmpc/xhr_streaming ip=0:0:0:0:0:0:0:1
2026-04-24 13:46:20.852 [SECURITY_AUDIT] WARN  - [ACCESS_DENIED] username=anonymous requestedUrl=/ws/200/4bvthmpc/xhr_streaming ip=0:0:0:0:0:0:0:1
2026-04-24 13:46:20.877 [SECURITY_AUDIT] WARN  - [ACCESS_DENIED] username=anonymous requestedUrl=/ws/200/4bvthmpc/xhr_streaming ip=0:0:0:0:0:0:0:1
2026-04-24 13:46:20.905 [SECURITY_AUDIT] WARN  - [ACCESS_DENIED] username=anonymous requestedUrl=/ws/200/4bvthmpc/xhr_streaming ip=0:0:0:0:0:0:0:1
2026-04-24 13:46:20.933 [SECURITY_AUDIT] WARN  - [ACCESS_DENIED] username=anonymous requestedUrl=/ws/200/4bvthmpc/xhr_streaming ip=0:0:0:0:0:0:0:1
2026-04-24 13:46:20.958 [SECURITY_AUDIT] WARN  - [ACCESS_DENIED] username=anonymous requestedUrl=/ws/200/4bvthmpc/xhr_streaming ip=0:0:0:0:0:0:0:1
2026-04-24 13:46:20.984 [SECURITY_AUDIT] WARN  - [ACCESS_DENIED] username=anonymous requestedUrl=/ws/200/4bvthmpc/xhr_streaming ip=0:0:0:0:0:0:0:1
2026-04-24 13:46:21.014 [SECURITY_AUDIT] WARN  - [ACCESS_DENIED] username=anonymous requestedUrl=/ws/200/4bvthmpc/xhr_streaming ip=0:0:0:0:0:0:0:1
2026-04-24 13:46:21.036 [SECURITY_AUDIT] WARN  - [ACCESS_DENIED] username=anonymous requestedUrl=/ws/200/4bvthmpc/xhr_streaming ip=0:0:0:0:0:0:0:1
2026-04-24 13:46:21.065 [SECURITY_AUDIT] WARN  - [ACCESS_DENIED] username=anonymous requestedUrl=/ws/200/4bvthmpc/xhr_streaming ip=0:0:0:0:0:0:0:1
2026-04-24 13:46:21.100 [SECURITY_AUDIT] WARN  - [ACCESS_DENIED] username=anonymous requestedUrl=/ws/200/4bvthmpc/xhr_streaming ip=0:0:0:0:0:0:0:1
2026-04-24 13:46:21.121 [SECURITY_AUDIT] WARN  - [ACCESS_DENIED] username=anonymous requestedUrl=/ws/200/4bvthmpc/xhr_streaming ip=0:0:0:0:0:0:0:1
2026-04-24 13:46:21.144 [SECURITY_AUDIT] WARN  - [ACCESS_DENIED] username=anonymous requestedUrl=/ws/200/4bvthmpc/xhr_streaming ip=0:0:0:0:0:0:0:1
2026-04-24 13:46:21.165 [SECURITY_AUDIT] WARN  - [ACCESS_DENIED] username=anonymous requestedUrl=/ws/200/4bvthmpc/xhr_streaming ip=0:0:0:0:0:0:0:1
2026-04-24 13:46:21.194 [SECURITY_AUDIT] WARN  - [ACCESS_DENIED] username=anonymous requestedUrl=/ws/200/4bvthmpc/xhr_streaming ip=0:0:0:0:0:0:0:1
2026-04-24 13:46:21.217 [SECURITY_AUDIT] WARN  - [ACCESS_DENIED] username=anonymous requestedUrl=/ws/200/4bvthmpc/xhr_streaming ip=0:0:0:0:0:0:0:1
2026-04-24 13:46:21.238 [SECURITY_AUDIT] WARN  - [ACCESS_DENIED] username=anonymous requestedUrl=/ws/200/4bvthmpc/xhr_streaming ip=0:0:0:0:0:0:0:1
2026-04-24 13:46:21.264 [SECURITY_AUDIT] WARN  - [ACCESS_DENIED] username=anonymous requestedUrl=/ws/200/4bvthmpc/xhr_streaming ip=0:0:0:0:0:0:0:1
2026-04-24 13:46:21.291 [SECURITY_AUDIT] WARN  - [ACCESS_DENIED] username=anonymous requestedUrl=/ws/200/4bvthmpc/xhr_streaming ip=0:0:0:0:0:0:0:1
2026-04-24 13:46:21.320 [SECURITY_AUDIT] WARN  - [ACCESS_DENIED] username=anonymous requestedUrl=/ws/200/4bvthmpc/xhr_streaming ip=0:0:0:0:0:0:0:1
2026-04-24 13:46:21.349 [SECURITY_AUDIT] WARN  - [ACCESS_DENIED] username=anonymous requestedUrl=/ws/200/4bvthmpc/xhr_streaming ip=0:0:0:0:0:0:0:1
2026-04-24 13:46:21.371 [SECURITY_AUDIT] WARN  - [ACCESS_DENIED] username=anonymous requestedUrl=/ws/200/4bvthmpc/xhr_streaming ip=0:0:0:0:0:0:0:1
2026-04-24 13:46:21.395 [SECURITY_AUDIT] WARN  - [ACCESS_DENIED] username=anonymous requestedUrl=/ws/200/4bvthmpc/xhr_streaming ip=0:0:0:0:0:0:0:1
2026-04-24 13:46:21.421 [SECURITY_AUDIT] WARN  - [ACCESS_DENIED] username=anonymous requestedUrl=/ws/200/4bvthmpc/xhr_streaming ip=0:0:0:0:0:0:0:1
2026-04-24 13:46:21.446 [SECURITY_AUDIT] WARN  - [ACCESS_DENIED] username=anonymous requestedUrl=/ws/200/4bvthmpc/xhr_streaming ip=0:0:0:0:0:0:0:1
2026-04-24 13:46:21.474 [SECURITY_AUDIT] WARN  - [ACCESS_DENIED] username=anonymous requestedUrl=/ws/200/4bvthmpc/xhr_streaming ip=0:0:0:0:0:0:0:1
2026-04-24 13:46:21.502 [SECURITY_AUDIT] WARN  - [ACCESS_DENIED] username=anonymous requestedUrl=/ws/200/4bvthmpc/xhr_streaming ip=0:0:0:0:0:0:0:1
2026-04-24 13:46:21.524 [SECURITY_AUDIT] WARN  - [ACCESS_DENIED] username=anonymous requestedUrl=/ws/200/4bvthmpc/xhr_streaming ip=0:0:0:0:0:0:0:1
2026-04-24 13:46:21.551 [SECURITY_AUDIT] WARN  - [ACCESS_DENIED] username=anonymous requestedUrl=/ws/200/4bvthmpc/xhr_streaming ip=0:0:0:0:0:0:0:1
2026-04-24 13:46:21.574 [SECURITY_AUDIT] WARN  - [ACCESS_DENIED] username=anonymous requestedUrl=/ws/200/4bvthmpc/xhr_streaming ip=0:0:0:0:0:0:0:1
2026-04-24 13:46:21.602 [SECURITY_AUDIT] WARN  - [ACCESS_DENIED] username=anonymous requestedUrl=/ws/200/4bvthmpc/xhr_streaming ip=0:0:0:0:0:0:0:1
2026-04-24 13:46:21.628 [SECURITY_AUDIT] WARN  - [ACCESS_DENIED] username=anonymous requestedUrl=/ws/200/4bvthmpc/xhr_streaming ip=0:0:0:0:0:0:0:1
2026-04-24 13:46:21.655 [SECURITY_AUDIT] WARN  - [ACCESS_DENIED] username=anonymous requestedUrl=/ws/200/4bvthmpc/xhr_streaming ip=0:0:0:0:0:0:0:1
2026-04-24 13:46:21.682 [SECURITY_AUDIT] WARN  - [ACCESS_DENIED] username=anonymous requestedUrl=/ws/200/4bvthmpc/xhr_streaming ip=0:0:0:0:0:0:0:1
2026-04-24 13:46:21.706 [SECURITY_AUDIT] WARN  - [ACCESS_DENIED] username=anonymous requestedUrl=/ws/200/4bvthmpc/xhr_streaming ip=0:0:0:0:0:0:0:1
2026-04-24 13:46:21.733 [SECURITY_AUDIT] WARN  - [ACCESS_DENIED] username=anonymous requestedUrl=/ws/200/4bvthmpc/xhr_streaming ip=0:0:0:0:0:0:0:1
2026-04-24 13:46:21.764 [SECURITY_AUDIT] WARN  - [ACCESS_DENIED] username=anonymous requestedUrl=/ws/200/4bvthmpc/xhr_streaming ip=0:0:0:0:0:0:0:1
2026-04-24 13:46:21.792 [SECURITY_AUDIT] WARN  - [ACCESS_DENIED] username=anonymous requestedUrl=/ws/200/4bvthmpc/xhr_streaming ip=0:0:0:0:0:0:0:1
2026-04-24 13:46:21.819 [SECURITY_AUDIT] WARN  - [ACCESS_DENIED] username=anonymous requestedUrl=/ws/200/4bvthmpc/xhr_streaming ip=0:0:0:0:0:0:0:1
2026-04-24 13:46:21.850 [SECURITY_AUDIT] WARN  - [ACCESS_DENIED] username=anonymous requestedUrl=/ws/200/4bvthmpc/xhr_streaming ip=0:0:0:0:0:0:0:1
2026-04-24 13:47:46.236 [SECURITY_AUDIT] WARN  - [ACCESS_DENIED] username=anonymous requestedUrl=/ws/200/x1lcg3el/xhr ip=0:0:0:0:0:0:0:1
2026-04-24 13:47:50.433 [SECURITY_AUDIT] INFO  - [LOGIN_SUCCESS] username=yuhhna2907 ip=0:0:0:0:0:0:0:1 userAgent=Mozilla/5.0 (Windows NT 10.0; Win64; x64) AppleWebKit/537.36 (KHTML, like Gecko) Chrome/147.0.0.0 Safari/537.36
2026-04-24 13:47:53.059 [SECURITY_AUDIT] WARN  - [ACCESS_DENIED] username=yuhhna2907 requestedUrl=/ws/info ip=0:0:0:0:0:0:0:1
2026-04-24 13:47:55.524 [SECURITY_AUDIT] WARN  - [ACCESS_DENIED] username=yuhhna2907 requestedUrl=/user/saved-items ip=0:0:0:0:0:0:0:1
2026-04-24 13:47:55.614 [SECURITY_AUDIT] WARN  - [ACCESS_DENIED] username=yuhhna2907 requestedUrl=/ws/info ip=0:0:0:0:0:0:0:1
2026-04-24 13:47:58.553 [SECURITY_AUDIT] WARN  - [ACCESS_DENIED] username=yuhhna2907 requestedUrl=/ws/info ip=0:0:0:0:0:0:0:1
2026-04-24 13:48:03.644 [SECURITY_AUDIT] WARN  - [ACCESS_DENIED] username=yuhhna2907 requestedUrl=/ws/info ip=0:0:0:0:0:0:0:1
2026-04-24 13:48:08.687 [SECURITY_AUDIT] WARN  - [ACCESS_DENIED] username=yuhhna2907 requestedUrl=/ws/info ip=0:0:0:0:0:0:0:1
2026-04-24 13:48:13.729 [SECURITY_AUDIT] WARN  - [ACCESS_DENIED] username=yuhhna2907 requestedUrl=/ws/info ip=0:0:0:0:0:0:0:1
2026-04-24 13:48:18.772 [SECURITY_AUDIT] WARN  - [ACCESS_DENIED] username=yuhhna2907 requestedUrl=/ws/info ip=0:0:0:0:0:0:0:1
2026-04-24 13:48:23.813 [SECURITY_AUDIT] WARN  - [ACCESS_DENIED] username=yuhhna2907 requestedUrl=/ws/info ip=0:0:0:0:0:0:0:1
2026-04-24 13:48:28.847 [SECURITY_AUDIT] WARN  - [ACCESS_DENIED] username=yuhhna2907 requestedUrl=/ws/info ip=0:0:0:0:0:0:0:1
2026-04-24 13:48:33.878 [SECURITY_AUDIT] WARN  - [ACCESS_DENIED] username=yuhhna2907 requestedUrl=/ws/info ip=0:0:0:0:0:0:0:1
2026-04-24 13:48:38.914 [SECURITY_AUDIT] WARN  - [ACCESS_DENIED] username=yuhhna2907 requestedUrl=/ws/info ip=0:0:0:0:0:0:0:1
2026-04-24 13:48:43.960 [SECURITY_AUDIT] WARN  - [ACCESS_DENIED] username=yuhhna2907 requestedUrl=/ws/info ip=0:0:0:0:0:0:0:1
2026-04-24 13:48:49.014 [SECURITY_AUDIT] WARN  - [ACCESS_DENIED] username=yuhhna2907 requestedUrl=/ws/info ip=0:0:0:0:0:0:0:1
2026-04-24 13:48:54.046 [SECURITY_AUDIT] WARN  - [ACCESS_DENIED] username=yuhhna2907 requestedUrl=/ws/info ip=0:0:0:0:0:0:0:1
2026-04-24 13:48:59.113 [SECURITY_AUDIT] WARN  - [ACCESS_DENIED] username=yuhhna2907 requestedUrl=/ws/info ip=0:0:0:0:0:0:0:1
2026-04-24 13:49:04.175 [SECURITY_AUDIT] WARN  - [ACCESS_DENIED] username=yuhhna2907 requestedUrl=/ws/info ip=0:0:0:0:0:0:0:1
2026-04-24 13:49:09.213 [SECURITY_AUDIT] WARN  - [ACCESS_DENIED] username=yuhhna2907 requestedUrl=/ws/info ip=0:0:0:0:0:0:0:1
2026-04-24 13:49:14.245 [SECURITY_AUDIT] WARN  - [ACCESS_DENIED] username=yuhhna2907 requestedUrl=/ws/info ip=0:0:0:0:0:0:0:1
2026-04-24 13:49:19.275 [SECURITY_AUDIT] WARN  - [ACCESS_DENIED] username=yuhhna2907 requestedUrl=/ws/info ip=0:0:0:0:0:0:0:1
2026-04-24 13:49:25.303 [SECURITY_AUDIT] WARN  - [ACCESS_DENIED] username=yuhhna2907 requestedUrl=/ws/info ip=0:0:0:0:0:0:0:1
2026-04-24 13:49:31.998 [SECURITY_AUDIT] WARN  - [ACCESS_DENIED] username=yuhhna2907 requestedUrl=/ws/info ip=0:0:0:0:0:0:0:1
2026-04-24 13:49:38.130 [SECURITY_AUDIT] WARN  - [ACCESS_DENIED] username=yuhhna2907 requestedUrl=/ws/info ip=0:0:0:0:0:0:0:1
2026-04-24 13:49:43.163 [SECURITY_AUDIT] WARN  - [ACCESS_DENIED] username=yuhhna2907 requestedUrl=/ws/info ip=0:0:0:0:0:0:0:1
2026-04-24 13:49:49.088 [SECURITY_AUDIT] WARN  - [ACCESS_DENIED] username=yuhhna2907 requestedUrl=/ws/info ip=0:0:0:0:0:0:0:1
2026-04-24 13:49:54.123 [SECURITY_AUDIT] WARN  - [ACCESS_DENIED] username=yuhhna2907 requestedUrl=/ws/info ip=0:0:0:0:0:0:0:1
2026-04-24 13:49:59.158 [SECURITY_AUDIT] WARN  - [ACCESS_DENIED] username=yuhhna2907 requestedUrl=/ws/info ip=0:0:0:0:0:0:0:1
2026-04-24 13:50:04.190 [SECURITY_AUDIT] WARN  - [ACCESS_DENIED] username=yuhhna2907 requestedUrl=/ws/info ip=0:0:0:0:0:0:0:1
2026-04-24 13:50:09.507 [SECURITY_AUDIT] WARN  - [ACCESS_DENIED] username=yuhhna2907 requestedUrl=/ws/info ip=0:0:0:0:0:0:0:1
2026-04-24 13:50:20.868 [SECURITY_AUDIT] WARN  - [ACCESS_DENIED] username=yuhhna2907 requestedUrl=/ws/info ip=0:0:0:0:0:0:0:1
2026-04-24 13:50:27.298 [SECURITY_AUDIT] WARN  - [ACCESS_DENIED] username=yuhhna2907 requestedUrl=/ws/info ip=0:0:0:0:0:0:0:1
2026-04-24 13:50:33.863 [SECURITY_AUDIT] WARN  - [ACCESS_DENIED] username=yuhhna2907 requestedUrl=/ws/info ip=0:0:0:0:0:0:0:1
2026-04-24 13:50:39.314 [SECURITY_AUDIT] WARN  - [ACCESS_DENIED] username=yuhhna2907 requestedUrl=/ws/info ip=0:0:0:0:0:0:0:1
2026-04-24 13:50:44.628 [SECURITY_AUDIT] WARN  - [ACCESS_DENIED] username=yuhhna2907 requestedUrl=/ws/info ip=0:0:0:0:0:0:0:1
2026-04-24 13:50:49.673 [SECURITY_AUDIT] WARN  - [ACCESS_DENIED] username=yuhhna2907 requestedUrl=/ws/info ip=0:0:0:0:0:0:0:1
2026-04-24 13:50:54.705 [SECURITY_AUDIT] WARN  - [ACCESS_DENIED] username=yuhhna2907 requestedUrl=/ws/info ip=0:0:0:0:0:0:0:1
2026-04-24 13:51:00.315 [SECURITY_AUDIT] WARN  - [ACCESS_DENIED] username=yuhhna2907 requestedUrl=/ws/info ip=0:0:0:0:0:0:0:1
2026-04-24 13:51:07.229 [SECURITY_AUDIT] WARN  - [ACCESS_DENIED] username=yuhhna2907 requestedUrl=/ws/info ip=0:0:0:0:0:0:0:1
2026-04-24 13:51:13.528 [SECURITY_AUDIT] WARN  - [ACCESS_DENIED] username=yuhhna2907 requestedUrl=/ws/info ip=0:0:0:0:0:0:0:1
2026-04-24 13:51:18.569 [SECURITY_AUDIT] WARN  - [ACCESS_DENIED] username=yuhhna2907 requestedUrl=/ws/info ip=0:0:0:0:0:0:0:1
2026-04-24 13:51:23.619 [SECURITY_AUDIT] WARN  - [ACCESS_DENIED] username=yuhhna2907 requestedUrl=/ws/info ip=0:0:0:0:0:0:0:1
2026-04-24 13:51:28.644 [SECURITY_AUDIT] WARN  - [ACCESS_DENIED] username=yuhhna2907 requestedUrl=/ws/info ip=0:0:0:0:0:0:0:1
2026-04-24 13:51:33.688 [SECURITY_AUDIT] WARN  - [ACCESS_DENIED] username=yuhhna2907 requestedUrl=/ws/info ip=0:0:0:0:0:0:0:1
2026-04-24 13:51:38.720 [SECURITY_AUDIT] WARN  - [ACCESS_DENIED] username=yuhhna2907 requestedUrl=/ws/info ip=0:0:0:0:0:0:0:1
2026-04-24 13:51:43.747 [SECURITY_AUDIT] WARN  - [ACCESS_DENIED] username=yuhhna2907 requestedUrl=/ws/info ip=0:0:0:0:0:0:0:1
2026-04-24 13:51:46.870 [SECURITY_AUDIT] WARN  - [ACCESS_DENIED] username=yuhhna2907 requestedUrl=/user/saved-items ip=0:0:0:0:0:0:0:1
2026-04-24 13:51:47.081 [SECURITY_AUDIT] WARN  - [ACCESS_DENIED] username=yuhhna2907 requestedUrl=/ws/info ip=0:0:0:0:0:0:0:1
2026-04-24 13:51:52.190 [SECURITY_AUDIT] WARN  - [ACCESS_DENIED] username=yuhhna2907 requestedUrl=/ws/info ip=0:0:0:0:0:0:0:1
2026-04-24 13:51:57.225 [SECURITY_AUDIT] WARN  - [ACCESS_DENIED] username=yuhhna2907 requestedUrl=/ws/info ip=0:0:0:0:0:0:0:1
2026-04-24 13:52:02.288 [SECURITY_AUDIT] WARN  - [ACCESS_DENIED] username=yuhhna2907 requestedUrl=/ws/info ip=0:0:0:0:0:0:0:1
2026-04-24 13:52:07.321 [SECURITY_AUDIT] WARN  - [ACCESS_DENIED] username=yuhhna2907 requestedUrl=/ws/info ip=0:0:0:0:0:0:0:1
2026-04-24 13:52:12.383 [SECURITY_AUDIT] WARN  - [ACCESS_DENIED] username=yuhhna2907 requestedUrl=/ws/info ip=0:0:0:0:0:0:0:1
2026-04-24 13:52:17.415 [SECURITY_AUDIT] WARN  - [ACCESS_DENIED] username=yuhhna2907 requestedUrl=/ws/info ip=0:0:0:0:0:0:0:1
2026-04-24 13:52:22.453 [SECURITY_AUDIT] WARN  - [ACCESS_DENIED] username=yuhhna2907 requestedUrl=/ws/info ip=0:0:0:0:0:0:0:1
2026-04-24 13:52:27.487 [SECURITY_AUDIT] WARN  - [ACCESS_DENIED] username=yuhhna2907 requestedUrl=/ws/info ip=0:0:0:0:0:0:0:1
2026-04-24 13:52:32.518 [SECURITY_AUDIT] WARN  - [ACCESS_DENIED] username=yuhhna2907 requestedUrl=/ws/info ip=0:0:0:0:0:0:0:1
2026-04-24 13:52:37.553 [SECURITY_AUDIT] WARN  - [ACCESS_DENIED] username=yuhhna2907 requestedUrl=/ws/info ip=0:0:0:0:0:0:0:1
2026-04-24 13:52:42.586 [SECURITY_AUDIT] WARN  - [ACCESS_DENIED] username=yuhhna2907 requestedUrl=/ws/info ip=0:0:0:0:0:0:0:1
2026-04-24 13:52:47.635 [SECURITY_AUDIT] WARN  - [ACCESS_DENIED] username=yuhhna2907 requestedUrl=/ws/info ip=0:0:0:0:0:0:0:1
2026-04-24 13:52:52.668 [SECURITY_AUDIT] WARN  - [ACCESS_DENIED] username=yuhhna2907 requestedUrl=/ws/info ip=0:0:0:0:0:0:0:1
2026-04-24 13:52:57.712 [SECURITY_AUDIT] WARN  - [ACCESS_DENIED] username=yuhhna2907 requestedUrl=/ws/info ip=0:0:0:0:0:0:0:1
2026-04-24 13:53:02.753 [SECURITY_AUDIT] WARN  - [ACCESS_DENIED] username=yuhhna2907 requestedUrl=/ws/info ip=0:0:0:0:0:0:0:1
2026-04-24 13:53:07.783 [SECURITY_AUDIT] WARN  - [ACCESS_DENIED] username=yuhhna2907 requestedUrl=/ws/info ip=0:0:0:0:0:0:0:1
2026-04-24 13:53:12.817 [SECURITY_AUDIT] WARN  - [ACCESS_DENIED] username=yuhhna2907 requestedUrl=/ws/info ip=0:0:0:0:0:0:0:1
2026-04-24 13:53:17.852 [SECURITY_AUDIT] WARN  - [ACCESS_DENIED] username=yuhhna2907 requestedUrl=/ws/info ip=0:0:0:0:0:0:0:1
2026-04-24 13:53:22.883 [SECURITY_AUDIT] WARN  - [ACCESS_DENIED] username=yuhhna2907 requestedUrl=/ws/info ip=0:0:0:0:0:0:0:1
2026-04-24 13:53:27.912 [SECURITY_AUDIT] WARN  - [ACCESS_DENIED] username=yuhhna2907 requestedUrl=/ws/info ip=0:0:0:0:0:0:0:1
2026-04-24 13:53:32.946 [SECURITY_AUDIT] WARN  - [ACCESS_DENIED] username=yuhhna2907 requestedUrl=/ws/info ip=0:0:0:0:0:0:0:1
2026-04-24 13:53:37.983 [SECURITY_AUDIT] WARN  - [ACCESS_DENIED] username=yuhhna2907 requestedUrl=/ws/info ip=0:0:0:0:0:0:0:1
2026-04-24 13:53:43.016 [SECURITY_AUDIT] WARN  - [ACCESS_DENIED] username=yuhhna2907 requestedUrl=/ws/info ip=0:0:0:0:0:0:0:1
2026-04-24 13:53:48.300 [SECURITY_AUDIT] WARN  - [ACCESS_DENIED] username=yuhhna2907 requestedUrl=/ws/info ip=0:0:0:0:0:0:0:1
2026-04-24 13:53:57.290 [SECURITY_AUDIT] WARN  - [ACCESS_DENIED] username=yuhhna2907 requestedUrl=/ws/info ip=0:0:0:0:0:0:0:1
2026-04-24 13:54:03.296 [SECURITY_AUDIT] WARN  - [ACCESS_DENIED] username=yuhhna2907 requestedUrl=/ws/info ip=0:0:0:0:0:0:0:1
2026-04-24 13:54:09.297 [SECURITY_AUDIT] WARN  - [ACCESS_DENIED] username=yuhhna2907 requestedUrl=/ws/info ip=0:0:0:0:0:0:0:1
2026-04-24 13:54:15.305 [SECURITY_AUDIT] WARN  - [ACCESS_DENIED] username=yuhhna2907 requestedUrl=/ws/info ip=0:0:0:0:0:0:0:1
2026-04-24 13:54:21.481 [SECURITY_AUDIT] WARN  - [ACCESS_DENIED] username=yuhhna2907 requestedUrl=/ws/info ip=0:0:0:0:0:0:0:1
2026-04-24 13:54:31.300 [SECURITY_AUDIT] WARN  - [ACCESS_DENIED] username=yuhhna2907 requestedUrl=/ws/info ip=0:0:0:0:0:0:0:1
2026-04-24 13:54:38.218 [SECURITY_AUDIT] WARN  - [ACCESS_DENIED] username=yuhhna2907 requestedUrl=/ws/info ip=0:0:0:0:0:0:0:1
2026-04-24 13:54:46.088 [SECURITY_AUDIT] WARN  - [ACCESS_DENIED] username=yuhhna2907 requestedUrl=/ws/info ip=0:0:0:0:0:0:0:1
2026-04-24 13:54:51.305 [SECURITY_AUDIT] WARN  - [ACCESS_DENIED] username=yuhhna2907 requestedUrl=/ws/info ip=0:0:0:0:0:0:0:1
2026-04-24 13:54:59.142 [SECURITY_AUDIT] WARN  - [ACCESS_DENIED] username=yuhhna2907 requestedUrl=/ws/info ip=0:0:0:0:0:0:0:1
2026-04-24 13:55:05.428 [SECURITY_AUDIT] WARN  - [ACCESS_DENIED] username=yuhhna2907 requestedUrl=/ws/info ip=0:0:0:0:0:0:0:1
2026-04-24 13:55:24.670 [SECURITY_AUDIT] WARN  - [ACCESS_DENIED] username=yuhhna2907 requestedUrl=/ws/info ip=0:0:0:0:0:0:0:1
2026-04-24 13:56:22.488 [SECURITY_AUDIT] WARN  - [ACCESS_DENIED] username=yuhhna2907 requestedUrl=/ws/info ip=127.0.0.1
2026-04-24 13:56:44.386 [SECURITY_AUDIT] WARN  - [ACCESS_DENIED] username=yuhhna2907 requestedUrl=/ws/info ip=0:0:0:0:0:0:0:1
2026-04-24 13:56:50.303 [SECURITY_AUDIT] WARN  - [ACCESS_DENIED] username=yuhhna2907 requestedUrl=/ws/info ip=0:0:0:0:0:0:0:1
2026-04-24 13:56:56.303 [SECURITY_AUDIT] WARN  - [ACCESS_DENIED] username=yuhhna2907 requestedUrl=/ws/info ip=0:0:0:0:0:0:0:1
2026-04-24 13:57:02.296 [SECURITY_AUDIT] WARN  - [ACCESS_DENIED] username=yuhhna2907 requestedUrl=/ws/info ip=0:0:0:0:0:0:0:1
2026-04-24 13:57:08.305 [SECURITY_AUDIT] WARN  - [ACCESS_DENIED] username=yuhhna2907 requestedUrl=/ws/info ip=0:0:0:0:0:0:0:1
2026-04-24 13:57:13.014 [SECURITY_AUDIT] WARN  - [ACCESS_DENIED] username=yuhhna2907 requestedUrl=/user/saved-items ip=0:0:0:0:0:0:0:1
2026-04-24 13:57:13.300 [SECURITY_AUDIT] WARN  - [ACCESS_DENIED] username=yuhhna2907 requestedUrl=/ws/info ip=0:0:0:0:0:0:0:1
2026-04-24 13:57:14.935 [SECURITY_AUDIT] WARN  - [ACCESS_DENIED] username=yuhhna2907 requestedUrl=/ws/info ip=0:0:0:0:0:0:0:1
2026-04-24 13:57:19.989 [SECURITY_AUDIT] WARN  - [ACCESS_DENIED] username=yuhhna2907 requestedUrl=/ws/info ip=0:0:0:0:0:0:0:1
2026-04-24 13:57:25.015 [SECURITY_AUDIT] WARN  - [ACCESS_DENIED] username=yuhhna2907 requestedUrl=/ws/info ip=0:0:0:0:0:0:0:1
2026-04-24 13:57:30.036 [SECURITY_AUDIT] WARN  - [ACCESS_DENIED] username=yuhhna2907 requestedUrl=/ws/info ip=0:0:0:0:0:0:0:1
2026-04-24 13:57:35.062 [SECURITY_AUDIT] WARN  - [ACCESS_DENIED] username=yuhhna2907 requestedUrl=/ws/info ip=0:0:0:0:0:0:0:1
2026-04-24 13:57:39.453 [SECURITY_AUDIT] WARN  - [ACCESS_DENIED] username=yuhhna2907 requestedUrl=/user/saved-items ip=0:0:0:0:0:0:0:1
2026-04-24 13:57:39.524 [SECURITY_AUDIT] WARN  - [ACCESS_DENIED] username=yuhhna2907 requestedUrl=/ws/info ip=0:0:0:0:0:0:0:1
2026-04-24 13:57:44.552 [SECURITY_AUDIT] WARN  - [ACCESS_DENIED] username=yuhhna2907 requestedUrl=/ws/info ip=0:0:0:0:0:0:0:1
2026-04-24 13:57:49.583 [SECURITY_AUDIT] WARN  - [ACCESS_DENIED] username=yuhhna2907 requestedUrl=/ws/info ip=0:0:0:0:0:0:0:1
2026-04-24 13:57:54.601 [SECURITY_AUDIT] WARN  - [ACCESS_DENIED] username=yuhhna2907 requestedUrl=/ws/info ip=0:0:0:0:0:0:0:1
2026-04-24 13:58:00.922 [SECURITY_AUDIT] WARN  - [ACCESS_DENIED] username=yuhhna2907 requestedUrl=/ws/info ip=0:0:0:0:0:0:0:1
2026-04-24 13:58:06.303 [SECURITY_AUDIT] WARN  - [ACCESS_DENIED] username=yuhhna2907 requestedUrl=/ws/info ip=0:0:0:0:0:0:0:1
2026-04-24 13:58:11.336 [SECURITY_AUDIT] WARN  - [ACCESS_DENIED] username=yuhhna2907 requestedUrl=/ws/info ip=0:0:0:0:0:0:0:1
2026-04-24 13:58:16.360 [SECURITY_AUDIT] WARN  - [ACCESS_DENIED] username=yuhhna2907 requestedUrl=/ws/info ip=0:0:0:0:0:0:0:1
2026-04-24 13:58:21.379 [SECURITY_AUDIT] WARN  - [ACCESS_DENIED] username=yuhhna2907 requestedUrl=/ws/info ip=0:0:0:0:0:0:0:1
2026-04-24 13:58:24.344 [SECURITY_AUDIT] WARN  - [ACCESS_DENIED] username=yuhhna2907 requestedUrl=/.well-known/appspecific/com.chrome.devtools.json ip=0:0:0:0:0:0:0:1
2026-04-24 13:58:26.404 [SECURITY_AUDIT] WARN  - [ACCESS_DENIED] username=yuhhna2907 requestedUrl=/ws/info ip=0:0:0:0:0:0:0:1
2026-04-24 13:58:31.421 [SECURITY_AUDIT] WARN  - [ACCESS_DENIED] username=yuhhna2907 requestedUrl=/ws/info ip=0:0:0:0:0:0:0:1
2026-04-24 13:58:37.293 [SECURITY_AUDIT] WARN  - [ACCESS_DENIED] username=yuhhna2907 requestedUrl=/ws/info ip=0:0:0:0:0:0:0:1
2026-04-24 13:58:43.717 [SECURITY_AUDIT] WARN  - [ACCESS_DENIED] username=yuhhna2907 requestedUrl=/ws/info ip=0:0:0:0:0:0:0:1
2026-04-24 13:58:49.299 [SECURITY_AUDIT] WARN  - [ACCESS_DENIED] username=yuhhna2907 requestedUrl=/ws/info ip=0:0:0:0:0:0:0:1
2026-04-24 13:58:55.298 [SECURITY_AUDIT] WARN  - [ACCESS_DENIED] username=yuhhna2907 requestedUrl=/ws/info ip=0:0:0:0:0:0:0:1
2026-04-24 13:59:01.305 [SECURITY_AUDIT] WARN  - [ACCESS_DENIED] username=yuhhna2907 requestedUrl=/ws/info ip=0:0:0:0:0:0:0:1
2026-04-24 13:59:07.292 [SECURITY_AUDIT] WARN  - [ACCESS_DENIED] username=yuhhna2907 requestedUrl=/ws/info ip=0:0:0:0:0:0:0:1
2026-04-24 13:59:13.299 [SECURITY_AUDIT] WARN  - [ACCESS_DENIED] username=yuhhna2907 requestedUrl=/ws/info ip=0:0:0:0:0:0:0:1
2026-04-24 13:59:19.296 [SECURITY_AUDIT] WARN  - [ACCESS_DENIED] username=yuhhna2907 requestedUrl=/ws/info ip=0:0:0:0:0:0:0:1
2026-04-24 13:59:25.292 [SECURITY_AUDIT] WARN  - [ACCESS_DENIED] username=yuhhna2907 requestedUrl=/ws/info ip=0:0:0:0:0:0:0:1
2026-04-24 13:59:31.302 [SECURITY_AUDIT] WARN  - [ACCESS_DENIED] username=yuhhna2907 requestedUrl=/ws/info ip=0:0:0:0:0:0:0:1
2026-04-24 13:59:37.292 [SECURITY_AUDIT] WARN  - [ACCESS_DENIED] username=yuhhna2907 requestedUrl=/ws/info ip=0:0:0:0:0:0:0:1
2026-04-24 13:59:43.619 [SECURITY_AUDIT] WARN  - [ACCESS_DENIED] username=yuhhna2907 requestedUrl=/ws/info ip=0:0:0:0:0:0:0:1
2026-04-24 13:59:49.303 [SECURITY_AUDIT] WARN  - [ACCESS_DENIED] username=yuhhna2907 requestedUrl=/ws/info ip=0:0:0:0:0:0:0:1
2026-04-24 13:59:55.295 [SECURITY_AUDIT] WARN  - [ACCESS_DENIED] username=yuhhna2907 requestedUrl=/ws/info ip=0:0:0:0:0:0:0:1
2026-04-24 14:00:01.291 [SECURITY_AUDIT] WARN  - [ACCESS_DENIED] username=yuhhna2907 requestedUrl=/ws/info ip=0:0:0:0:0:0:0:1
2026-04-24 14:00:07.300 [SECURITY_AUDIT] WARN  - [ACCESS_DENIED] username=yuhhna2907 requestedUrl=/ws/info ip=0:0:0:0:0:0:0:1
2026-04-24 14:00:13.294 [SECURITY_AUDIT] WARN  - [ACCESS_DENIED] username=yuhhna2907 requestedUrl=/ws/info ip=0:0:0:0:0:0:0:1
2026-04-24 14:00:19.303 [SECURITY_AUDIT] WARN  - [ACCESS_DENIED] username=yuhhna2907 requestedUrl=/ws/info ip=0:0:0:0:0:0:0:1
2026-04-24 14:00:25.315 [SECURITY_AUDIT] WARN  - [ACCESS_DENIED] username=yuhhna2907 requestedUrl=/ws/info ip=0:0:0:0:0:0:0:1
2026-04-24 14:00:31.300 [SECURITY_AUDIT] WARN  - [ACCESS_DENIED] username=yuhhna2907 requestedUrl=/ws/info ip=0:0:0:0:0:0:0:1
2026-04-24 14:00:37.291 [SECURITY_AUDIT] WARN  - [ACCESS_DENIED] username=yuhhna2907 requestedUrl=/ws/info ip=0:0:0:0:0:0:0:1
2026-04-24 14:00:43.303 [SECURITY_AUDIT] WARN  - [ACCESS_DENIED] username=yuhhna2907 requestedUrl=/ws/info ip=0:0:0:0:0:0:0:1
2026-04-24 14:00:49.305 [SECURITY_AUDIT] WARN  - [ACCESS_DENIED] username=yuhhna2907 requestedUrl=/ws/info ip=0:0:0:0:0:0:0:1
2026-04-24 14:00:55.292 [SECURITY_AUDIT] WARN  - [ACCESS_DENIED] username=yuhhna2907 requestedUrl=/ws/info ip=0:0:0:0:0:0:0:1
2026-04-24 14:01:01.302 [SECURITY_AUDIT] WARN  - [ACCESS_DENIED] username=yuhhna2907 requestedUrl=/ws/info ip=0:0:0:0:0:0:0:1
2026-04-24 14:01:07.297 [SECURITY_AUDIT] WARN  - [ACCESS_DENIED] username=yuhhna2907 requestedUrl=/ws/info ip=0:0:0:0:0:0:0:1
2026-04-24 14:01:13.302 [SECURITY_AUDIT] WARN  - [ACCESS_DENIED] username=yuhhna2907 requestedUrl=/ws/info ip=0:0:0:0:0:0:0:1
2026-04-24 14:01:19.304 [SECURITY_AUDIT] WARN  - [ACCESS_DENIED] username=yuhhna2907 requestedUrl=/ws/info ip=0:0:0:0:0:0:0:1
2026-04-24 14:01:25.291 [SECURITY_AUDIT] WARN  - [ACCESS_DENIED] username=yuhhna2907 requestedUrl=/ws/info ip=0:0:0:0:0:0:0:1
2026-04-24 14:01:31.300 [SECURITY_AUDIT] WARN  - [ACCESS_DENIED] username=yuhhna2907 requestedUrl=/ws/info ip=0:0:0:0:0:0:0:1
2026-04-24 14:01:37.298 [SECURITY_AUDIT] WARN  - [ACCESS_DENIED] username=yuhhna2907 requestedUrl=/ws/info ip=0:0:0:0:0:0:0:1
2026-04-24 14:01:43.297 [SECURITY_AUDIT] WARN  - [ACCESS_DENIED] username=yuhhna2907 requestedUrl=/ws/info ip=0:0:0:0:0:0:0:1
2026-04-24 14:08:45.122 [SECURITY_AUDIT] WARN  - [ACCESS_DENIED] username=anonymous requestedUrl=/ws/147/bzozgdjc/xhr_streaming ip=0:0:0:0:0:0:0:1
2026-04-24 14:08:45.248 [SECURITY_AUDIT] WARN  - [ACCESS_DENIED] username=anonymous requestedUrl=/ws/147/bzozgdjc/xhr_streaming ip=0:0:0:0:0:0:0:1
2026-04-24 14:08:45.322 [SECURITY_AUDIT] WARN  - [ACCESS_DENIED] username=anonymous requestedUrl=/ws/147/bzozgdjc/xhr_streaming ip=0:0:0:0:0:0:0:1
2026-04-24 14:08:45.357 [SECURITY_AUDIT] WARN  - [ACCESS_DENIED] username=anonymous requestedUrl=/ws/147/bzozgdjc/xhr_streaming ip=0:0:0:0:0:0:0:1
2026-04-24 14:08:45.417 [SECURITY_AUDIT] WARN  - [ACCESS_DENIED] username=anonymous requestedUrl=/ws/147/bzozgdjc/xhr_streaming ip=0:0:0:0:0:0:0:1
2026-04-24 14:08:45.438 [SECURITY_AUDIT] WARN  - [ACCESS_DENIED] username=anonymous requestedUrl=/ws/147/bzozgdjc/xhr_streaming ip=0:0:0:0:0:0:0:1
2026-04-24 14:08:45.458 [SECURITY_AUDIT] WARN  - [ACCESS_DENIED] username=anonymous requestedUrl=/ws/147/bzozgdjc/xhr_streaming ip=0:0:0:0:0:0:0:1
2026-04-24 14:08:45.475 [SECURITY_AUDIT] WARN  - [ACCESS_DENIED] username=anonymous requestedUrl=/ws/147/bzozgdjc/xhr_streaming ip=0:0:0:0:0:0:0:1
2026-04-24 14:08:45.491 [SECURITY_AUDIT] WARN  - [ACCESS_DENIED] username=anonymous requestedUrl=/ws/147/bzozgdjc/xhr_streaming ip=0:0:0:0:0:0:0:1
2026-04-24 14:08:45.534 [SECURITY_AUDIT] WARN  - [ACCESS_DENIED] username=anonymous requestedUrl=/ws/147/bzozgdjc/xhr_streaming ip=0:0:0:0:0:0:0:1
2026-04-24 14:08:45.583 [SECURITY_AUDIT] WARN  - [ACCESS_DENIED] username=anonymous requestedUrl=/ws/147/bzozgdjc/xhr_streaming ip=0:0:0:0:0:0:0:1
2026-04-24 14:08:45.624 [SECURITY_AUDIT] WARN  - [ACCESS_DENIED] username=anonymous requestedUrl=/ws/147/bzozgdjc/xhr_streaming ip=0:0:0:0:0:0:0:1
2026-04-24 14:08:45.641 [SECURITY_AUDIT] WARN  - [ACCESS_DENIED] username=anonymous requestedUrl=/ws/147/bzozgdjc/xhr_streaming ip=0:0:0:0:0:0:0:1
2026-04-24 14:08:45.673 [SECURITY_AUDIT] WARN  - [ACCESS_DENIED] username=anonymous requestedUrl=/ws/147/bzozgdjc/xhr_streaming ip=0:0:0:0:0:0:0:1
2026-04-24 14:08:45.698 [SECURITY_AUDIT] WARN  - [ACCESS_DENIED] username=anonymous requestedUrl=/ws/147/bzozgdjc/xhr_streaming ip=0:0:0:0:0:0:0:1
2026-04-24 14:08:45.722 [SECURITY_AUDIT] WARN  - [ACCESS_DENIED] username=anonymous requestedUrl=/ws/147/bzozgdjc/xhr_streaming ip=0:0:0:0:0:0:0:1
2026-04-24 14:08:45.754 [SECURITY_AUDIT] WARN  - [ACCESS_DENIED] username=anonymous requestedUrl=/ws/147/bzozgdjc/xhr_streaming ip=0:0:0:0:0:0:0:1
2026-04-24 14:08:45.773 [SECURITY_AUDIT] WARN  - [ACCESS_DENIED] username=anonymous requestedUrl=/ws/147/bzozgdjc/xhr_streaming ip=0:0:0:0:0:0:0:1
2026-04-24 14:08:45.806 [SECURITY_AUDIT] WARN  - [ACCESS_DENIED] username=anonymous requestedUrl=/ws/147/bzozgdjc/xhr_streaming ip=0:0:0:0:0:0:0:1
2026-04-24 14:08:45.820 [SECURITY_AUDIT] WARN  - [ACCESS_DENIED] username=anonymous requestedUrl=/ws/147/bzozgdjc/xhr_streaming ip=0:0:0:0:0:0:0:1
2026-04-24 14:08:45.837 [SECURITY_AUDIT] WARN  - [ACCESS_DENIED] username=anonymous requestedUrl=/ws/147/bzozgdjc/xhr_streaming ip=0:0:0:0:0:0:0:1
2026-04-24 14:08:45.855 [SECURITY_AUDIT] WARN  - [ACCESS_DENIED] username=anonymous requestedUrl=/ws/147/bzozgdjc/xhr_streaming ip=0:0:0:0:0:0:0:1
2026-04-24 14:08:45.872 [SECURITY_AUDIT] WARN  - [ACCESS_DENIED] username=anonymous requestedUrl=/ws/147/bzozgdjc/xhr_streaming ip=0:0:0:0:0:0:0:1
2026-04-24 14:08:45.890 [SECURITY_AUDIT] WARN  - [ACCESS_DENIED] username=anonymous requestedUrl=/ws/147/bzozgdjc/xhr_streaming ip=0:0:0:0:0:0:0:1
2026-04-24 14:08:45.906 [SECURITY_AUDIT] WARN  - [ACCESS_DENIED] username=anonymous requestedUrl=/ws/147/bzozgdjc/xhr_streaming ip=0:0:0:0:0:0:0:1
2026-04-24 14:08:45.923 [SECURITY_AUDIT] WARN  - [ACCESS_DENIED] username=anonymous requestedUrl=/ws/147/bzozgdjc/xhr_streaming ip=0:0:0:0:0:0:0:1
2026-04-24 14:08:45.941 [SECURITY_AUDIT] WARN  - [ACCESS_DENIED] username=anonymous requestedUrl=/ws/147/bzozgdjc/xhr_streaming ip=0:0:0:0:0:0:0:1
2026-04-24 14:08:45.958 [SECURITY_AUDIT] WARN  - [ACCESS_DENIED] username=anonymous requestedUrl=/ws/147/bzozgdjc/xhr_streaming ip=0:0:0:0:0:0:0:1
2026-04-24 14:08:46.000 [SECURITY_AUDIT] WARN  - [ACCESS_DENIED] username=anonymous requestedUrl=/ws/147/bzozgdjc/xhr_streaming ip=0:0:0:0:0:0:0:1
2026-04-24 14:08:46.050 [SECURITY_AUDIT] WARN  - [ACCESS_DENIED] username=anonymous requestedUrl=/ws/147/bzozgdjc/xhr_streaming ip=0:0:0:0:0:0:0:1
2026-04-24 14:08:46.100 [SECURITY_AUDIT] WARN  - [ACCESS_DENIED] username=anonymous requestedUrl=/ws/147/bzozgdjc/xhr_streaming ip=0:0:0:0:0:0:0:1
2026-04-24 14:08:46.124 [SECURITY_AUDIT] WARN  - [ACCESS_DENIED] username=anonymous requestedUrl=/ws/147/bzozgdjc/xhr_streaming ip=0:0:0:0:0:0:0:1
2026-04-24 14:08:46.140 [SECURITY_AUDIT] WARN  - [ACCESS_DENIED] username=anonymous requestedUrl=/ws/147/bzozgdjc/xhr_streaming ip=0:0:0:0:0:0:0:1
2026-04-24 14:08:46.158 [SECURITY_AUDIT] WARN  - [ACCESS_DENIED] username=anonymous requestedUrl=/ws/147/bzozgdjc/xhr_streaming ip=0:0:0:0:0:0:0:1
2026-04-24 14:08:46.203 [SECURITY_AUDIT] WARN  - [ACCESS_DENIED] username=anonymous requestedUrl=/ws/147/bzozgdjc/xhr_streaming ip=0:0:0:0:0:0:0:1
2026-04-24 14:08:46.250 [SECURITY_AUDIT] WARN  - [ACCESS_DENIED] username=anonymous requestedUrl=/ws/147/bzozgdjc/xhr_streaming ip=0:0:0:0:0:0:0:1
2026-04-24 14:08:46.299 [SECURITY_AUDIT] WARN  - [ACCESS_DENIED] username=anonymous requestedUrl=/ws/147/bzozgdjc/xhr_streaming ip=0:0:0:0:0:0:0:1
2026-04-24 14:08:46.351 [SECURITY_AUDIT] WARN  - [ACCESS_DENIED] username=anonymous requestedUrl=/ws/147/bzozgdjc/xhr_streaming ip=0:0:0:0:0:0:0:1
2026-04-24 14:08:46.400 [SECURITY_AUDIT] WARN  - [ACCESS_DENIED] username=anonymous requestedUrl=/ws/147/bzozgdjc/xhr_streaming ip=0:0:0:0:0:0:0:1
2026-04-24 14:08:46.449 [SECURITY_AUDIT] WARN  - [ACCESS_DENIED] username=anonymous requestedUrl=/ws/147/bzozgdjc/xhr_streaming ip=0:0:0:0:0:0:0:1
2026-04-24 14:08:46.466 [SECURITY_AUDIT] WARN  - [ACCESS_DENIED] username=anonymous requestedUrl=/ws/147/bzozgdjc/xhr_streaming ip=0:0:0:0:0:0:0:1
2026-04-24 14:08:46.498 [SECURITY_AUDIT] WARN  - [ACCESS_DENIED] username=anonymous requestedUrl=/ws/147/bzozgdjc/xhr_streaming ip=0:0:0:0:0:0:0:1
2026-04-24 14:08:46.523 [SECURITY_AUDIT] WARN  - [ACCESS_DENIED] username=anonymous requestedUrl=/ws/147/bzozgdjc/xhr_streaming ip=0:0:0:0:0:0:0:1
2026-04-24 14:08:46.548 [SECURITY_AUDIT] WARN  - [ACCESS_DENIED] username=anonymous requestedUrl=/ws/147/bzozgdjc/xhr_streaming ip=0:0:0:0:0:0:0:1
2026-04-24 14:08:46.617 [SECURITY_AUDIT] WARN  - [ACCESS_DENIED] username=anonymous requestedUrl=/ws/147/bzozgdjc/xhr_streaming ip=0:0:0:0:0:0:0:1
2026-04-24 14:08:46.649 [SECURITY_AUDIT] WARN  - [ACCESS_DENIED] username=anonymous requestedUrl=/ws/147/bzozgdjc/xhr_streaming ip=0:0:0:0:0:0:0:1
2026-04-24 14:08:46.662 [SECURITY_AUDIT] WARN  - [ACCESS_DENIED] username=anonymous requestedUrl=/ws/147/bzozgdjc/xhr_streaming ip=0:0:0:0:0:0:0:1
2026-04-24 14:08:46.682 [SECURITY_AUDIT] WARN  - [ACCESS_DENIED] username=anonymous requestedUrl=/ws/147/bzozgdjc/xhr_streaming ip=0:0:0:0:0:0:0:1
2026-04-24 14:08:46.709 [SECURITY_AUDIT] WARN  - [ACCESS_DENIED] username=anonymous requestedUrl=/ws/147/bzozgdjc/xhr_streaming ip=0:0:0:0:0:0:0:1
2026-04-24 14:08:46.736 [SECURITY_AUDIT] WARN  - [ACCESS_DENIED] username=anonymous requestedUrl=/ws/147/bzozgdjc/xhr_streaming ip=0:0:0:0:0:0:0:1
2026-04-24 14:08:46.769 [SECURITY_AUDIT] WARN  - [ACCESS_DENIED] username=anonymous requestedUrl=/ws/147/bzozgdjc/xhr_streaming ip=0:0:0:0:0:0:0:1
2026-04-24 14:08:46.792 [SECURITY_AUDIT] WARN  - [ACCESS_DENIED] username=anonymous requestedUrl=/ws/147/bzozgdjc/xhr_streaming ip=0:0:0:0:0:0:0:1
2026-04-24 14:08:46.831 [SECURITY_AUDIT] WARN  - [ACCESS_DENIED] username=anonymous requestedUrl=/ws/147/bzozgdjc/xhr_streaming ip=0:0:0:0:0:0:0:1
2026-04-24 14:08:46.850 [SECURITY_AUDIT] WARN  - [ACCESS_DENIED] username=anonymous requestedUrl=/ws/147/bzozgdjc/xhr_streaming ip=0:0:0:0:0:0:0:1
2026-04-24 14:08:46.875 [SECURITY_AUDIT] WARN  - [ACCESS_DENIED] username=anonymous requestedUrl=/ws/147/bzozgdjc/xhr_streaming ip=0:0:0:0:0:0:0:1
2026-04-24 14:08:46.901 [SECURITY_AUDIT] WARN  - [ACCESS_DENIED] username=anonymous requestedUrl=/ws/147/bzozgdjc/xhr_streaming ip=0:0:0:0:0:0:0:1
2026-04-24 14:08:46.919 [SECURITY_AUDIT] WARN  - [ACCESS_DENIED] username=anonymous requestedUrl=/ws/147/bzozgdjc/xhr_streaming ip=0:0:0:0:0:0:0:1
2026-04-24 14:08:46.959 [SECURITY_AUDIT] WARN  - [ACCESS_DENIED] username=anonymous requestedUrl=/ws/147/bzozgdjc/xhr_streaming ip=0:0:0:0:0:0:0:1
2026-04-24 14:08:46.991 [SECURITY_AUDIT] WARN  - [ACCESS_DENIED] username=anonymous requestedUrl=/ws/147/bzozgdjc/xhr_streaming ip=0:0:0:0:0:0:0:1
2026-04-24 14:08:47.009 [SECURITY_AUDIT] WARN  - [ACCESS_DENIED] username=anonymous requestedUrl=/ws/147/bzozgdjc/xhr_streaming ip=0:0:0:0:0:0:0:1
2026-04-24 14:08:47.030 [SECURITY_AUDIT] WARN  - [ACCESS_DENIED] username=anonymous requestedUrl=/ws/147/bzozgdjc/xhr_streaming ip=0:0:0:0:0:0:0:1
2026-04-24 14:08:47.058 [SECURITY_AUDIT] WARN  - [ACCESS_DENIED] username=anonymous requestedUrl=/ws/147/bzozgdjc/xhr_streaming ip=0:0:0:0:0:0:0:1
2026-04-24 14:08:47.075 [SECURITY_AUDIT] WARN  - [ACCESS_DENIED] username=anonymous requestedUrl=/ws/147/bzozgdjc/xhr_streaming ip=0:0:0:0:0:0:0:1
2026-04-24 14:08:47.091 [SECURITY_AUDIT] WARN  - [ACCESS_DENIED] username=anonymous requestedUrl=/ws/147/bzozgdjc/xhr_streaming ip=0:0:0:0:0:0:0:1
2026-04-24 14:08:47.109 [SECURITY_AUDIT] WARN  - [ACCESS_DENIED] username=anonymous requestedUrl=/ws/147/bzozgdjc/xhr_streaming ip=0:0:0:0:0:0:0:1
2026-04-24 14:08:47.141 [SECURITY_AUDIT] WARN  - [ACCESS_DENIED] username=anonymous requestedUrl=/ws/147/bzozgdjc/xhr_streaming ip=0:0:0:0:0:0:0:1
2026-04-24 14:08:47.160 [SECURITY_AUDIT] WARN  - [ACCESS_DENIED] username=anonymous requestedUrl=/ws/147/bzozgdjc/xhr_streaming ip=0:0:0:0:0:0:0:1
2026-04-24 14:08:47.345 [SECURITY_AUDIT] WARN  - [ACCESS_DENIED] username=anonymous requestedUrl=/ws/147/bzozgdjc/xhr_streaming ip=0:0:0:0:0:0:0:1
2026-04-24 14:08:47.441 [SECURITY_AUDIT] WARN  - [ACCESS_DENIED] username=anonymous requestedUrl=/ws/147/bzozgdjc/xhr_streaming ip=0:0:0:0:0:0:0:1
2026-04-24 14:08:47.586 [SECURITY_AUDIT] WARN  - [ACCESS_DENIED] username=anonymous requestedUrl=/ws/147/bzozgdjc/xhr_streaming ip=0:0:0:0:0:0:0:1
2026-04-24 14:08:47.645 [SECURITY_AUDIT] WARN  - [ACCESS_DENIED] username=anonymous requestedUrl=/ws/147/bzozgdjc/xhr_streaming ip=0:0:0:0:0:0:0:1
2026-04-24 14:08:47.665 [SECURITY_AUDIT] WARN  - [ACCESS_DENIED] username=anonymous requestedUrl=/ws/147/bzozgdjc/xhr_streaming ip=0:0:0:0:0:0:0:1
2026-04-24 14:08:47.739 [SECURITY_AUDIT] WARN  - [ACCESS_DENIED] username=anonymous requestedUrl=/ws/147/bzozgdjc/xhr_streaming ip=0:0:0:0:0:0:0:1
2026-04-24 14:08:47.763 [SECURITY_AUDIT] WARN  - [ACCESS_DENIED] username=anonymous requestedUrl=/ws/147/bzozgdjc/xhr_streaming ip=0:0:0:0:0:0:0:1
2026-04-24 14:08:47.799 [SECURITY_AUDIT] WARN  - [ACCESS_DENIED] username=anonymous requestedUrl=/ws/147/bzozgdjc/xhr_streaming ip=0:0:0:0:0:0:0:1
2026-04-24 14:08:47.836 [SECURITY_AUDIT] WARN  - [ACCESS_DENIED] username=anonymous requestedUrl=/ws/147/bzozgdjc/xhr_streaming ip=0:0:0:0:0:0:0:1
2026-04-24 14:08:51.789 [SECURITY_AUDIT] INFO  - [LOGIN_SUCCESS] username=yuhhna2907 ip=0:0:0:0:0:0:0:1 userAgent=Mozilla/5.0 (Windows NT 10.0; Win64; x64) AppleWebKit/537.36 (KHTML, like Gecko) Chrome/147.0.0.0 Safari/537.36
2026-04-24 14:08:52.412 [SECURITY_AUDIT] WARN  - [ACCESS_DENIED] username=yuhhna2907 requestedUrl=/ws/info ip=0:0:0:0:0:0:0:1
2026-04-24 14:08:53.762 [SECURITY_AUDIT] WARN  - [ACCESS_DENIED] username=yuhhna2907 requestedUrl=/user/saved-items ip=0:0:0:0:0:0:0:1
2026-04-24 14:08:53.812 [SECURITY_AUDIT] WARN  - [ACCESS_DENIED] username=yuhhna2907 requestedUrl=/ws/info ip=0:0:0:0:0:0:0:1
2026-04-24 14:08:56.376 [SECURITY_AUDIT] WARN  - [ACCESS_DENIED] username=yuhhna2907 requestedUrl=/ws/info ip=0:0:0:0:0:0:0:1
2026-04-24 14:09:01.417 [SECURITY_AUDIT] WARN  - [ACCESS_DENIED] username=yuhhna2907 requestedUrl=/ws/info ip=0:0:0:0:0:0:0:1
2026-04-24 14:09:06.459 [SECURITY_AUDIT] WARN  - [ACCESS_DENIED] username=yuhhna2907 requestedUrl=/ws/info ip=0:0:0:0:0:0:0:1
2026-04-24 14:09:11.499 [SECURITY_AUDIT] WARN  - [ACCESS_DENIED] username=yuhhna2907 requestedUrl=/ws/info ip=0:0:0:0:0:0:0:1
2026-04-24 14:09:16.525 [SECURITY_AUDIT] WARN  - [ACCESS_DENIED] username=yuhhna2907 requestedUrl=/ws/info ip=0:0:0:0:0:0:0:1
2026-04-24 14:09:21.548 [SECURITY_AUDIT] WARN  - [ACCESS_DENIED] username=yuhhna2907 requestedUrl=/ws/info ip=0:0:0:0:0:0:0:1
2026-04-24 14:09:26.582 [SECURITY_AUDIT] WARN  - [ACCESS_DENIED] username=yuhhna2907 requestedUrl=/ws/info ip=0:0:0:0:0:0:0:1
2026-04-24 14:09:29.766 [SECURITY_AUDIT] WARN  - [ACCESS_DENIED] username=yuhhna2907 requestedUrl=/user/saved-items ip=0:0:0:0:0:0:0:1
2026-04-24 14:09:29.842 [SECURITY_AUDIT] WARN  - [ACCESS_DENIED] username=yuhhna2907 requestedUrl=/ws/info ip=0:0:0:0:0:0:0:1
2026-04-24 14:09:34.965 [SECURITY_AUDIT] WARN  - [ACCESS_DENIED] username=yuhhna2907 requestedUrl=/ws/info ip=0:0:0:0:0:0:0:1
2026-04-24 14:09:39.998 [SECURITY_AUDIT] WARN  - [ACCESS_DENIED] username=yuhhna2907 requestedUrl=/ws/info ip=0:0:0:0:0:0:0:1
2026-04-24 14:09:45.024 [SECURITY_AUDIT] WARN  - [ACCESS_DENIED] username=yuhhna2907 requestedUrl=/ws/info ip=0:0:0:0:0:0:0:1
2026-04-24 14:09:50.046 [SECURITY_AUDIT] WARN  - [ACCESS_DENIED] username=yuhhna2907 requestedUrl=/ws/info ip=0:0:0:0:0:0:0:1
2026-04-24 14:09:55.061 [SECURITY_AUDIT] WARN  - [ACCESS_DENIED] username=yuhhna2907 requestedUrl=/ws/info ip=0:0:0:0:0:0:0:1
2026-04-24 14:10:00.079 [SECURITY_AUDIT] WARN  - [ACCESS_DENIED] username=yuhhna2907 requestedUrl=/ws/info ip=0:0:0:0:0:0:0:1
2026-04-24 14:10:05.207 [SECURITY_AUDIT] WARN  - [ACCESS_DENIED] username=yuhhna2907 requestedUrl=/ws/info ip=0:0:0:0:0:0:0:1
2026-04-24 14:10:11.209 [SECURITY_AUDIT] WARN  - [ACCESS_DENIED] username=yuhhna2907 requestedUrl=/ws/info ip=0:0:0:0:0:0:0:1
2026-04-24 14:10:17.198 [SECURITY_AUDIT] WARN  - [ACCESS_DENIED] username=yuhhna2907 requestedUrl=/ws/info ip=0:0:0:0:0:0:0:1
2026-04-24 14:10:23.211 [SECURITY_AUDIT] WARN  - [ACCESS_DENIED] username=yuhhna2907 requestedUrl=/ws/info ip=0:0:0:0:0:0:0:1
2026-04-24 14:10:30.467 [SECURITY_AUDIT] WARN  - [ACCESS_DENIED] username=yuhhna2907 requestedUrl=/ws/info ip=0:0:0:0:0:0:0:1
2026-04-24 14:10:35.842 [SECURITY_AUDIT] WARN  - [ACCESS_DENIED] username=yuhhna2907 requestedUrl=/ws/info ip=0:0:0:0:0:0:0:1
2026-04-24 14:10:40.860 [SECURITY_AUDIT] WARN  - [ACCESS_DENIED] username=yuhhna2907 requestedUrl=/ws/info ip=0:0:0:0:0:0:0:1
2026-04-24 14:10:45.888 [SECURITY_AUDIT] WARN  - [ACCESS_DENIED] username=yuhhna2907 requestedUrl=/ws/info ip=0:0:0:0:0:0:0:1
2026-04-24 14:10:50.910 [SECURITY_AUDIT] WARN  - [ACCESS_DENIED] username=yuhhna2907 requestedUrl=/ws/info ip=0:0:0:0:0:0:0:1
2026-04-24 14:10:55.925 [SECURITY_AUDIT] WARN  - [ACCESS_DENIED] username=yuhhna2907 requestedUrl=/ws/info ip=0:0:0:0:0:0:0:1
2026-04-24 14:11:00.943 [SECURITY_AUDIT] WARN  - [ACCESS_DENIED] username=yuhhna2907 requestedUrl=/ws/info ip=0:0:0:0:0:0:0:1
2026-04-24 14:11:05.962 [SECURITY_AUDIT] WARN  - [ACCESS_DENIED] username=yuhhna2907 requestedUrl=/ws/info ip=0:0:0:0:0:0:0:1
2026-04-24 14:11:10.979 [SECURITY_AUDIT] WARN  - [ACCESS_DENIED] username=yuhhna2907 requestedUrl=/ws/info ip=0:0:0:0:0:0:0:1
2026-04-24 14:11:15.996 [SECURITY_AUDIT] WARN  - [ACCESS_DENIED] username=yuhhna2907 requestedUrl=/ws/info ip=0:0:0:0:0:0:0:1
2026-04-24 14:11:21.012 [SECURITY_AUDIT] WARN  - [ACCESS_DENIED] username=yuhhna2907 requestedUrl=/ws/info ip=0:0:0:0:0:0:0:1
2026-04-24 14:11:26.042 [SECURITY_AUDIT] WARN  - [ACCESS_DENIED] username=yuhhna2907 requestedUrl=/ws/info ip=0:0:0:0:0:0:0:1
2026-04-24 14:11:31.204 [SECURITY_AUDIT] WARN  - [ACCESS_DENIED] username=yuhhna2907 requestedUrl=/ws/info ip=0:0:0:0:0:0:0:1
2026-04-24 14:11:37.213 [SECURITY_AUDIT] WARN  - [ACCESS_DENIED] username=yuhhna2907 requestedUrl=/ws/info ip=0:0:0:0:0:0:0:1
2026-04-24 14:11:43.206 [SECURITY_AUDIT] WARN  - [ACCESS_DENIED] username=yuhhna2907 requestedUrl=/ws/info ip=0:0:0:0:0:0:0:1
2026-04-24 14:11:49.212 [SECURITY_AUDIT] WARN  - [ACCESS_DENIED] username=yuhhna2907 requestedUrl=/ws/info ip=0:0:0:0:0:0:0:1
2026-04-24 14:11:55.210 [SECURITY_AUDIT] WARN  - [ACCESS_DENIED] username=yuhhna2907 requestedUrl=/ws/info ip=0:0:0:0:0:0:0:1
2026-04-24 14:12:01.277 [SECURITY_AUDIT] WARN  - [ACCESS_DENIED] username=yuhhna2907 requestedUrl=/ws/info ip=0:0:0:0:0:0:0:1
2026-04-24 14:12:07.209 [SECURITY_AUDIT] WARN  - [ACCESS_DENIED] username=yuhhna2907 requestedUrl=/ws/info ip=0:0:0:0:0:0:0:1
2026-04-24 14:12:13.213 [SECURITY_AUDIT] WARN  - [ACCESS_DENIED] username=yuhhna2907 requestedUrl=/ws/info ip=0:0:0:0:0:0:0:1
2026-04-24 14:12:19.205 [SECURITY_AUDIT] WARN  - [ACCESS_DENIED] username=yuhhna2907 requestedUrl=/ws/info ip=0:0:0:0:0:0:0:1
2026-04-24 14:12:25.206 [SECURITY_AUDIT] WARN  - [ACCESS_DENIED] username=yuhhna2907 requestedUrl=/ws/info ip=0:0:0:0:0:0:0:1
2026-04-24 14:12:31.493 [SECURITY_AUDIT] WARN  - [ACCESS_DENIED] username=yuhhna2907 requestedUrl=/ws/info ip=0:0:0:0:0:0:0:1
2026-04-24 14:12:37.211 [SECURITY_AUDIT] WARN  - [ACCESS_DENIED] username=yuhhna2907 requestedUrl=/ws/info ip=0:0:0:0:0:0:0:1
2026-04-24 14:12:43.202 [SECURITY_AUDIT] WARN  - [ACCESS_DENIED] username=yuhhna2907 requestedUrl=/ws/info ip=0:0:0:0:0:0:0:1
2026-04-24 14:12:49.206 [SECURITY_AUDIT] WARN  - [ACCESS_DENIED] username=yuhhna2907 requestedUrl=/ws/info ip=0:0:0:0:0:0:0:1
2026-04-24 14:12:55.210 [SECURITY_AUDIT] WARN  - [ACCESS_DENIED] username=yuhhna2907 requestedUrl=/ws/info ip=0:0:0:0:0:0:0:1
2026-04-24 14:13:01.231 [SECURITY_AUDIT] WARN  - [ACCESS_DENIED] username=yuhhna2907 requestedUrl=/ws/info ip=0:0:0:0:0:0:0:1
2026-04-24 14:13:07.202 [SECURITY_AUDIT] WARN  - [ACCESS_DENIED] username=yuhhna2907 requestedUrl=/ws/info ip=0:0:0:0:0:0:0:1
2026-04-24 14:13:13.202 [SECURITY_AUDIT] WARN  - [ACCESS_DENIED] username=yuhhna2907 requestedUrl=/ws/info ip=0:0:0:0:0:0:0:1
2026-04-24 14:13:19.211 [SECURITY_AUDIT] WARN  - [ACCESS_DENIED] username=yuhhna2907 requestedUrl=/ws/info ip=0:0:0:0:0:0:0:1
2026-04-24 14:13:25.204 [SECURITY_AUDIT] WARN  - [ACCESS_DENIED] username=yuhhna2907 requestedUrl=/ws/info ip=0:0:0:0:0:0:0:1
2026-04-24 14:13:32.089 [SECURITY_AUDIT] WARN  - [ACCESS_DENIED] username=yuhhna2907 requestedUrl=/ws/info ip=0:0:0:0:0:0:0:1
2026-04-24 14:13:38.199 [SECURITY_AUDIT] WARN  - [ACCESS_DENIED] username=yuhhna2907 requestedUrl=/ws/info ip=0:0:0:0:0:0:0:1
2026-04-24 14:13:44.207 [SECURITY_AUDIT] WARN  - [ACCESS_DENIED] username=yuhhna2907 requestedUrl=/ws/info ip=0:0:0:0:0:0:0:1
2026-04-24 14:13:50.199 [SECURITY_AUDIT] WARN  - [ACCESS_DENIED] username=yuhhna2907 requestedUrl=/ws/info ip=0:0:0:0:0:0:0:1
2026-04-24 14:13:56.215 [SECURITY_AUDIT] WARN  - [ACCESS_DENIED] username=yuhhna2907 requestedUrl=/ws/info ip=0:0:0:0:0:0:0:1
2026-04-24 14:14:02.382 [SECURITY_AUDIT] WARN  - [ACCESS_DENIED] username=yuhhna2907 requestedUrl=/ws/info ip=0:0:0:0:0:0:0:1
2026-04-24 14:14:08.204 [SECURITY_AUDIT] WARN  - [ACCESS_DENIED] username=yuhhna2907 requestedUrl=/ws/info ip=0:0:0:0:0:0:0:1
2026-04-24 14:14:14.215 [SECURITY_AUDIT] WARN  - [ACCESS_DENIED] username=yuhhna2907 requestedUrl=/ws/info ip=0:0:0:0:0:0:0:1
2026-04-24 14:14:21.290 [SECURITY_AUDIT] WARN  - [ACCESS_DENIED] username=yuhhna2907 requestedUrl=/ws/info ip=0:0:0:0:0:0:0:1
2026-04-24 14:14:27.205 [SECURITY_AUDIT] WARN  - [ACCESS_DENIED] username=yuhhna2907 requestedUrl=/ws/info ip=0:0:0:0:0:0:0:1
2026-04-24 14:14:54.229 [SECURITY_AUDIT] WARN  - [ACCESS_DENIED] username=yuhhna2907 requestedUrl=/ws/info ip=0:0:0:0:0:0:0:1
2026-04-24 14:15:36.227 [SECURITY_AUDIT] WARN  - [ACCESS_DENIED] username=yuhhna2907 requestedUrl=/ws/info ip=0:0:0:0:0:0:0:1
2026-04-24 14:15:51.437 [SECURITY_AUDIT] WARN  - [ACCESS_DENIED] username=yuhhna2907 requestedUrl=/ws/info ip=0:0:0:0:0:0:0:1
2026-04-24 14:16:13.208 [SECURITY_AUDIT] WARN  - [ACCESS_DENIED] username=yuhhna2907 requestedUrl=/ws/info ip=0:0:0:0:0:0:0:1
2026-04-24 14:16:19.234 [SECURITY_AUDIT] WARN  - [ACCESS_DENIED] username=yuhhna2907 requestedUrl=/ws/info ip=0:0:0:0:0:0:0:1
2026-04-24 14:16:51.214 [SECURITY_AUDIT] WARN  - [ACCESS_DENIED] username=yuhhna2907 requestedUrl=/ws/info ip=0:0:0:0:0:0:0:1
2026-04-24 14:17:28.278 [SECURITY_AUDIT] WARN  - [ACCESS_DENIED] username=yuhhna2907 requestedUrl=/ws/info ip=0:0:0:0:0:0:0:1
2026-04-24 14:17:34.203 [SECURITY_AUDIT] WARN  - [ACCESS_DENIED] username=yuhhna2907 requestedUrl=/ws/info ip=127.0.0.1
2026-04-24 14:17:40.969 [SECURITY_AUDIT] WARN  - [ACCESS_DENIED] username=yuhhna2907 requestedUrl=/ws/info ip=0:0:0:0:0:0:0:1
2026-04-24 14:17:47.209 [SECURITY_AUDIT] WARN  - [ACCESS_DENIED] username=yuhhna2907 requestedUrl=/ws/info ip=0:0:0:0:0:0:0:1
2026-04-24 14:17:53.216 [SECURITY_AUDIT] WARN  - [ACCESS_DENIED] username=yuhhna2907 requestedUrl=/ws/info ip=0:0:0:0:0:0:0:1
2026-04-24 14:17:59.767 [SECURITY_AUDIT] WARN  - [ACCESS_DENIED] username=yuhhna2907 requestedUrl=/ws/info ip=0:0:0:0:0:0:0:1
2026-04-24 14:18:06.205 [SECURITY_AUDIT] WARN  - [ACCESS_DENIED] username=yuhhna2907 requestedUrl=/ws/info ip=0:0:0:0:0:0:0:1
2026-04-24 14:18:12.997 [SECURITY_AUDIT] WARN  - [ACCESS_DENIED] username=yuhhna2907 requestedUrl=/ws/info ip=0:0:0:0:0:0:0:1
2026-04-24 14:18:18.206 [SECURITY_AUDIT] WARN  - [ACCESS_DENIED] username=yuhhna2907 requestedUrl=/ws/info ip=0:0:0:0:0:0:0:1
2026-04-24 14:18:24.212 [SECURITY_AUDIT] WARN  - [ACCESS_DENIED] username=yuhhna2907 requestedUrl=/ws/info ip=0:0:0:0:0:0:0:1
2026-04-24 14:18:30.219 [SECURITY_AUDIT] WARN  - [ACCESS_DENIED] username=yuhhna2907 requestedUrl=/ws/info ip=0:0:0:0:0:0:0:1
2026-04-24 14:18:36.212 [SECURITY_AUDIT] WARN  - [ACCESS_DENIED] username=yuhhna2907 requestedUrl=/ws/info ip=0:0:0:0:0:0:0:1
2026-04-24 14:18:43.733 [SECURITY_AUDIT] WARN  - [ACCESS_DENIED] username=yuhhna2907 requestedUrl=/ws/info ip=0:0:0:0:0:0:0:1
2026-04-24 14:18:49.203 [SECURITY_AUDIT] WARN  - [ACCESS_DENIED] username=yuhhna2907 requestedUrl=/ws/info ip=0:0:0:0:0:0:0:1
2026-04-24 14:18:55.603 [SECURITY_AUDIT] WARN  - [ACCESS_DENIED] username=yuhhna2907 requestedUrl=/ws/info ip=0:0:0:0:0:0:0:1
2026-04-24 14:19:01.805 [SECURITY_AUDIT] WARN  - [ACCESS_DENIED] username=yuhhna2907 requestedUrl=/ws/info ip=0:0:0:0:0:0:0:1
2026-04-24 14:19:07.213 [SECURITY_AUDIT] WARN  - [ACCESS_DENIED] username=yuhhna2907 requestedUrl=/ws/info ip=0:0:0:0:0:0:0:1
2026-04-24 14:19:13.207 [SECURITY_AUDIT] WARN  - [ACCESS_DENIED] username=yuhhna2907 requestedUrl=/ws/info ip=0:0:0:0:0:0:0:1
2026-04-24 14:19:19.211 [SECURITY_AUDIT] WARN  - [ACCESS_DENIED] username=yuhhna2907 requestedUrl=/ws/info ip=0:0:0:0:0:0:0:1
2026-04-24 14:19:25.475 [SECURITY_AUDIT] WARN  - [ACCESS_DENIED] username=yuhhna2907 requestedUrl=/ws/info ip=0:0:0:0:0:0:0:1
2026-04-24 14:19:31.211 [SECURITY_AUDIT] WARN  - [ACCESS_DENIED] username=yuhhna2907 requestedUrl=/ws/info ip=0:0:0:0:0:0:0:1
2026-04-24 14:19:37.223 [SECURITY_AUDIT] WARN  - [ACCESS_DENIED] username=yuhhna2907 requestedUrl=/ws/info ip=0:0:0:0:0:0:0:1
2026-04-24 14:19:43.202 [SECURITY_AUDIT] WARN  - [ACCESS_DENIED] username=yuhhna2907 requestedUrl=/ws/info ip=0:0:0:0:0:0:0:1
2026-04-24 14:19:49.206 [SECURITY_AUDIT] WARN  - [ACCESS_DENIED] username=yuhhna2907 requestedUrl=/ws/info ip=0:0:0:0:0:0:0:1
2026-04-24 14:19:55.225 [SECURITY_AUDIT] WARN  - [ACCESS_DENIED] username=yuhhna2907 requestedUrl=/ws/info ip=0:0:0:0:0:0:0:1
2026-04-24 14:20:01.207 [SECURITY_AUDIT] WARN  - [ACCESS_DENIED] username=yuhhna2907 requestedUrl=/ws/info ip=0:0:0:0:0:0:0:1
2026-04-24 14:20:07.201 [SECURITY_AUDIT] WARN  - [ACCESS_DENIED] username=yuhhna2907 requestedUrl=/ws/info ip=0:0:0:0:0:0:0:1
2026-04-24 14:20:13.204 [SECURITY_AUDIT] WARN  - [ACCESS_DENIED] username=yuhhna2907 requestedUrl=/ws/info ip=0:0:0:0:0:0:0:1
2026-04-24 14:20:19.206 [SECURITY_AUDIT] WARN  - [ACCESS_DENIED] username=yuhhna2907 requestedUrl=/ws/info ip=0:0:0:0:0:0:0:1
2026-04-24 14:20:27.423 [SECURITY_AUDIT] WARN  - [ACCESS_DENIED] username=yuhhna2907 requestedUrl=/ws/info ip=0:0:0:0:0:0:0:1
2026-04-24 14:20:40.903 [SECURITY_AUDIT] WARN  - [ACCESS_DENIED] username=yuhhna2907 requestedUrl=/ws/info ip=0:0:0:0:0:0:0:1
2026-04-24 14:20:51.107 [SECURITY_AUDIT] WARN  - [ACCESS_DENIED] username=yuhhna2907 requestedUrl=/ws/info ip=0:0:0:0:0:0:0:1
2026-04-24 14:21:07.567 [SECURITY_AUDIT] WARN  - [ACCESS_DENIED] username=yuhhna2907 requestedUrl=/ws/info ip=0:0:0:0:0:0:0:1
2026-04-24 14:21:13.317 [SECURITY_AUDIT] WARN  - [ACCESS_DENIED] username=yuhhna2907 requestedUrl=/ws/info ip=0:0:0:0:0:0:0:1
2026-04-24 14:21:19.230 [SECURITY_AUDIT] WARN  - [ACCESS_DENIED] username=yuhhna2907 requestedUrl=/ws/info ip=0:0:0:0:0:0:0:1
2026-04-24 14:21:25.217 [SECURITY_AUDIT] WARN  - [ACCESS_DENIED] username=yuhhna2907 requestedUrl=/ws/info ip=0:0:0:0:0:0:0:1
2026-04-24 14:21:31.372 [SECURITY_AUDIT] WARN  - [ACCESS_DENIED] username=yuhhna2907 requestedUrl=/ws/info ip=0:0:0:0:0:0:0:1
2026-04-24 14:21:39.507 [SECURITY_AUDIT] WARN  - [ACCESS_DENIED] username=yuhhna2907 requestedUrl=/ws/info ip=0:0:0:0:0:0:0:1
2026-04-24 14:21:45.215 [SECURITY_AUDIT] WARN  - [ACCESS_DENIED] username=yuhhna2907 requestedUrl=/ws/info ip=0:0:0:0:0:0:0:1
2026-04-24 14:21:50.241 [SECURITY_AUDIT] WARN  - [ACCESS_DENIED] username=yuhhna2907 requestedUrl=/ws/info ip=0:0:0:0:0:0:0:1
2026-04-24 14:21:55.297 [SECURITY_AUDIT] WARN  - [ACCESS_DENIED] username=yuhhna2907 requestedUrl=/ws/info ip=0:0:0:0:0:0:0:1
2026-04-24 14:22:00.318 [SECURITY_AUDIT] WARN  - [ACCESS_DENIED] username=yuhhna2907 requestedUrl=/ws/info ip=0:0:0:0:0:0:0:1
2026-04-24 14:22:05.352 [SECURITY_AUDIT] WARN  - [ACCESS_DENIED] username=yuhhna2907 requestedUrl=/ws/info ip=0:0:0:0:0:0:0:1
2026-04-24 14:22:10.533 [SECURITY_AUDIT] WARN  - [ACCESS_DENIED] username=yuhhna2907 requestedUrl=/ws/info ip=0:0:0:0:0:0:0:1
2026-04-24 14:22:15.567 [SECURITY_AUDIT] WARN  - [ACCESS_DENIED] username=yuhhna2907 requestedUrl=/ws/info ip=0:0:0:0:0:0:0:1
2026-04-24 14:22:20.596 [SECURITY_AUDIT] WARN  - [ACCESS_DENIED] username=yuhhna2907 requestedUrl=/ws/info ip=0:0:0:0:0:0:0:1
2026-04-24 14:22:25.646 [SECURITY_AUDIT] WARN  - [ACCESS_DENIED] username=yuhhna2907 requestedUrl=/ws/info ip=0:0:0:0:0:0:0:1
2026-04-24 14:22:30.682 [SECURITY_AUDIT] WARN  - [ACCESS_DENIED] username=yuhhna2907 requestedUrl=/ws/info ip=0:0:0:0:0:0:0:1
2026-04-24 14:22:35.714 [SECURITY_AUDIT] WARN  - [ACCESS_DENIED] username=yuhhna2907 requestedUrl=/ws/info ip=0:0:0:0:0:0:0:1
2026-04-24 14:22:40.799 [SECURITY_AUDIT] WARN  - [ACCESS_DENIED] username=yuhhna2907 requestedUrl=/ws/info ip=0:0:0:0:0:0:0:1
2026-04-24 14:22:45.833 [SECURITY_AUDIT] WARN  - [ACCESS_DENIED] username=yuhhna2907 requestedUrl=/ws/info ip=0:0:0:0:0:0:0:1
2026-04-24 14:22:50.866 [SECURITY_AUDIT] WARN  - [ACCESS_DENIED] username=yuhhna2907 requestedUrl=/ws/info ip=0:0:0:0:0:0:0:1
2026-04-24 14:22:55.960 [SECURITY_AUDIT] WARN  - [ACCESS_DENIED] username=yuhhna2907 requestedUrl=/ws/info ip=0:0:0:0:0:0:0:1
2026-04-24 14:23:00.986 [SECURITY_AUDIT] WARN  - [ACCESS_DENIED] username=yuhhna2907 requestedUrl=/ws/info ip=0:0:0:0:0:0:0:1
2026-04-24 14:23:06.015 [SECURITY_AUDIT] WARN  - [ACCESS_DENIED] username=yuhhna2907 requestedUrl=/ws/info ip=0:0:0:0:0:0:0:1
2026-04-24 14:23:11.299 [SECURITY_AUDIT] WARN  - [ACCESS_DENIED] username=yuhhna2907 requestedUrl=/ws/info ip=0:0:0:0:0:0:0:1
2026-04-24 14:23:16.347 [SECURITY_AUDIT] WARN  - [ACCESS_DENIED] username=yuhhna2907 requestedUrl=/ws/info ip=0:0:0:0:0:0:0:1
2026-04-24 14:23:21.379 [SECURITY_AUDIT] WARN  - [ACCESS_DENIED] username=yuhhna2907 requestedUrl=/ws/info ip=0:0:0:0:0:0:0:1
2026-04-24 14:23:26.414 [SECURITY_AUDIT] WARN  - [ACCESS_DENIED] username=yuhhna2907 requestedUrl=/ws/info ip=0:0:0:0:0:0:0:1
2026-04-24 14:23:31.450 [SECURITY_AUDIT] WARN  - [ACCESS_DENIED] username=yuhhna2907 requestedUrl=/ws/info ip=0:0:0:0:0:0:0:1
2026-04-24 14:23:36.481 [SECURITY_AUDIT] WARN  - [ACCESS_DENIED] username=yuhhna2907 requestedUrl=/ws/info ip=0:0:0:0:0:0:0:1
2026-04-24 14:23:41.511 [SECURITY_AUDIT] WARN  - [ACCESS_DENIED] username=yuhhna2907 requestedUrl=/ws/info ip=0:0:0:0:0:0:0:1
2026-04-24 14:23:46.547 [SECURITY_AUDIT] WARN  - [ACCESS_DENIED] username=yuhhna2907 requestedUrl=/ws/info ip=0:0:0:0:0:0:0:1
2026-04-24 14:23:51.589 [SECURITY_AUDIT] WARN  - [ACCESS_DENIED] username=yuhhna2907 requestedUrl=/ws/info ip=0:0:0:0:0:0:0:1
2026-04-24 14:23:56.623 [SECURITY_AUDIT] WARN  - [ACCESS_DENIED] username=yuhhna2907 requestedUrl=/ws/info ip=0:0:0:0:0:0:0:1
2026-04-24 14:24:01.647 [SECURITY_AUDIT] WARN  - [ACCESS_DENIED] username=yuhhna2907 requestedUrl=/ws/info ip=0:0:0:0:0:0:0:1
2026-04-24 14:24:06.686 [SECURITY_AUDIT] WARN  - [ACCESS_DENIED] username=yuhhna2907 requestedUrl=/ws/info ip=0:0:0:0:0:0:0:1
2026-04-24 14:24:11.724 [SECURITY_AUDIT] WARN  - [ACCESS_DENIED] username=yuhhna2907 requestedUrl=/ws/info ip=0:0:0:0:0:0:0:1
2026-04-24 14:24:16.773 [SECURITY_AUDIT] WARN  - [ACCESS_DENIED] username=yuhhna2907 requestedUrl=/ws/info ip=0:0:0:0:0:0:0:1
2026-04-24 14:24:21.823 [SECURITY_AUDIT] WARN  - [ACCESS_DENIED] username=yuhhna2907 requestedUrl=/ws/info ip=0:0:0:0:0:0:0:1
2026-04-24 14:24:26.860 [SECURITY_AUDIT] WARN  - [ACCESS_DENIED] username=yuhhna2907 requestedUrl=/ws/info ip=0:0:0:0:0:0:0:1
2026-04-24 14:24:31.891 [SECURITY_AUDIT] WARN  - [ACCESS_DENIED] username=yuhhna2907 requestedUrl=/ws/info ip=0:0:0:0:0:0:0:1
2026-04-24 14:24:58.679 [SECURITY_AUDIT] WARN  - [ACCESS_DENIED] username=yuhhna2907 requestedUrl=/ws/info ip=0:0:0:0:0:0:0:1
2026-04-24 14:25:58.491 [SECURITY_AUDIT] WARN  - [ACCESS_DENIED] username=yuhhna2907 requestedUrl=/ws/info ip=0:0:0:0:0:0:0:1
2026-04-24 14:26:04.225 [SECURITY_AUDIT] WARN  - [ACCESS_DENIED] username=yuhhna2907 requestedUrl=/ws/info ip=0:0:0:0:0:0:0:1
2026-04-24 14:26:10.221 [SECURITY_AUDIT] WARN  - [ACCESS_DENIED] username=yuhhna2907 requestedUrl=/ws/info ip=0:0:0:0:0:0:0:1
2026-04-24 14:26:16.214 [SECURITY_AUDIT] WARN  - [ACCESS_DENIED] username=yuhhna2907 requestedUrl=/ws/info ip=0:0:0:0:0:0:0:1
2026-04-24 14:26:21.143 [SECURITY_AUDIT] WARN  - [ACCESS_DENIED] username=yuhhna2907 requestedUrl=/user/saved-items ip=0:0:0:0:0:0:0:1
2026-04-24 14:26:21.824 [SECURITY_AUDIT] WARN  - [ACCESS_DENIED] username=yuhhna2907 requestedUrl=/ws/info ip=0:0:0:0:0:0:0:1
2026-04-24 14:26:23.204 [SECURITY_AUDIT] WARN  - [ACCESS_DENIED] username=yuhhna2907 requestedUrl=/ws/info ip=0:0:0:0:0:0:0:1
2026-04-24 14:26:28.250 [SECURITY_AUDIT] WARN  - [ACCESS_DENIED] username=yuhhna2907 requestedUrl=/ws/info ip=0:0:0:0:0:0:0:1
2026-04-24 14:26:33.204 [SECURITY_AUDIT] WARN  - [ACCESS_DENIED] username=yuhhna2907 requestedUrl=/user/saved-items ip=0:0:0:0:0:0:0:1
2026-04-24 14:26:33.293 [SECURITY_AUDIT] WARN  - [ACCESS_DENIED] username=yuhhna2907 requestedUrl=/ws/info ip=0:0:0:0:0:0:0:1
2026-04-24 14:26:38.370 [SECURITY_AUDIT] WARN  - [ACCESS_DENIED] username=yuhhna2907 requestedUrl=/ws/info ip=0:0:0:0:0:0:0:1
2026-04-24 14:26:43.407 [SECURITY_AUDIT] WARN  - [ACCESS_DENIED] username=yuhhna2907 requestedUrl=/ws/info ip=0:0:0:0:0:0:0:1
2026-04-24 14:26:48.438 [SECURITY_AUDIT] WARN  - [ACCESS_DENIED] username=yuhhna2907 requestedUrl=/ws/info ip=0:0:0:0:0:0:0:1
2026-04-24 14:26:53.479 [SECURITY_AUDIT] WARN  - [ACCESS_DENIED] username=yuhhna2907 requestedUrl=/ws/info ip=0:0:0:0:0:0:0:1
2026-04-24 14:26:58.520 [SECURITY_AUDIT] WARN  - [ACCESS_DENIED] username=yuhhna2907 requestedUrl=/ws/info ip=0:0:0:0:0:0:0:1
2026-04-24 14:27:03.564 [SECURITY_AUDIT] WARN  - [ACCESS_DENIED] username=yuhhna2907 requestedUrl=/ws/info ip=0:0:0:0:0:0:0:1
2026-04-24 14:27:08.598 [SECURITY_AUDIT] WARN  - [ACCESS_DENIED] username=yuhhna2907 requestedUrl=/ws/info ip=0:0:0:0:0:0:0:1
2026-04-24 14:27:13.636 [SECURITY_AUDIT] WARN  - [ACCESS_DENIED] username=yuhhna2907 requestedUrl=/ws/info ip=0:0:0:0:0:0:0:1
2026-04-24 14:27:18.669 [SECURITY_AUDIT] WARN  - [ACCESS_DENIED] username=yuhhna2907 requestedUrl=/ws/info ip=0:0:0:0:0:0:0:1
2026-04-24 14:27:23.716 [SECURITY_AUDIT] WARN  - [ACCESS_DENIED] username=yuhhna2907 requestedUrl=/ws/info ip=0:0:0:0:0:0:0:1
2026-04-24 14:27:28.785 [SECURITY_AUDIT] WARN  - [ACCESS_DENIED] username=yuhhna2907 requestedUrl=/ws/info ip=0:0:0:0:0:0:0:1
2026-04-24 14:27:33.815 [SECURITY_AUDIT] WARN  - [ACCESS_DENIED] username=yuhhna2907 requestedUrl=/ws/info ip=0:0:0:0:0:0:0:1
2026-04-24 14:27:38.853 [SECURITY_AUDIT] WARN  - [ACCESS_DENIED] username=yuhhna2907 requestedUrl=/ws/info ip=0:0:0:0:0:0:0:1
2026-04-24 14:27:43.968 [SECURITY_AUDIT] WARN  - [ACCESS_DENIED] username=yuhhna2907 requestedUrl=/ws/info ip=0:0:0:0:0:0:0:1
2026-04-24 14:27:48.998 [SECURITY_AUDIT] WARN  - [ACCESS_DENIED] username=yuhhna2907 requestedUrl=/ws/info ip=0:0:0:0:0:0:0:1
2026-04-24 14:27:54.039 [SECURITY_AUDIT] WARN  - [ACCESS_DENIED] username=yuhhna2907 requestedUrl=/ws/info ip=0:0:0:0:0:0:0:1
2026-04-24 14:27:59.086 [SECURITY_AUDIT] WARN  - [ACCESS_DENIED] username=yuhhna2907 requestedUrl=/ws/info ip=0:0:0:0:0:0:0:1
2026-04-24 14:28:04.119 [SECURITY_AUDIT] WARN  - [ACCESS_DENIED] username=yuhhna2907 requestedUrl=/ws/info ip=0:0:0:0:0:0:0:1
2026-04-24 14:28:09.170 [SECURITY_AUDIT] WARN  - [ACCESS_DENIED] username=yuhhna2907 requestedUrl=/ws/info ip=0:0:0:0:0:0:0:1
2026-04-24 14:28:14.217 [SECURITY_AUDIT] WARN  - [ACCESS_DENIED] username=yuhhna2907 requestedUrl=/ws/info ip=0:0:0:0:0:0:0:1
2026-04-24 14:28:19.253 [SECURITY_AUDIT] WARN  - [ACCESS_DENIED] username=yuhhna2907 requestedUrl=/ws/info ip=0:0:0:0:0:0:0:1
2026-04-24 14:28:24.305 [SECURITY_AUDIT] WARN  - [ACCESS_DENIED] username=yuhhna2907 requestedUrl=/ws/info ip=0:0:0:0:0:0:0:1
2026-04-24 14:28:46.358 [SECURITY_AUDIT] WARN  - [ACCESS_DENIED] username=yuhhna2907 requestedUrl=/ws/info ip=0:0:0:0:0:0:0:1
2026-04-24 14:29:23.200 [SECURITY_AUDIT] WARN  - [ACCESS_DENIED] username=yuhhna2907 requestedUrl=/ws/info ip=127.0.0.1
2026-04-24 14:29:28.316 [SECURITY_AUDIT] WARN  - [ACCESS_DENIED] username=yuhhna2907 requestedUrl=/ws/info ip=127.0.0.1
2026-04-24 14:29:33.381 [SECURITY_AUDIT] WARN  - [ACCESS_DENIED] username=yuhhna2907 requestedUrl=/ws/info ip=0:0:0:0:0:0:0:1
2026-04-24 14:30:31.989 [SECURITY_AUDIT] WARN  - [ACCESS_DENIED] username=yuhhna2907 requestedUrl=/ws/info ip=0:0:0:0:0:0:0:1
2026-04-24 14:30:38.692 [SECURITY_AUDIT] WARN  - [ACCESS_DENIED] username=yuhhna2907 requestedUrl=/ws/info ip=127.0.0.1
2026-04-24 14:30:44.213 [SECURITY_AUDIT] WARN  - [ACCESS_DENIED] username=yuhhna2907 requestedUrl=/ws/info ip=0:0:0:0:0:0:0:1
2026-04-24 14:30:49.251 [SECURITY_AUDIT] WARN  - [ACCESS_DENIED] username=yuhhna2907 requestedUrl=/ws/info ip=0:0:0:0:0:0:0:1
2026-04-24 14:30:51.105 [SECURITY_AUDIT] WARN  - [ACCESS_DENIED] username=yuhhna2907 requestedUrl=/user/saved-items ip=0:0:0:0:0:0:0:1
2026-04-24 14:30:51.311 [SECURITY_AUDIT] WARN  - [ACCESS_DENIED] username=yuhhna2907 requestedUrl=/ws/info ip=0:0:0:0:0:0:0:1
2026-04-24 14:30:52.162 [SECURITY_AUDIT] WARN  - [ACCESS_DENIED] username=yuhhna2907 requestedUrl=/ws/info ip=0:0:0:0:0:0:0:1
2026-04-24 14:30:57.259 [SECURITY_AUDIT] WARN  - [ACCESS_DENIED] username=yuhhna2907 requestedUrl=/ws/info ip=0:0:0:0:0:0:0:1
2026-04-24 14:31:02.295 [SECURITY_AUDIT] WARN  - [ACCESS_DENIED] username=yuhhna2907 requestedUrl=/ws/info ip=0:0:0:0:0:0:0:1
2026-04-24 14:31:02.682 [SECURITY_AUDIT] WARN  - [ACCESS_DENIED] username=yuhhna2907 requestedUrl=/user/saved-items ip=0:0:0:0:0:0:0:1
2026-04-24 14:31:02.791 [SECURITY_AUDIT] WARN  - [ACCESS_DENIED] username=yuhhna2907 requestedUrl=/ws/info ip=0:0:0:0:0:0:0:1
2026-04-24 14:31:07.859 [SECURITY_AUDIT] WARN  - [ACCESS_DENIED] username=yuhhna2907 requestedUrl=/ws/info ip=0:0:0:0:0:0:0:1
2026-04-24 14:31:12.892 [SECURITY_AUDIT] WARN  - [ACCESS_DENIED] username=yuhhna2907 requestedUrl=/ws/info ip=0:0:0:0:0:0:0:1
2026-04-24 14:31:17.926 [SECURITY_AUDIT] WARN  - [ACCESS_DENIED] username=yuhhna2907 requestedUrl=/ws/info ip=0:0:0:0:0:0:0:1
2026-04-24 14:31:22.962 [SECURITY_AUDIT] WARN  - [ACCESS_DENIED] username=yuhhna2907 requestedUrl=/ws/info ip=0:0:0:0:0:0:0:1
2026-04-24 14:31:28.022 [SECURITY_AUDIT] WARN  - [ACCESS_DENIED] username=yuhhna2907 requestedUrl=/ws/info ip=0:0:0:0:0:0:0:1
2026-04-24 14:31:33.055 [SECURITY_AUDIT] WARN  - [ACCESS_DENIED] username=yuhhna2907 requestedUrl=/ws/info ip=0:0:0:0:0:0:0:1
2026-04-24 14:31:38.088 [SECURITY_AUDIT] WARN  - [ACCESS_DENIED] username=yuhhna2907 requestedUrl=/ws/info ip=0:0:0:0:0:0:0:1
2026-04-24 14:31:43.141 [SECURITY_AUDIT] WARN  - [ACCESS_DENIED] username=yuhhna2907 requestedUrl=/ws/info ip=0:0:0:0:0:0:0:1
2026-04-24 14:31:48.189 [SECURITY_AUDIT] WARN  - [ACCESS_DENIED] username=yuhhna2907 requestedUrl=/ws/info ip=0:0:0:0:0:0:0:1
2026-04-24 14:31:53.234 [SECURITY_AUDIT] WARN  - [ACCESS_DENIED] username=yuhhna2907 requestedUrl=/ws/info ip=0:0:0:0:0:0:0:1
2026-04-24 14:31:58.291 [SECURITY_AUDIT] WARN  - [ACCESS_DENIED] username=yuhhna2907 requestedUrl=/ws/info ip=0:0:0:0:0:0:0:1
2026-04-24 14:32:03.326 [SECURITY_AUDIT] WARN  - [ACCESS_DENIED] username=yuhhna2907 requestedUrl=/ws/info ip=0:0:0:0:0:0:0:1
2026-04-24 14:32:08.420 [SECURITY_AUDIT] WARN  - [ACCESS_DENIED] username=yuhhna2907 requestedUrl=/ws/info ip=0:0:0:0:0:0:0:1
2026-04-24 14:32:13.492 [SECURITY_AUDIT] WARN  - [ACCESS_DENIED] username=yuhhna2907 requestedUrl=/ws/info ip=0:0:0:0:0:0:0:1
2026-04-24 14:32:18.524 [SECURITY_AUDIT] WARN  - [ACCESS_DENIED] username=yuhhna2907 requestedUrl=/ws/info ip=0:0:0:0:0:0:0:1
2026-04-24 14:32:23.557 [SECURITY_AUDIT] WARN  - [ACCESS_DENIED] username=yuhhna2907 requestedUrl=/ws/info ip=0:0:0:0:0:0:0:1
2026-04-24 14:32:28.608 [SECURITY_AUDIT] WARN  - [ACCESS_DENIED] username=yuhhna2907 requestedUrl=/ws/info ip=0:0:0:0:0:0:0:1
2026-04-24 14:32:33.738 [SECURITY_AUDIT] WARN  - [ACCESS_DENIED] username=yuhhna2907 requestedUrl=/ws/info ip=0:0:0:0:0:0:0:1
2026-04-24 14:32:39.207 [SECURITY_AUDIT] WARN  - [ACCESS_DENIED] username=yuhhna2907 requestedUrl=/ws/info ip=0:0:0:0:0:0:0:1
2026-04-24 14:32:44.241 [SECURITY_AUDIT] WARN  - [ACCESS_DENIED] username=yuhhna2907 requestedUrl=/ws/info ip=0:0:0:0:0:0:0:1
2026-04-24 14:32:49.286 [SECURITY_AUDIT] WARN  - [ACCESS_DENIED] username=yuhhna2907 requestedUrl=/ws/info ip=0:0:0:0:0:0:0:1
2026-04-24 14:32:54.331 [SECURITY_AUDIT] WARN  - [ACCESS_DENIED] username=yuhhna2907 requestedUrl=/ws/info ip=0:0:0:0:0:0:0:1
2026-04-24 14:32:59.371 [SECURITY_AUDIT] WARN  - [ACCESS_DENIED] username=yuhhna2907 requestedUrl=/ws/info ip=0:0:0:0:0:0:0:1
2026-04-24 14:33:13.070 [SECURITY_AUDIT] WARN  - [ACCESS_DENIED] username=yuhhna2907 requestedUrl=/ws/info ip=0:0:0:0:0:0:0:1
2026-04-24 14:33:32.856 [SECURITY_AUDIT] WARN  - [ACCESS_DENIED] username=yuhhna2907 requestedUrl=/ws/info ip=0:0:0:0:0:0:0:1
2026-04-24 14:34:55.496 [SECURITY_AUDIT] WARN  - [ACCESS_DENIED] username=yuhhna2907 requestedUrl=/ws/info ip=0:0:0:0:0:0:0:1
2026-04-24 14:35:11.263 [SECURITY_AUDIT] WARN  - [ACCESS_DENIED] username=yuhhna2907 requestedUrl=/ws/info ip=0:0:0:0:0:0:0:1
2026-04-24 14:35:17.209 [SECURITY_AUDIT] WARN  - [ACCESS_DENIED] username=yuhhna2907 requestedUrl=/ws/info ip=0:0:0:0:0:0:0:1
2026-04-24 14:35:24.998 [SECURITY_AUDIT] WARN  - [ACCESS_DENIED] username=yuhhna2907 requestedUrl=/ws/info ip=0:0:0:0:0:0:0:1
2026-04-24 14:35:31.212 [SECURITY_AUDIT] WARN  - [ACCESS_DENIED] username=yuhhna2907 requestedUrl=/ws/info ip=0:0:0:0:0:0:0:1
2026-04-24 14:35:37.585 [SECURITY_AUDIT] WARN  - [ACCESS_DENIED] username=yuhhna2907 requestedUrl=/ws/info ip=0:0:0:0:0:0:0:1
2026-04-24 14:35:44.236 [SECURITY_AUDIT] WARN  - [ACCESS_DENIED] username=yuhhna2907 requestedUrl=/ws/info ip=0:0:0:0:0:0:0:1
2026-04-24 14:35:50.220 [SECURITY_AUDIT] WARN  - [ACCESS_DENIED] username=yuhhna2907 requestedUrl=/ws/info ip=0:0:0:0:0:0:0:1
2026-04-24 14:35:58.408 [SECURITY_AUDIT] WARN  - [ACCESS_DENIED] username=yuhhna2907 requestedUrl=/ws/info ip=0:0:0:0:0:0:0:1
2026-04-24 14:37:56.092 [SECURITY_AUDIT] WARN  - [ACCESS_DENIED] username=yuhhna2907 requestedUrl=/ws/info ip=0:0:0:0:0:0:0:1
2026-04-24 14:38:02.210 [SECURITY_AUDIT] WARN  - [ACCESS_DENIED] username=yuhhna2907 requestedUrl=/ws/info ip=0:0:0:0:0:0:0:1
2026-04-24 14:38:08.205 [SECURITY_AUDIT] WARN  - [ACCESS_DENIED] username=yuhhna2907 requestedUrl=/ws/info ip=0:0:0:0:0:0:0:1
2026-04-24 14:38:13.245 [SECURITY_AUDIT] WARN  - [ACCESS_DENIED] username=yuhhna2907 requestedUrl=/ws/info ip=0:0:0:0:0:0:0:1
2026-04-24 14:38:15.051 [SECURITY_AUDIT] WARN  - [ACCESS_DENIED] username=yuhhna2907 requestedUrl=/user/saved-items ip=0:0:0:0:0:0:0:1
2026-04-24 14:38:15.657 [SECURITY_AUDIT] WARN  - [ACCESS_DENIED] username=yuhhna2907 requestedUrl=/ws/info ip=0:0:0:0:0:0:0:1
2026-04-24 14:38:16.225 [SECURITY_AUDIT] WARN  - [ACCESS_DENIED] username=yuhhna2907 requestedUrl=/ws/info ip=0:0:0:0:0:0:0:1
2026-04-24 14:38:21.326 [SECURITY_AUDIT] WARN  - [ACCESS_DENIED] username=yuhhna2907 requestedUrl=/ws/info ip=0:0:0:0:0:0:0:1
2026-04-24 14:38:26.370 [SECURITY_AUDIT] WARN  - [ACCESS_DENIED] username=yuhhna2907 requestedUrl=/ws/info ip=0:0:0:0:0:0:0:1
2026-04-24 14:38:29.727 [SECURITY_AUDIT] WARN  - [ACCESS_DENIED] username=yuhhna2907 requestedUrl=/user/saved-items ip=0:0:0:0:0:0:0:1
2026-04-24 14:38:29.831 [SECURITY_AUDIT] WARN  - [ACCESS_DENIED] username=yuhhna2907 requestedUrl=/ws/info ip=0:0:0:0:0:0:0:1
2026-04-24 14:38:35.041 [SECURITY_AUDIT] WARN  - [ACCESS_DENIED] username=yuhhna2907 requestedUrl=/ws/info ip=0:0:0:0:0:0:0:1
2026-04-24 14:38:40.082 [SECURITY_AUDIT] WARN  - [ACCESS_DENIED] username=yuhhna2907 requestedUrl=/ws/info ip=0:0:0:0:0:0:0:1
2026-04-24 14:38:45.168 [SECURITY_AUDIT] WARN  - [ACCESS_DENIED] username=yuhhna2907 requestedUrl=/ws/info ip=0:0:0:0:0:0:0:1
2026-04-24 14:38:50.500 [SECURITY_AUDIT] WARN  - [ACCESS_DENIED] username=yuhhna2907 requestedUrl=/ws/info ip=0:0:0:0:0:0:0:1
2026-04-24 14:38:55.526 [SECURITY_AUDIT] WARN  - [ACCESS_DENIED] username=yuhhna2907 requestedUrl=/ws/info ip=0:0:0:0:0:0:0:1
2026-04-24 14:39:00.567 [SECURITY_AUDIT] WARN  - [ACCESS_DENIED] username=yuhhna2907 requestedUrl=/ws/info ip=0:0:0:0:0:0:0:1
2026-04-24 14:39:05.606 [SECURITY_AUDIT] WARN  - [ACCESS_DENIED] username=yuhhna2907 requestedUrl=/ws/info ip=0:0:0:0:0:0:0:1
2026-04-24 14:39:10.653 [SECURITY_AUDIT] WARN  - [ACCESS_DENIED] username=yuhhna2907 requestedUrl=/ws/info ip=0:0:0:0:0:0:0:1
2026-04-24 14:39:15.710 [SECURITY_AUDIT] WARN  - [ACCESS_DENIED] username=yuhhna2907 requestedUrl=/ws/info ip=0:0:0:0:0:0:0:1
2026-04-24 14:39:20.750 [SECURITY_AUDIT] WARN  - [ACCESS_DENIED] username=yuhhna2907 requestedUrl=/ws/info ip=0:0:0:0:0:0:0:1
2026-04-24 14:39:25.789 [SECURITY_AUDIT] WARN  - [ACCESS_DENIED] username=yuhhna2907 requestedUrl=/ws/info ip=0:0:0:0:0:0:0:1
2026-04-24 14:39:30.831 [SECURITY_AUDIT] WARN  - [ACCESS_DENIED] username=yuhhna2907 requestedUrl=/ws/info ip=0:0:0:0:0:0:0:1
2026-04-24 14:39:35.867 [SECURITY_AUDIT] WARN  - [ACCESS_DENIED] username=yuhhna2907 requestedUrl=/ws/info ip=0:0:0:0:0:0:0:1
2026-04-24 14:39:40.911 [SECURITY_AUDIT] WARN  - [ACCESS_DENIED] username=yuhhna2907 requestedUrl=/ws/info ip=0:0:0:0:0:0:0:1
2026-04-24 14:39:45.944 [SECURITY_AUDIT] WARN  - [ACCESS_DENIED] username=yuhhna2907 requestedUrl=/ws/info ip=0:0:0:0:0:0:0:1
2026-04-24 14:39:51.004 [SECURITY_AUDIT] WARN  - [ACCESS_DENIED] username=yuhhna2907 requestedUrl=/ws/info ip=0:0:0:0:0:0:0:1
2026-04-24 14:39:56.035 [SECURITY_AUDIT] WARN  - [ACCESS_DENIED] username=yuhhna2907 requestedUrl=/ws/info ip=0:0:0:0:0:0:0:1
2026-04-24 14:40:01.117 [SECURITY_AUDIT] WARN  - [ACCESS_DENIED] username=yuhhna2907 requestedUrl=/ws/info ip=0:0:0:0:0:0:0:1
2026-04-24 14:40:06.174 [SECURITY_AUDIT] WARN  - [ACCESS_DENIED] username=yuhhna2907 requestedUrl=/ws/info ip=0:0:0:0:0:0:0:1
2026-04-24 14:40:11.201 [SECURITY_AUDIT] WARN  - [ACCESS_DENIED] username=yuhhna2907 requestedUrl=/ws/info ip=0:0:0:0:0:0:0:1
2026-04-24 14:40:16.244 [SECURITY_AUDIT] WARN  - [ACCESS_DENIED] username=yuhhna2907 requestedUrl=/ws/info ip=0:0:0:0:0:0:0:1
2026-04-24 14:40:21.363 [SECURITY_AUDIT] WARN  - [ACCESS_DENIED] username=yuhhna2907 requestedUrl=/ws/info ip=0:0:0:0:0:0:0:1
2026-04-24 14:40:26.468 [SECURITY_AUDIT] WARN  - [ACCESS_DENIED] username=yuhhna2907 requestedUrl=/ws/info ip=0:0:0:0:0:0:0:1
2026-04-24 14:40:31.596 [SECURITY_AUDIT] WARN  - [ACCESS_DENIED] username=yuhhna2907 requestedUrl=/ws/info ip=0:0:0:0:0:0:0:1
2026-04-24 14:41:00.405 [SECURITY_AUDIT] WARN  - [ACCESS_DENIED] username=yuhhna2907 requestedUrl=/ws/info ip=0:0:0:0:0:0:0:1
2026-04-24 14:41:26.287 [SECURITY_AUDIT] WARN  - [ACCESS_DENIED] username=yuhhna2907 requestedUrl=/ws/info ip=0:0:0:0:0:0:0:1
2026-04-24 14:42:11.939 [SECURITY_AUDIT] WARN  - [ACCESS_DENIED] username=yuhhna2907 requestedUrl=/ws/info ip=0:0:0:0:0:0:0:1
2026-04-24 14:42:13.606 [SECURITY_AUDIT] WARN  - [ACCESS_DENIED] username=yuhhna2907 requestedUrl=/user/saved-items ip=0:0:0:0:0:0:0:1
2026-04-24 14:42:14.181 [SECURITY_AUDIT] WARN  - [ACCESS_DENIED] username=yuhhna2907 requestedUrl=/ws/info ip=0:0:0:0:0:0:0:1
2026-04-24 14:42:15.953 [SECURITY_AUDIT] WARN  - [ACCESS_DENIED] username=yuhhna2907 requestedUrl=/ws/info ip=0:0:0:0:0:0:0:1
2026-04-24 14:42:21.034 [SECURITY_AUDIT] WARN  - [ACCESS_DENIED] username=yuhhna2907 requestedUrl=/ws/info ip=0:0:0:0:0:0:0:1
2026-04-24 14:42:25.561 [SECURITY_AUDIT] WARN  - [ACCESS_DENIED] username=yuhhna2907 requestedUrl=/user/saved-items ip=0:0:0:0:0:0:0:1
2026-04-24 14:42:25.675 [SECURITY_AUDIT] WARN  - [ACCESS_DENIED] username=yuhhna2907 requestedUrl=/ws/info ip=0:0:0:0:0:0:0:1
2026-04-24 14:42:30.892 [SECURITY_AUDIT] WARN  - [ACCESS_DENIED] username=yuhhna2907 requestedUrl=/ws/info ip=0:0:0:0:0:0:0:1
2026-04-24 14:42:36.212 [SECURITY_AUDIT] WARN  - [ACCESS_DENIED] username=yuhhna2907 requestedUrl=/ws/info ip=0:0:0:0:0:0:0:1
2026-04-24 14:42:42.210 [SECURITY_AUDIT] WARN  - [ACCESS_DENIED] username=yuhhna2907 requestedUrl=/ws/info ip=0:0:0:0:0:0:0:1
2026-04-24 14:42:48.209 [SECURITY_AUDIT] WARN  - [ACCESS_DENIED] username=yuhhna2907 requestedUrl=/ws/info ip=0:0:0:0:0:0:0:1
2026-04-24 14:42:54.215 [SECURITY_AUDIT] WARN  - [ACCESS_DENIED] username=yuhhna2907 requestedUrl=/ws/info ip=0:0:0:0:0:0:0:1
2026-04-24 14:43:00.210 [SECURITY_AUDIT] WARN  - [ACCESS_DENIED] username=yuhhna2907 requestedUrl=/ws/info ip=0:0:0:0:0:0:0:1
2026-04-24 14:43:06.206 [SECURITY_AUDIT] WARN  - [ACCESS_DENIED] username=yuhhna2907 requestedUrl=/ws/info ip=0:0:0:0:0:0:0:1
2026-04-24 14:43:12.218 [SECURITY_AUDIT] WARN  - [ACCESS_DENIED] username=yuhhna2907 requestedUrl=/ws/info ip=0:0:0:0:0:0:0:1
2026-04-24 14:43:18.208 [SECURITY_AUDIT] WARN  - [ACCESS_DENIED] username=yuhhna2907 requestedUrl=/ws/info ip=0:0:0:0:0:0:0:1
2026-04-24 14:43:24.205 [SECURITY_AUDIT] WARN  - [ACCESS_DENIED] username=yuhhna2907 requestedUrl=/ws/info ip=0:0:0:0:0:0:0:1
2026-04-24 14:44:02.578 [SECURITY_AUDIT] WARN  - [ACCESS_DENIED] username=yuhhna2907 requestedUrl=/ws/info ip=0:0:0:0:0:0:0:1
2026-04-24 14:44:08.220 [SECURITY_AUDIT] WARN  - [ACCESS_DENIED] username=yuhhna2907 requestedUrl=/ws/info ip=0:0:0:0:0:0:0:1
2026-04-24 14:44:14.282 [SECURITY_AUDIT] WARN  - [ACCESS_DENIED] username=yuhhna2907 requestedUrl=/ws/info ip=0:0:0:0:0:0:0:1
2026-04-24 14:44:20.240 [SECURITY_AUDIT] WARN  - [ACCESS_DENIED] username=yuhhna2907 requestedUrl=/ws/info ip=0:0:0:0:0:0:0:1
2026-04-24 14:44:26.215 [SECURITY_AUDIT] WARN  - [ACCESS_DENIED] username=yuhhna2907 requestedUrl=/ws/info ip=0:0:0:0:0:0:0:1
2026-04-24 14:44:32.208 [SECURITY_AUDIT] WARN  - [ACCESS_DENIED] username=yuhhna2907 requestedUrl=/ws/info ip=0:0:0:0:0:0:0:1
2026-04-24 14:44:38.207 [SECURITY_AUDIT] WARN  - [ACCESS_DENIED] username=yuhhna2907 requestedUrl=/ws/info ip=0:0:0:0:0:0:0:1
2026-04-24 14:44:44.212 [SECURITY_AUDIT] WARN  - [ACCESS_DENIED] username=yuhhna2907 requestedUrl=/ws/info ip=0:0:0:0:0:0:0:1
2026-04-24 14:44:50.209 [SECURITY_AUDIT] WARN  - [ACCESS_DENIED] username=yuhhna2907 requestedUrl=/ws/info ip=0:0:0:0:0:0:0:1
2026-04-24 14:44:56.209 [SECURITY_AUDIT] WARN  - [ACCESS_DENIED] username=yuhhna2907 requestedUrl=/ws/info ip=0:0:0:0:0:0:0:1
2026-04-24 14:45:02.213 [SECURITY_AUDIT] WARN  - [ACCESS_DENIED] username=yuhhna2907 requestedUrl=/ws/info ip=0:0:0:0:0:0:0:1
2026-04-24 14:45:08.211 [SECURITY_AUDIT] WARN  - [ACCESS_DENIED] username=yuhhna2907 requestedUrl=/ws/info ip=0:0:0:0:0:0:0:1
2026-04-24 14:45:14.214 [SECURITY_AUDIT] WARN  - [ACCESS_DENIED] username=yuhhna2907 requestedUrl=/ws/info ip=0:0:0:0:0:0:0:1
2026-04-24 14:45:20.210 [SECURITY_AUDIT] WARN  - [ACCESS_DENIED] username=yuhhna2907 requestedUrl=/ws/info ip=0:0:0:0:0:0:0:1
2026-04-24 14:45:26.203 [SECURITY_AUDIT] WARN  - [ACCESS_DENIED] username=yuhhna2907 requestedUrl=/ws/info ip=0:0:0:0:0:0:0:1
2026-04-24 14:45:56.450 [SECURITY_AUDIT] WARN  - [ACCESS_DENIED] username=yuhhna2907 requestedUrl=/ws/info ip=0:0:0:0:0:0:0:1
2026-04-24 14:46:02.212 [SECURITY_AUDIT] WARN  - [ACCESS_DENIED] username=yuhhna2907 requestedUrl=/ws/info ip=0:0:0:0:0:0:0:1
2026-04-24 14:46:07.639 [SECURITY_AUDIT] WARN  - [ACCESS_DENIED] username=yuhhna2907 requestedUrl=/ws/info ip=0:0:0:0:0:0:0:1
2026-04-24 14:46:10.735 [SECURITY_AUDIT] WARN  - [ACCESS_DENIED] username=yuhhna2907 requestedUrl=/user/saved-items ip=0:0:0:0:0:0:0:1
2026-04-24 14:46:11.638 [SECURITY_AUDIT] WARN  - [ACCESS_DENIED] username=yuhhna2907 requestedUrl=/ws/info ip=0:0:0:0:0:0:0:1
2026-04-24 14:46:16.760 [SECURITY_AUDIT] WARN  - [ACCESS_DENIED] username=yuhhna2907 requestedUrl=/ws/info ip=0:0:0:0:0:0:0:1
2026-04-24 14:46:19.127 [SECURITY_AUDIT] WARN  - [ACCESS_DENIED] username=yuhhna2907 requestedUrl=/user/saved-items ip=0:0:0:0:0:0:0:1
2026-04-24 14:46:19.245 [SECURITY_AUDIT] WARN  - [ACCESS_DENIED] username=yuhhna2907 requestedUrl=/ws/info ip=0:0:0:0:0:0:0:1
2026-04-24 14:46:24.308 [SECURITY_AUDIT] WARN  - [ACCESS_DENIED] username=yuhhna2907 requestedUrl=/ws/info ip=0:0:0:0:0:0:0:1
2026-04-24 14:46:29.349 [SECURITY_AUDIT] WARN  - [ACCESS_DENIED] username=yuhhna2907 requestedUrl=/ws/info ip=0:0:0:0:0:0:0:1
2026-04-24 14:46:34.389 [SECURITY_AUDIT] WARN  - [ACCESS_DENIED] username=yuhhna2907 requestedUrl=/ws/info ip=0:0:0:0:0:0:0:1
2026-04-24 14:46:39.427 [SECURITY_AUDIT] WARN  - [ACCESS_DENIED] username=yuhhna2907 requestedUrl=/ws/info ip=0:0:0:0:0:0:0:1
2026-04-24 14:46:44.466 [SECURITY_AUDIT] WARN  - [ACCESS_DENIED] username=yuhhna2907 requestedUrl=/ws/info ip=0:0:0:0:0:0:0:1
2026-04-24 14:46:49.506 [SECURITY_AUDIT] WARN  - [ACCESS_DENIED] username=yuhhna2907 requestedUrl=/ws/info ip=0:0:0:0:0:0:0:1
2026-04-24 14:46:54.539 [SECURITY_AUDIT] WARN  - [ACCESS_DENIED] username=yuhhna2907 requestedUrl=/ws/info ip=0:0:0:0:0:0:0:1
2026-04-24 14:46:59.599 [SECURITY_AUDIT] WARN  - [ACCESS_DENIED] username=yuhhna2907 requestedUrl=/ws/info ip=0:0:0:0:0:0:0:1
2026-04-24 14:47:04.641 [SECURITY_AUDIT] WARN  - [ACCESS_DENIED] username=yuhhna2907 requestedUrl=/ws/info ip=0:0:0:0:0:0:0:1
2026-04-24 14:47:09.681 [SECURITY_AUDIT] WARN  - [ACCESS_DENIED] username=yuhhna2907 requestedUrl=/ws/info ip=0:0:0:0:0:0:0:1
2026-04-24 14:47:15.204 [SECURITY_AUDIT] WARN  - [ACCESS_DENIED] username=yuhhna2907 requestedUrl=/ws/info ip=0:0:0:0:0:0:0:1
2026-04-24 14:47:35.227 [SECURITY_AUDIT] WARN  - [ACCESS_DENIED] username=yuhhna2907 requestedUrl=/ws/info ip=0:0:0:0:0:0:0:1
2026-04-24 14:48:11.456 [SECURITY_AUDIT] WARN  - [ACCESS_DENIED] username=yuhhna2907 requestedUrl=/ws/info ip=0:0:0:0:0:0:0:1
2026-04-24 14:48:33.220 [SECURITY_AUDIT] WARN  - [ACCESS_DENIED] username=yuhhna2907 requestedUrl=/ws/info ip=0:0:0:0:0:0:0:1
2026-04-24 14:48:39.211 [SECURITY_AUDIT] WARN  - [ACCESS_DENIED] username=yuhhna2907 requestedUrl=/ws/info ip=0:0:0:0:0:0:0:1
2026-04-24 14:48:45.209 [SECURITY_AUDIT] WARN  - [ACCESS_DENIED] username=yuhhna2907 requestedUrl=/ws/info ip=0:0:0:0:0:0:0:1
2026-04-24 14:48:51.203 [SECURITY_AUDIT] WARN  - [ACCESS_DENIED] username=yuhhna2907 requestedUrl=/ws/info ip=0:0:0:0:0:0:0:1
2026-04-24 14:49:21.409 [SECURITY_AUDIT] WARN  - [ACCESS_DENIED] username=yuhhna2907 requestedUrl=/ws/info ip=0:0:0:0:0:0:0:1
2026-04-24 14:49:27.220 [SECURITY_AUDIT] WARN  - [ACCESS_DENIED] username=yuhhna2907 requestedUrl=/ws/info ip=0:0:0:0:0:0:0:1
2026-04-24 14:49:33.206 [SECURITY_AUDIT] WARN  - [ACCESS_DENIED] username=yuhhna2907 requestedUrl=/ws/info ip=0:0:0:0:0:0:0:1
2026-04-24 14:49:39.214 [SECURITY_AUDIT] WARN  - [ACCESS_DENIED] username=yuhhna2907 requestedUrl=/ws/info ip=0:0:0:0:0:0:0:1
2026-04-24 14:49:45.218 [SECURITY_AUDIT] WARN  - [ACCESS_DENIED] username=yuhhna2907 requestedUrl=/ws/info ip=0:0:0:0:0:0:0:1
2026-04-24 14:49:51.207 [SECURITY_AUDIT] WARN  - [ACCESS_DENIED] username=yuhhna2907 requestedUrl=/ws/info ip=0:0:0:0:0:0:0:1
2026-04-24 14:49:57.216 [SECURITY_AUDIT] WARN  - [ACCESS_DENIED] username=yuhhna2907 requestedUrl=/ws/info ip=0:0:0:0:0:0:0:1
2026-04-24 14:50:03.209 [SECURITY_AUDIT] WARN  - [ACCESS_DENIED] username=yuhhna2907 requestedUrl=/ws/info ip=0:0:0:0:0:0:0:1
2026-04-24 14:50:09.208 [SECURITY_AUDIT] WARN  - [ACCESS_DENIED] username=yuhhna2907 requestedUrl=/ws/info ip=0:0:0:0:0:0:0:1
2026-04-24 14:50:15.205 [SECURITY_AUDIT] WARN  - [ACCESS_DENIED] username=yuhhna2907 requestedUrl=/ws/info ip=0:0:0:0:0:0:0:1
2026-04-24 14:50:21.217 [SECURITY_AUDIT] WARN  - [ACCESS_DENIED] username=yuhhna2907 requestedUrl=/ws/info ip=0:0:0:0:0:0:0:1
2026-04-24 14:50:27.211 [SECURITY_AUDIT] WARN  - [ACCESS_DENIED] username=yuhhna2907 requestedUrl=/ws/info ip=0:0:0:0:0:0:0:1
2026-04-24 14:50:33.203 [SECURITY_AUDIT] WARN  - [ACCESS_DENIED] username=yuhhna2907 requestedUrl=/ws/info ip=0:0:0:0:0:0:0:1
2026-04-24 14:50:39.207 [SECURITY_AUDIT] WARN  - [ACCESS_DENIED] username=yuhhna2907 requestedUrl=/ws/info ip=0:0:0:0:0:0:0:1
2026-04-24 14:50:45.209 [SECURITY_AUDIT] WARN  - [ACCESS_DENIED] username=yuhhna2907 requestedUrl=/ws/info ip=0:0:0:0:0:0:0:1
2026-04-24 14:50:51.203 [SECURITY_AUDIT] WARN  - [ACCESS_DENIED] username=yuhhna2907 requestedUrl=/ws/info ip=0:0:0:0:0:0:0:1
2026-04-24 14:50:57.201 [SECURITY_AUDIT] WARN  - [ACCESS_DENIED] username=yuhhna2907 requestedUrl=/ws/info ip=0:0:0:0:0:0:0:1
2026-04-24 14:51:03.211 [SECURITY_AUDIT] WARN  - [ACCESS_DENIED] username=yuhhna2907 requestedUrl=/ws/info ip=0:0:0:0:0:0:0:1
2026-04-24 14:51:09.209 [SECURITY_AUDIT] WARN  - [ACCESS_DENIED] username=yuhhna2907 requestedUrl=/ws/info ip=0:0:0:0:0:0:0:1
2026-04-24 14:51:11.740 [SECURITY_AUDIT] WARN  - [ACCESS_DENIED] username=yuhhna2907 requestedUrl=/user/saved-items ip=0:0:0:0:0:0:0:1
2026-04-24 14:51:12.294 [SECURITY_AUDIT] WARN  - [ACCESS_DENIED] username=yuhhna2907 requestedUrl=/ws/info ip=0:0:0:0:0:0:0:1
2026-04-24 14:51:12.718 [SECURITY_AUDIT] WARN  - [ACCESS_DENIED] username=yuhhna2907 requestedUrl=/ws/info ip=0:0:0:0:0:0:0:1
2026-04-24 14:51:17.783 [SECURITY_AUDIT] WARN  - [ACCESS_DENIED] username=yuhhna2907 requestedUrl=/ws/info ip=0:0:0:0:0:0:0:1
2026-04-24 14:51:22.486 [SECURITY_AUDIT] WARN  - [ACCESS_DENIED] username=yuhhna2907 requestedUrl=/user/saved-items ip=0:0:0:0:0:0:0:1
2026-04-24 14:51:22.575 [SECURITY_AUDIT] WARN  - [ACCESS_DENIED] username=yuhhna2907 requestedUrl=/ws/info ip=0:0:0:0:0:0:0:1
2026-04-24 14:51:27.650 [SECURITY_AUDIT] WARN  - [ACCESS_DENIED] username=yuhhna2907 requestedUrl=/ws/info ip=0:0:0:0:0:0:0:1
2026-04-24 14:51:32.689 [SECURITY_AUDIT] WARN  - [ACCESS_DENIED] username=yuhhna2907 requestedUrl=/ws/info ip=0:0:0:0:0:0:0:1
2026-04-24 14:51:37.733 [SECURITY_AUDIT] WARN  - [ACCESS_DENIED] username=yuhhna2907 requestedUrl=/ws/info ip=0:0:0:0:0:0:0:1
2026-04-24 14:51:42.771 [SECURITY_AUDIT] WARN  - [ACCESS_DENIED] username=yuhhna2907 requestedUrl=/ws/info ip=0:0:0:0:0:0:0:1
2026-04-24 14:51:47.816 [SECURITY_AUDIT] WARN  - [ACCESS_DENIED] username=yuhhna2907 requestedUrl=/ws/info ip=0:0:0:0:0:0:0:1
2026-04-24 14:51:52.860 [SECURITY_AUDIT] WARN  - [ACCESS_DENIED] username=yuhhna2907 requestedUrl=/ws/info ip=0:0:0:0:0:0:0:1
2026-04-24 14:51:58.203 [SECURITY_AUDIT] WARN  - [ACCESS_DENIED] username=yuhhna2907 requestedUrl=/ws/info ip=0:0:0:0:0:0:0:1
2026-04-24 14:52:04.206 [SECURITY_AUDIT] WARN  - [ACCESS_DENIED] username=yuhhna2907 requestedUrl=/ws/info ip=0:0:0:0:0:0:0:1
2026-04-24 14:52:10.210 [SECURITY_AUDIT] WARN  - [ACCESS_DENIED] username=yuhhna2907 requestedUrl=/ws/info ip=0:0:0:0:0:0:0:1
2026-04-24 14:52:16.206 [SECURITY_AUDIT] WARN  - [ACCESS_DENIED] username=yuhhna2907 requestedUrl=/ws/info ip=0:0:0:0:0:0:0:1
2026-04-24 14:52:22.212 [SECURITY_AUDIT] WARN  - [ACCESS_DENIED] username=yuhhna2907 requestedUrl=/ws/info ip=0:0:0:0:0:0:0:1
2026-04-24 14:52:28.204 [SECURITY_AUDIT] WARN  - [ACCESS_DENIED] username=yuhhna2907 requestedUrl=/ws/info ip=0:0:0:0:0:0:0:1
2026-04-24 14:52:34.219 [SECURITY_AUDIT] WARN  - [ACCESS_DENIED] username=yuhhna2907 requestedUrl=/ws/info ip=0:0:0:0:0:0:0:1
2026-04-24 14:52:40.220 [SECURITY_AUDIT] WARN  - [ACCESS_DENIED] username=yuhhna2907 requestedUrl=/ws/info ip=0:0:0:0:0:0:0:1
2026-04-24 14:52:46.201 [SECURITY_AUDIT] WARN  - [ACCESS_DENIED] username=yuhhna2907 requestedUrl=/ws/info ip=0:0:0:0:0:0:0:1
2026-04-24 14:52:52.206 [SECURITY_AUDIT] WARN  - [ACCESS_DENIED] username=yuhhna2907 requestedUrl=/ws/info ip=0:0:0:0:0:0:0:1
2026-04-24 14:52:58.209 [SECURITY_AUDIT] WARN  - [ACCESS_DENIED] username=yuhhna2907 requestedUrl=/ws/info ip=0:0:0:0:0:0:0:1
2026-04-24 14:53:04.207 [SECURITY_AUDIT] WARN  - [ACCESS_DENIED] username=yuhhna2907 requestedUrl=/ws/info ip=0:0:0:0:0:0:0:1
2026-04-24 14:53:10.204 [SECURITY_AUDIT] WARN  - [ACCESS_DENIED] username=yuhhna2907 requestedUrl=/ws/info ip=0:0:0:0:0:0:0:1
2026-04-24 14:53:16.531 [SECURITY_AUDIT] WARN  - [ACCESS_DENIED] username=yuhhna2907 requestedUrl=/ws/info ip=0:0:0:0:0:0:0:1
2026-04-24 14:53:22.206 [SECURITY_AUDIT] WARN  - [ACCESS_DENIED] username=yuhhna2907 requestedUrl=/ws/info ip=0:0:0:0:0:0:0:1
2026-04-24 14:53:28.211 [SECURITY_AUDIT] WARN  - [ACCESS_DENIED] username=yuhhna2907 requestedUrl=/ws/info ip=0:0:0:0:0:0:0:1
2026-04-24 14:53:58.231 [SECURITY_AUDIT] WARN  - [ACCESS_DENIED] username=yuhhna2907 requestedUrl=/ws/info ip=0:0:0:0:0:0:0:1
2026-04-24 14:54:04.222 [SECURITY_AUDIT] WARN  - [ACCESS_DENIED] username=yuhhna2907 requestedUrl=/ws/info ip=0:0:0:0:0:0:0:1
2026-04-24 14:54:36.259 [SECURITY_AUDIT] WARN  - [ACCESS_DENIED] username=yuhhna2907 requestedUrl=/ws/info ip=0:0:0:0:0:0:0:1
2026-04-24 14:54:42.206 [SECURITY_AUDIT] WARN  - [ACCESS_DENIED] username=yuhhna2907 requestedUrl=/ws/info ip=127.0.0.1
2026-04-24 14:54:46.501 [SECURITY_AUDIT] WARN  - [ACCESS_DENIED] username=yuhhna2907 requestedUrl=/ws/info ip=0:0:0:0:0:0:0:1
2026-04-24 14:54:51.613 [SECURITY_AUDIT] WARN  - [ACCESS_DENIED] username=yuhhna2907 requestedUrl=/ws/info ip=0:0:0:0:0:0:0:1
2026-04-24 14:54:52.291 [SECURITY_AUDIT] WARN  - [ACCESS_DENIED] username=yuhhna2907 requestedUrl=/user/coupons/wallet ip=0:0:0:0:0:0:0:1
2026-04-24 14:55:45.199 [SECURITY_AUDIT] WARN  - [ACCESS_DENIED] username=yuhhna2907 requestedUrl=/ws/info ip=0:0:0:0:0:0:0:1
2026-04-24 14:55:50.352 [SECURITY_AUDIT] WARN  - [ACCESS_DENIED] username=yuhhna2907 requestedUrl=/ws/info ip=0:0:0:0:0:0:0:1
2026-04-24 14:55:55.389 [SECURITY_AUDIT] WARN  - [ACCESS_DENIED] username=yuhhna2907 requestedUrl=/ws/info ip=0:0:0:0:0:0:0:1
2026-04-24 14:55:57.673 [SECURITY_AUDIT] WARN  - [ACCESS_DENIED] username=yuhhna2907 requestedUrl=/user/saved-items ip=0:0:0:0:0:0:0:1
2026-04-24 14:55:57.767 [SECURITY_AUDIT] WARN  - [ACCESS_DENIED] username=yuhhna2907 requestedUrl=/ws/info ip=0:0:0:0:0:0:0:1
2026-04-24 14:56:02.909 [SECURITY_AUDIT] WARN  - [ACCESS_DENIED] username=yuhhna2907 requestedUrl=/ws/info ip=0:0:0:0:0:0:0:1
2026-04-24 14:56:07.942 [SECURITY_AUDIT] WARN  - [ACCESS_DENIED] username=yuhhna2907 requestedUrl=/ws/info ip=0:0:0:0:0:0:0:1
2026-04-24 14:56:12.985 [SECURITY_AUDIT] WARN  - [ACCESS_DENIED] username=yuhhna2907 requestedUrl=/ws/info ip=0:0:0:0:0:0:0:1
2026-04-24 14:56:18.023 [SECURITY_AUDIT] WARN  - [ACCESS_DENIED] username=yuhhna2907 requestedUrl=/ws/info ip=0:0:0:0:0:0:0:1
2026-04-24 14:56:23.785 [SECURITY_AUDIT] WARN  - [ACCESS_DENIED] username=yuhhna2907 requestedUrl=/ws/info ip=0:0:0:0:0:0:0:1
2026-04-24 14:56:28.820 [SECURITY_AUDIT] WARN  - [ACCESS_DENIED] username=yuhhna2907 requestedUrl=/ws/info ip=0:0:0:0:0:0:0:1
2026-04-24 14:56:33.854 [SECURITY_AUDIT] WARN  - [ACCESS_DENIED] username=yuhhna2907 requestedUrl=/ws/info ip=0:0:0:0:0:0:0:1
2026-04-24 14:56:38.898 [SECURITY_AUDIT] WARN  - [ACCESS_DENIED] username=yuhhna2907 requestedUrl=/ws/info ip=0:0:0:0:0:0:0:1
2026-04-24 14:56:43.939 [SECURITY_AUDIT] WARN  - [ACCESS_DENIED] username=yuhhna2907 requestedUrl=/ws/info ip=0:0:0:0:0:0:0:1
2026-04-24 14:56:48.985 [SECURITY_AUDIT] WARN  - [ACCESS_DENIED] username=yuhhna2907 requestedUrl=/ws/info ip=0:0:0:0:0:0:0:1
2026-04-24 14:56:54.021 [SECURITY_AUDIT] WARN  - [ACCESS_DENIED] username=yuhhna2907 requestedUrl=/ws/info ip=0:0:0:0:0:0:0:1
2026-04-24 14:56:59.066 [SECURITY_AUDIT] WARN  - [ACCESS_DENIED] username=yuhhna2907 requestedUrl=/ws/info ip=0:0:0:0:0:0:0:1
2026-04-24 14:57:04.102 [SECURITY_AUDIT] WARN  - [ACCESS_DENIED] username=yuhhna2907 requestedUrl=/ws/info ip=0:0:0:0:0:0:0:1
2026-04-24 14:57:09.138 [SECURITY_AUDIT] WARN  - [ACCESS_DENIED] username=yuhhna2907 requestedUrl=/ws/info ip=0:0:0:0:0:0:0:1
2026-04-24 14:57:14.179 [SECURITY_AUDIT] WARN  - [ACCESS_DENIED] username=yuhhna2907 requestedUrl=/ws/info ip=0:0:0:0:0:0:0:1
2026-04-24 14:57:19.218 [SECURITY_AUDIT] WARN  - [ACCESS_DENIED] username=yuhhna2907 requestedUrl=/ws/info ip=0:0:0:0:0:0:0:1
2026-04-24 14:57:24.260 [SECURITY_AUDIT] WARN  - [ACCESS_DENIED] username=yuhhna2907 requestedUrl=/ws/info ip=0:0:0:0:0:0:0:1
2026-04-24 14:57:29.286 [SECURITY_AUDIT] WARN  - [ACCESS_DENIED] username=yuhhna2907 requestedUrl=/ws/info ip=0:0:0:0:0:0:0:1
2026-04-24 14:57:34.314 [SECURITY_AUDIT] WARN  - [ACCESS_DENIED] username=yuhhna2907 requestedUrl=/ws/info ip=0:0:0:0:0:0:0:1
2026-04-24 14:57:39.353 [SECURITY_AUDIT] WARN  - [ACCESS_DENIED] username=yuhhna2907 requestedUrl=/ws/info ip=0:0:0:0:0:0:0:1
2026-04-24 14:57:44.392 [SECURITY_AUDIT] WARN  - [ACCESS_DENIED] username=yuhhna2907 requestedUrl=/ws/info ip=0:0:0:0:0:0:0:1
2026-04-24 14:57:49.425 [SECURITY_AUDIT] WARN  - [ACCESS_DENIED] username=yuhhna2907 requestedUrl=/ws/info ip=0:0:0:0:0:0:0:1
2026-04-24 14:57:54.467 [SECURITY_AUDIT] WARN  - [ACCESS_DENIED] username=yuhhna2907 requestedUrl=/ws/info ip=0:0:0:0:0:0:0:1
2026-04-24 14:57:59.500 [SECURITY_AUDIT] WARN  - [ACCESS_DENIED] username=yuhhna2907 requestedUrl=/ws/info ip=0:0:0:0:0:0:0:1
2026-04-24 14:58:04.535 [SECURITY_AUDIT] WARN  - [ACCESS_DENIED] username=yuhhna2907 requestedUrl=/ws/info ip=0:0:0:0:0:0:0:1
2026-04-24 14:58:18.998 [SECURITY_AUDIT] WARN  - [ACCESS_DENIED] username=yuhhna2907 requestedUrl=/ws/info ip=0:0:0:0:0:0:0:1
2026-04-24 14:58:37.479 [SECURITY_AUDIT] WARN  - [ACCESS_DENIED] username=yuhhna2907 requestedUrl=/ws/info ip=0:0:0:0:0:0:0:1
2026-04-24 14:58:39.184 [SECURITY_AUDIT] WARN  - [ACCESS_DENIED] username=yuhhna2907 requestedUrl=/user/saved-items ip=0:0:0:0:0:0:0:1
2026-04-24 14:58:39.270 [SECURITY_AUDIT] WARN  - [ACCESS_DENIED] username=yuhhna2907 requestedUrl=/ws/info ip=0:0:0:0:0:0:0:1
2026-04-24 14:58:41.316 [SECURITY_AUDIT] WARN  - [ACCESS_DENIED] username=yuhhna2907 requestedUrl=/ws/info ip=0:0:0:0:0:0:0:1
2026-04-24 14:58:43.149 [SECURITY_AUDIT] WARN  - [ACCESS_DENIED] username=yuhhna2907 requestedUrl=/user/saved-items ip=0:0:0:0:0:0:0:1
2026-04-24 14:58:43.247 [SECURITY_AUDIT] WARN  - [ACCESS_DENIED] username=yuhhna2907 requestedUrl=/ws/info ip=0:0:0:0:0:0:0:1
2026-04-24 14:58:44.048 [SECURITY_AUDIT] WARN  - [ACCESS_DENIED] username=yuhhna2907 requestedUrl=/user/compare ip=0:0:0:0:0:0:0:1
2026-04-24 14:58:48.258 [SECURITY_AUDIT] WARN  - [ACCESS_DENIED] username=yuhhna2907 requestedUrl=/user/saved-items ip=0:0:0:0:0:0:0:1
2026-04-24 14:58:48.363 [SECURITY_AUDIT] WARN  - [ACCESS_DENIED] username=yuhhna2907 requestedUrl=/ws/info ip=0:0:0:0:0:0:0:1
2026-04-24 14:58:49.961 [SECURITY_AUDIT] WARN  - [ACCESS_DENIED] username=yuhhna2907 requestedUrl=/ws/info ip=0:0:0:0:0:0:0:1
2026-04-24 14:58:51.061 [SECURITY_AUDIT] WARN  - [ACCESS_DENIED] username=yuhhna2907 requestedUrl=/user/saved-items ip=0:0:0:0:0:0:0:1
2026-04-24 14:58:51.139 [SECURITY_AUDIT] WARN  - [ACCESS_DENIED] username=yuhhna2907 requestedUrl=/ws/info ip=0:0:0:0:0:0:0:1
2026-04-24 14:58:52.040 [SECURITY_AUDIT] WARN  - [ACCESS_DENIED] username=yuhhna2907 requestedUrl=/user/saved-items ip=0:0:0:0:0:0:0:1
2026-04-24 14:58:53.927 [SECURITY_AUDIT] WARN  - [ACCESS_DENIED] username=yuhhna2907 requestedUrl=/user/saved-items ip=0:0:0:0:0:0:0:1
2026-04-24 14:58:54.114 [SECURITY_AUDIT] WARN  - [ACCESS_DENIED] username=yuhhna2907 requestedUrl=/ws/info ip=0:0:0:0:0:0:0:1
2026-04-24 14:58:54.698 [SECURITY_AUDIT] WARN  - [ACCESS_DENIED] username=yuhhna2907 requestedUrl=/user/saved-items ip=0:0:0:0:0:0:0:1
2026-04-24 14:58:56.673 [SECURITY_AUDIT] WARN  - [ACCESS_DENIED] username=yuhhna2907 requestedUrl=/user/saved-items ip=0:0:0:0:0:0:0:1
2026-04-24 14:58:56.782 [SECURITY_AUDIT] WARN  - [ACCESS_DENIED] username=yuhhna2907 requestedUrl=/ws/info ip=0:0:0:0:0:0:0:1
2026-04-24 14:58:58.682 [SECURITY_AUDIT] WARN  - [ACCESS_DENIED] username=yuhhna2907 requestedUrl=/user/compare ip=0:0:0:0:0:0:0:1
2026-04-24 14:59:00.108 [SECURITY_AUDIT] WARN  - [ACCESS_DENIED] username=yuhhna2907 requestedUrl=/user/saved-items ip=0:0:0:0:0:0:0:1
2026-04-24 14:59:00.180 [SECURITY_AUDIT] WARN  - [ACCESS_DENIED] username=yuhhna2907 requestedUrl=/ws/info ip=0:0:0:0:0:0:0:1
2026-04-24 14:59:05.240 [SECURITY_AUDIT] WARN  - [ACCESS_DENIED] username=yuhhna2907 requestedUrl=/ws/info ip=0:0:0:0:0:0:0:1
2026-04-24 14:59:10.280 [SECURITY_AUDIT] WARN  - [ACCESS_DENIED] username=yuhhna2907 requestedUrl=/ws/info ip=0:0:0:0:0:0:0:1
2026-04-24 14:59:15.316 [SECURITY_AUDIT] WARN  - [ACCESS_DENIED] username=yuhhna2907 requestedUrl=/ws/info ip=0:0:0:0:0:0:0:1
2026-04-24 14:59:20.356 [SECURITY_AUDIT] WARN  - [ACCESS_DENIED] username=yuhhna2907 requestedUrl=/ws/info ip=0:0:0:0:0:0:0:1
2026-04-24 14:59:25.389 [SECURITY_AUDIT] WARN  - [ACCESS_DENIED] username=yuhhna2907 requestedUrl=/ws/info ip=0:0:0:0:0:0:0:1
2026-04-24 14:59:30.427 [SECURITY_AUDIT] WARN  - [ACCESS_DENIED] username=yuhhna2907 requestedUrl=/ws/info ip=0:0:0:0:0:0:0:1
2026-04-24 14:59:35.459 [SECURITY_AUDIT] WARN  - [ACCESS_DENIED] username=yuhhna2907 requestedUrl=/ws/info ip=0:0:0:0:0:0:0:1
2026-04-24 14:59:40.497 [SECURITY_AUDIT] WARN  - [ACCESS_DENIED] username=yuhhna2907 requestedUrl=/ws/info ip=0:0:0:0:0:0:0:1
2026-04-24 14:59:45.534 [SECURITY_AUDIT] WARN  - [ACCESS_DENIED] username=yuhhna2907 requestedUrl=/ws/info ip=0:0:0:0:0:0:0:1
2026-04-24 14:59:50.568 [SECURITY_AUDIT] WARN  - [ACCESS_DENIED] username=yuhhna2907 requestedUrl=/ws/info ip=0:0:0:0:0:0:0:1
2026-04-24 14:59:55.612 [SECURITY_AUDIT] WARN  - [ACCESS_DENIED] username=yuhhna2907 requestedUrl=/ws/info ip=0:0:0:0:0:0:0:1
2026-04-24 15:00:00.647 [SECURITY_AUDIT] WARN  - [ACCESS_DENIED] username=yuhhna2907 requestedUrl=/ws/info ip=0:0:0:0:0:0:0:1
2026-04-24 15:00:05.684 [SECURITY_AUDIT] WARN  - [ACCESS_DENIED] username=yuhhna2907 requestedUrl=/ws/info ip=0:0:0:0:0:0:0:1
2026-04-24 15:00:10.712 [SECURITY_AUDIT] WARN  - [ACCESS_DENIED] username=yuhhna2907 requestedUrl=/ws/info ip=0:0:0:0:0:0:0:1
2026-04-24 15:00:15.751 [SECURITY_AUDIT] WARN  - [ACCESS_DENIED] username=yuhhna2907 requestedUrl=/ws/info ip=0:0:0:0:0:0:0:1
2026-04-24 15:00:20.791 [SECURITY_AUDIT] WARN  - [ACCESS_DENIED] username=yuhhna2907 requestedUrl=/ws/info ip=0:0:0:0:0:0:0:1
2026-04-24 15:00:25.821 [SECURITY_AUDIT] WARN  - [ACCESS_DENIED] username=yuhhna2907 requestedUrl=/ws/info ip=0:0:0:0:0:0:0:1
2026-04-24 15:00:30.854 [SECURITY_AUDIT] WARN  - [ACCESS_DENIED] username=yuhhna2907 requestedUrl=/ws/info ip=0:0:0:0:0:0:0:1
2026-04-24 15:00:44.534 [SECURITY_AUDIT] WARN  - [ACCESS_DENIED] username=yuhhna2907 requestedUrl=/ws/info ip=0:0:0:0:0:0:0:1
2026-04-24 15:06:04.487 [SECURITY_AUDIT] WARN  - [ACCESS_DENIED] username=yuhhna2907 requestedUrl=/ws/info ip=0:0:0:0:0:0:0:1
2026-04-24 15:06:10.217 [SECURITY_AUDIT] WARN  - [ACCESS_DENIED] username=yuhhna2907 requestedUrl=/ws/info ip=0:0:0:0:0:0:0:1
2026-04-24 15:06:15.253 [SECURITY_AUDIT] WARN  - [ACCESS_DENIED] username=yuhhna2907 requestedUrl=/ws/info ip=0:0:0:0:0:0:0:1
2026-04-24 15:06:39.618 [SECURITY_AUDIT] WARN  - [ACCESS_DENIED] username=yuhhna2907 requestedUrl=/ws/info ip=0:0:0:0:0:0:0:1
2026-04-24 15:06:44.745 [SECURITY_AUDIT] WARN  - [ACCESS_DENIED] username=yuhhna2907 requestedUrl=/ws/info ip=127.0.0.1
2026-04-24 15:06:49.775 [SECURITY_AUDIT] WARN  - [ACCESS_DENIED] username=yuhhna2907 requestedUrl=/ws/info ip=0:0:0:0:0:0:0:1
2026-04-24 15:06:54.809 [SECURITY_AUDIT] WARN  - [ACCESS_DENIED] username=yuhhna2907 requestedUrl=/ws/info ip=0:0:0:0:0:0:0:1
2026-04-24 15:06:59.847 [SECURITY_AUDIT] WARN  - [ACCESS_DENIED] username=yuhhna2907 requestedUrl=/ws/info ip=0:0:0:0:0:0:0:1
2026-04-24 15:07:04.360 [SECURITY_AUDIT] WARN  - [ACCESS_DENIED] username=yuhhna2907 requestedUrl=/user/saved-items ip=0:0:0:0:0:0:0:1
2026-04-24 15:07:04.483 [SECURITY_AUDIT] WARN  - [ACCESS_DENIED] username=yuhhna2907 requestedUrl=/ws/info ip=0:0:0:0:0:0:0:1
2026-04-24 15:07:09.541 [SECURITY_AUDIT] WARN  - [ACCESS_DENIED] username=yuhhna2907 requestedUrl=/ws/info ip=0:0:0:0:0:0:0:1
2026-04-24 15:07:14.581 [SECURITY_AUDIT] WARN  - [ACCESS_DENIED] username=yuhhna2907 requestedUrl=/ws/info ip=0:0:0:0:0:0:0:1
2026-04-24 15:07:19.613 [SECURITY_AUDIT] WARN  - [ACCESS_DENIED] username=yuhhna2907 requestedUrl=/ws/info ip=0:0:0:0:0:0:0:1
2026-04-24 15:07:24.656 [SECURITY_AUDIT] WARN  - [ACCESS_DENIED] username=yuhhna2907 requestedUrl=/ws/info ip=0:0:0:0:0:0:0:1
2026-04-24 15:07:29.705 [SECURITY_AUDIT] WARN  - [ACCESS_DENIED] username=yuhhna2907 requestedUrl=/ws/info ip=0:0:0:0:0:0:0:1
2026-04-24 15:07:34.742 [SECURITY_AUDIT] WARN  - [ACCESS_DENIED] username=yuhhna2907 requestedUrl=/ws/info ip=0:0:0:0:0:0:0:1
2026-04-24 15:07:39.773 [SECURITY_AUDIT] WARN  - [ACCESS_DENIED] username=yuhhna2907 requestedUrl=/ws/info ip=0:0:0:0:0:0:0:1
2026-04-24 15:07:44.814 [SECURITY_AUDIT] WARN  - [ACCESS_DENIED] username=yuhhna2907 requestedUrl=/ws/info ip=0:0:0:0:0:0:0:1
2026-04-24 15:07:49.856 [SECURITY_AUDIT] WARN  - [ACCESS_DENIED] username=yuhhna2907 requestedUrl=/ws/info ip=0:0:0:0:0:0:0:1
2026-04-24 15:07:54.895 [SECURITY_AUDIT] WARN  - [ACCESS_DENIED] username=yuhhna2907 requestedUrl=/ws/info ip=0:0:0:0:0:0:0:1
2026-04-24 15:07:59.937 [SECURITY_AUDIT] WARN  - [ACCESS_DENIED] username=yuhhna2907 requestedUrl=/ws/info ip=0:0:0:0:0:0:0:1
2026-04-24 15:08:04.975 [SECURITY_AUDIT] WARN  - [ACCESS_DENIED] username=yuhhna2907 requestedUrl=/ws/info ip=0:0:0:0:0:0:0:1
2026-04-24 15:08:10.015 [SECURITY_AUDIT] WARN  - [ACCESS_DENIED] username=yuhhna2907 requestedUrl=/ws/info ip=0:0:0:0:0:0:0:1
2026-04-24 15:08:15.054 [SECURITY_AUDIT] WARN  - [ACCESS_DENIED] username=yuhhna2907 requestedUrl=/ws/info ip=0:0:0:0:0:0:0:1
2026-04-24 15:08:20.095 [SECURITY_AUDIT] WARN  - [ACCESS_DENIED] username=yuhhna2907 requestedUrl=/ws/info ip=0:0:0:0:0:0:0:1
2026-04-24 15:08:25.126 [SECURITY_AUDIT] WARN  - [ACCESS_DENIED] username=yuhhna2907 requestedUrl=/ws/info ip=0:0:0:0:0:0:0:1
2026-04-24 15:08:30.156 [SECURITY_AUDIT] WARN  - [ACCESS_DENIED] username=yuhhna2907 requestedUrl=/ws/info ip=0:0:0:0:0:0:0:1
2026-04-24 15:08:35.193 [SECURITY_AUDIT] WARN  - [ACCESS_DENIED] username=yuhhna2907 requestedUrl=/ws/info ip=0:0:0:0:0:0:0:1
2026-04-24 15:08:40.234 [SECURITY_AUDIT] WARN  - [ACCESS_DENIED] username=yuhhna2907 requestedUrl=/ws/info ip=0:0:0:0:0:0:0:1
2026-04-24 15:08:45.277 [SECURITY_AUDIT] WARN  - [ACCESS_DENIED] username=yuhhna2907 requestedUrl=/ws/info ip=0:0:0:0:0:0:0:1
2026-04-24 15:08:50.319 [SECURITY_AUDIT] WARN  - [ACCESS_DENIED] username=yuhhna2907 requestedUrl=/ws/info ip=0:0:0:0:0:0:0:1
2026-04-24 15:08:55.354 [SECURITY_AUDIT] WARN  - [ACCESS_DENIED] username=yuhhna2907 requestedUrl=/ws/info ip=0:0:0:0:0:0:0:1
2026-04-24 15:09:00.387 [SECURITY_AUDIT] WARN  - [ACCESS_DENIED] username=yuhhna2907 requestedUrl=/ws/info ip=0:0:0:0:0:0:0:1
2026-04-24 15:09:05.419 [SECURITY_AUDIT] WARN  - [ACCESS_DENIED] username=yuhhna2907 requestedUrl=/ws/info ip=0:0:0:0:0:0:0:1
2026-04-24 15:09:10.463 [SECURITY_AUDIT] WARN  - [ACCESS_DENIED] username=yuhhna2907 requestedUrl=/ws/info ip=0:0:0:0:0:0:0:1
2026-04-24 15:09:15.501 [SECURITY_AUDIT] WARN  - [ACCESS_DENIED] username=yuhhna2907 requestedUrl=/ws/info ip=0:0:0:0:0:0:0:1
2026-04-24 15:09:20.538 [SECURITY_AUDIT] WARN  - [ACCESS_DENIED] username=yuhhna2907 requestedUrl=/ws/info ip=0:0:0:0:0:0:0:1
2026-04-24 15:09:25.576 [SECURITY_AUDIT] WARN  - [ACCESS_DENIED] username=yuhhna2907 requestedUrl=/ws/info ip=0:0:0:0:0:0:0:1
2026-04-24 15:09:30.607 [SECURITY_AUDIT] WARN  - [ACCESS_DENIED] username=yuhhna2907 requestedUrl=/ws/info ip=0:0:0:0:0:0:0:1
2026-04-24 15:09:35.678 [SECURITY_AUDIT] WARN  - [ACCESS_DENIED] username=yuhhna2907 requestedUrl=/ws/info ip=0:0:0:0:0:0:0:1
2026-04-24 15:09:40.720 [SECURITY_AUDIT] WARN  - [ACCESS_DENIED] username=yuhhna2907 requestedUrl=/ws/info ip=0:0:0:0:0:0:0:1
2026-04-24 15:09:45.762 [SECURITY_AUDIT] WARN  - [ACCESS_DENIED] username=yuhhna2907 requestedUrl=/ws/info ip=0:0:0:0:0:0:0:1
2026-04-24 15:09:50.804 [SECURITY_AUDIT] WARN  - [ACCESS_DENIED] username=yuhhna2907 requestedUrl=/ws/info ip=0:0:0:0:0:0:0:1
2026-04-24 15:09:55.836 [SECURITY_AUDIT] WARN  - [ACCESS_DENIED] username=yuhhna2907 requestedUrl=/ws/info ip=0:0:0:0:0:0:0:1
2026-04-24 15:10:00.878 [SECURITY_AUDIT] WARN  - [ACCESS_DENIED] username=yuhhna2907 requestedUrl=/ws/info ip=0:0:0:0:0:0:0:1
2026-04-24 15:10:05.910 [SECURITY_AUDIT] WARN  - [ACCESS_DENIED] username=yuhhna2907 requestedUrl=/ws/info ip=0:0:0:0:0:0:0:1
2026-04-24 15:10:10.946 [SECURITY_AUDIT] WARN  - [ACCESS_DENIED] username=yuhhna2907 requestedUrl=/ws/info ip=0:0:0:0:0:0:0:1
2026-04-24 15:10:15.983 [SECURITY_AUDIT] WARN  - [ACCESS_DENIED] username=yuhhna2907 requestedUrl=/ws/info ip=0:0:0:0:0:0:0:1
2026-04-24 15:10:21.015 [SECURITY_AUDIT] WARN  - [ACCESS_DENIED] username=yuhhna2907 requestedUrl=/ws/info ip=0:0:0:0:0:0:0:1
2026-04-24 15:10:26.048 [SECURITY_AUDIT] WARN  - [ACCESS_DENIED] username=yuhhna2907 requestedUrl=/ws/info ip=0:0:0:0:0:0:0:1
2026-04-24 15:10:31.081 [SECURITY_AUDIT] WARN  - [ACCESS_DENIED] username=yuhhna2907 requestedUrl=/ws/info ip=0:0:0:0:0:0:0:1
2026-04-24 15:10:45.850 [SECURITY_AUDIT] WARN  - [ACCESS_DENIED] username=yuhhna2907 requestedUrl=/ws/info ip=127.0.0.1
2026-04-24 15:11:05.901 [SECURITY_AUDIT] WARN  - [ACCESS_DENIED] username=yuhhna2907 requestedUrl=/ws/info ip=0:0:0:0:0:0:0:1
2026-04-24 15:11:10.954 [SECURITY_AUDIT] WARN  - [ACCESS_DENIED] username=yuhhna2907 requestedUrl=/ws/info ip=127.0.0.1
2026-04-24 15:11:16.001 [SECURITY_AUDIT] WARN  - [ACCESS_DENIED] username=yuhhna2907 requestedUrl=/ws/info ip=0:0:0:0:0:0:0:1
2026-04-24 15:11:30.695 [SECURITY_AUDIT] WARN  - [ACCESS_DENIED] username=yuhhna2907 requestedUrl=/ws/info ip=0:0:0:0:0:0:0:1
2026-04-24 15:11:55.534 [SECURITY_AUDIT] WARN  - [ACCESS_DENIED] username=yuhhna2907 requestedUrl=/ws/info ip=0:0:0:0:0:0:0:1
2026-04-24 15:12:00.580 [SECURITY_AUDIT] WARN  - [ACCESS_DENIED] username=yuhhna2907 requestedUrl=/ws/info ip=0:0:0:0:0:0:0:1
2026-04-24 15:12:05.610 [SECURITY_AUDIT] WARN  - [ACCESS_DENIED] username=yuhhna2907 requestedUrl=/ws/info ip=0:0:0:0:0:0:0:1
2026-04-24 15:12:20.354 [SECURITY_AUDIT] WARN  - [ACCESS_DENIED] username=yuhhna2907 requestedUrl=/ws/info ip=0:0:0:0:0:0:0:1
2026-04-24 15:12:40.158 [SECURITY_AUDIT] WARN  - [ACCESS_DENIED] username=yuhhna2907 requestedUrl=/ws/info ip=0:0:0:0:0:0:0:1
2026-04-24 15:12:45.209 [SECURITY_AUDIT] WARN  - [ACCESS_DENIED] username=yuhhna2907 requestedUrl=/ws/info ip=0:0:0:0:0:0:0:1
2026-04-24 15:12:50.241 [SECURITY_AUDIT] WARN  - [ACCESS_DENIED] username=yuhhna2907 requestedUrl=/ws/info ip=0:0:0:0:0:0:0:1
2026-04-24 15:12:55.269 [SECURITY_AUDIT] WARN  - [ACCESS_DENIED] username=yuhhna2907 requestedUrl=/ws/info ip=0:0:0:0:0:0:0:1
2026-04-24 15:13:00.297 [SECURITY_AUDIT] WARN  - [ACCESS_DENIED] username=yuhhna2907 requestedUrl=/ws/info ip=0:0:0:0:0:0:0:1
2026-04-24 15:13:28.396 [SECURITY_AUDIT] WARN  - [ACCESS_DENIED] username=yuhhna2907 requestedUrl=/ws/info ip=0:0:0:0:0:0:0:1
2026-04-24 15:13:33.654 [SECURITY_AUDIT] WARN  - [ACCESS_DENIED] username=yuhhna2907 requestedUrl=/ws/info ip=0:0:0:0:0:0:0:1
2026-04-24 15:13:35.079 [SECURITY_AUDIT] WARN  - [ACCESS_DENIED] username=yuhhna2907 requestedUrl=/user/saved-items ip=127.0.0.1
2026-04-24 15:13:35.297 [SECURITY_AUDIT] WARN  - [ACCESS_DENIED] username=yuhhna2907 requestedUrl=/ws/info ip=0:0:0:0:0:0:0:1
2026-04-24 15:13:36.585 [SECURITY_AUDIT] WARN  - [ACCESS_DENIED] username=yuhhna2907 requestedUrl=/ws/info ip=0:0:0:0:0:0:0:1
2026-04-24 15:13:41.639 [SECURITY_AUDIT] WARN  - [ACCESS_DENIED] username=yuhhna2907 requestedUrl=/ws/info ip=0:0:0:0:0:0:0:1
2026-04-24 15:13:46.681 [SECURITY_AUDIT] WARN  - [ACCESS_DENIED] username=yuhhna2907 requestedUrl=/ws/info ip=0:0:0:0:0:0:0:1
2026-04-24 15:13:49.705 [SECURITY_AUDIT] WARN  - [ACCESS_DENIED] username=yuhhna2907 requestedUrl=/ws/info ip=0:0:0:0:0:0:0:1
2026-04-24 15:13:54.771 [SECURITY_AUDIT] WARN  - [ACCESS_DENIED] username=yuhhna2907 requestedUrl=/ws/info ip=0:0:0:0:0:0:0:1
2026-04-24 15:13:59.810 [SECURITY_AUDIT] WARN  - [ACCESS_DENIED] username=yuhhna2907 requestedUrl=/ws/info ip=0:0:0:0:0:0:0:1
2026-04-24 15:14:04.850 [SECURITY_AUDIT] WARN  - [ACCESS_DENIED] username=yuhhna2907 requestedUrl=/ws/info ip=0:0:0:0:0:0:0:1
2026-04-24 15:14:06.744 [SECURITY_AUDIT] WARN  - [ACCESS_DENIED] username=yuhhna2907 requestedUrl=/user/saved-items ip=0:0:0:0:0:0:0:1
2026-04-24 15:14:06.875 [SECURITY_AUDIT] WARN  - [ACCESS_DENIED] username=yuhhna2907 requestedUrl=/ws/info ip=0:0:0:0:0:0:0:1
2026-04-24 15:14:10.827 [SECURITY_AUDIT] WARN  - [ACCESS_DENIED] username=yuhhna2907 requestedUrl=/ws/info ip=0:0:0:0:0:0:0:1
2026-04-24 15:14:15.897 [SECURITY_AUDIT] WARN  - [ACCESS_DENIED] username=yuhhna2907 requestedUrl=/ws/info ip=0:0:0:0:0:0:0:1
2026-04-24 15:14:17.265 [SECURITY_AUDIT] WARN  - [ACCESS_DENIED] username=yuhhna2907 requestedUrl=/ws/info ip=0:0:0:0:0:0:0:1
2026-04-24 15:14:19.626 [SECURITY_AUDIT] WARN  - [ACCESS_DENIED] username=yuhhna2907 requestedUrl=/ws/info ip=0:0:0:0:0:0:0:1
2026-04-24 15:14:21.338 [SECURITY_AUDIT] WARN  - [ACCESS_DENIED] username=yuhhna2907 requestedUrl=/ws/info ip=0:0:0:0:0:0:0:1
2026-04-24 15:14:22.225 [SECURITY_AUDIT] WARN  - [ACCESS_DENIED] username=yuhhna2907 requestedUrl=/user/saved-items ip=0:0:0:0:0:0:0:1
2026-04-24 15:14:22.331 [SECURITY_AUDIT] WARN  - [ACCESS_DENIED] username=yuhhna2907 requestedUrl=/ws/info ip=0:0:0:0:0:0:0:1
2026-04-24 15:14:25.316 [SECURITY_AUDIT] WARN  - [ACCESS_DENIED] username=yuhhna2907 requestedUrl=/ws/info ip=0:0:0:0:0:0:0:1
2026-04-24 15:14:30.383 [SECURITY_AUDIT] WARN  - [ACCESS_DENIED] username=yuhhna2907 requestedUrl=/ws/info ip=0:0:0:0:0:0:0:1
2026-04-24 15:14:35.417 [SECURITY_AUDIT] WARN  - [ACCESS_DENIED] username=yuhhna2907 requestedUrl=/ws/info ip=0:0:0:0:0:0:0:1
2026-04-24 15:14:40.459 [SECURITY_AUDIT] WARN  - [ACCESS_DENIED] username=yuhhna2907 requestedUrl=/ws/info ip=0:0:0:0:0:0:0:1
2026-04-24 15:14:45.070 [SECURITY_AUDIT] WARN  - [ACCESS_DENIED] username=yuhhna2907 requestedUrl=/user/saved-items ip=0:0:0:0:0:0:0:1
2026-04-24 15:14:45.194 [SECURITY_AUDIT] WARN  - [ACCESS_DENIED] username=yuhhna2907 requestedUrl=/ws/info ip=0:0:0:0:0:0:0:1
2026-04-24 15:14:50.254 [SECURITY_AUDIT] WARN  - [ACCESS_DENIED] username=yuhhna2907 requestedUrl=/ws/info ip=0:0:0:0:0:0:0:1
2026-04-24 15:14:55.289 [SECURITY_AUDIT] WARN  - [ACCESS_DENIED] username=yuhhna2907 requestedUrl=/ws/info ip=0:0:0:0:0:0:0:1
2026-04-24 15:15:00.341 [SECURITY_AUDIT] WARN  - [ACCESS_DENIED] username=yuhhna2907 requestedUrl=/ws/info ip=0:0:0:0:0:0:0:1
2026-04-24 15:15:05.385 [SECURITY_AUDIT] WARN  - [ACCESS_DENIED] username=yuhhna2907 requestedUrl=/ws/info ip=0:0:0:0:0:0:0:1
2026-04-24 15:15:10.426 [SECURITY_AUDIT] WARN  - [ACCESS_DENIED] username=yuhhna2907 requestedUrl=/ws/info ip=0:0:0:0:0:0:0:1
2026-04-24 15:15:15.493 [SECURITY_AUDIT] WARN  - [ACCESS_DENIED] username=yuhhna2907 requestedUrl=/ws/info ip=0:0:0:0:0:0:0:1
2026-04-24 15:15:20.529 [SECURITY_AUDIT] WARN  - [ACCESS_DENIED] username=yuhhna2907 requestedUrl=/ws/info ip=0:0:0:0:0:0:0:1
2026-04-24 15:15:25.568 [SECURITY_AUDIT] WARN  - [ACCESS_DENIED] username=yuhhna2907 requestedUrl=/ws/info ip=0:0:0:0:0:0:0:1
2026-04-24 15:15:30.599 [SECURITY_AUDIT] WARN  - [ACCESS_DENIED] username=yuhhna2907 requestedUrl=/ws/info ip=0:0:0:0:0:0:0:1
2026-04-24 15:15:35.635 [SECURITY_AUDIT] WARN  - [ACCESS_DENIED] username=yuhhna2907 requestedUrl=/ws/info ip=0:0:0:0:0:0:0:1
2026-04-24 15:15:40.670 [SECURITY_AUDIT] WARN  - [ACCESS_DENIED] username=yuhhna2907 requestedUrl=/ws/info ip=0:0:0:0:0:0:0:1
2026-04-24 15:15:45.707 [SECURITY_AUDIT] WARN  - [ACCESS_DENIED] username=yuhhna2907 requestedUrl=/ws/info ip=0:0:0:0:0:0:0:1
2026-04-24 15:15:50.740 [SECURITY_AUDIT] WARN  - [ACCESS_DENIED] username=yuhhna2907 requestedUrl=/ws/info ip=0:0:0:0:0:0:0:1
2026-04-24 15:15:55.785 [SECURITY_AUDIT] WARN  - [ACCESS_DENIED] username=yuhhna2907 requestedUrl=/ws/info ip=0:0:0:0:0:0:0:1
2026-04-24 15:16:00.826 [SECURITY_AUDIT] WARN  - [ACCESS_DENIED] username=yuhhna2907 requestedUrl=/ws/info ip=0:0:0:0:0:0:0:1
2026-04-24 15:16:05.869 [SECURITY_AUDIT] WARN  - [ACCESS_DENIED] username=yuhhna2907 requestedUrl=/ws/info ip=0:0:0:0:0:0:0:1
2026-04-24 15:16:10.904 [SECURITY_AUDIT] WARN  - [ACCESS_DENIED] username=yuhhna2907 requestedUrl=/ws/info ip=0:0:0:0:0:0:0:1
2026-04-24 15:16:24.079 [SECURITY_AUDIT] WARN  - [ACCESS_DENIED] username=yuhhna2907 requestedUrl=/ws/info ip=0:0:0:0:0:0:0:1
2026-04-24 15:16:37.247 [SECURITY_AUDIT] WARN  - [ACCESS_DENIED] username=yuhhna2907 requestedUrl=/ws/info ip=0:0:0:0:0:0:0:1
2026-04-24 15:16:49.897 [SECURITY_AUDIT] WARN  - [ACCESS_DENIED] username=yuhhna2907 requestedUrl=/ws/info ip=0:0:0:0:0:0:0:1
2026-04-24 15:17:17.197 [SECURITY_AUDIT] WARN  - [ACCESS_DENIED] username=yuhhna2907 requestedUrl=/ws/info ip=0:0:0:0:0:0:0:1
2026-04-24 15:17:22.506 [SECURITY_AUDIT] WARN  - [ACCESS_DENIED] username=yuhhna2907 requestedUrl=/ws/info ip=0:0:0:0:0:0:0:1
2026-04-24 15:17:26.265 [SECURITY_AUDIT] WARN  - [ACCESS_DENIED] username=yuhhna2907 requestedUrl=/user/saved-items ip=0:0:0:0:0:0:0:1
2026-04-24 15:17:26.495 [SECURITY_AUDIT] WARN  - [ACCESS_DENIED] username=yuhhna2907 requestedUrl=/ws/info ip=0:0:0:0:0:0:0:1
2026-04-24 15:17:27.438 [SECURITY_AUDIT] WARN  - [ACCESS_DENIED] username=yuhhna2907 requestedUrl=/ws/info ip=0:0:0:0:0:0:0:1
2026-04-24 15:17:32.528 [SECURITY_AUDIT] WARN  - [ACCESS_DENIED] username=yuhhna2907 requestedUrl=/ws/info ip=0:0:0:0:0:0:0:1
2026-04-24 15:17:34.260 [SECURITY_AUDIT] WARN  - [ACCESS_DENIED] username=yuhhna2907 requestedUrl=/user/saved-items ip=0:0:0:0:0:0:0:1
2026-04-24 15:17:34.370 [SECURITY_AUDIT] WARN  - [ACCESS_DENIED] username=yuhhna2907 requestedUrl=/ws/info ip=0:0:0:0:0:0:0:1
2026-04-24 15:17:36.506 [SECURITY_AUDIT] WARN  - [ACCESS_DENIED] username=yuhhna2907 requestedUrl=/ws/info ip=0:0:0:0:0:0:0:1
2026-04-24 15:17:41.570 [SECURITY_AUDIT] WARN  - [ACCESS_DENIED] username=yuhhna2907 requestedUrl=/ws/info ip=0:0:0:0:0:0:0:1
2026-04-24 15:17:46.601 [SECURITY_AUDIT] WARN  - [ACCESS_DENIED] username=yuhhna2907 requestedUrl=/ws/info ip=0:0:0:0:0:0:0:1
2026-04-24 15:17:51.639 [SECURITY_AUDIT] WARN  - [ACCESS_DENIED] username=yuhhna2907 requestedUrl=/ws/info ip=0:0:0:0:0:0:0:1
2026-04-24 15:17:56.677 [SECURITY_AUDIT] WARN  - [ACCESS_DENIED] username=yuhhna2907 requestedUrl=/ws/info ip=0:0:0:0:0:0:0:1
2026-04-24 15:18:01.711 [SECURITY_AUDIT] WARN  - [ACCESS_DENIED] username=yuhhna2907 requestedUrl=/ws/info ip=0:0:0:0:0:0:0:1
2026-04-24 15:18:02.358 [SECURITY_AUDIT] WARN  - [ACCESS_DENIED] username=yuhhna2907 requestedUrl=/user/saved-items ip=0:0:0:0:0:0:0:1
2026-04-24 15:18:02.477 [SECURITY_AUDIT] WARN  - [ACCESS_DENIED] username=yuhhna2907 requestedUrl=/ws/info ip=0:0:0:0:0:0:0:1
2026-04-24 15:18:07.522 [SECURITY_AUDIT] WARN  - [ACCESS_DENIED] username=yuhhna2907 requestedUrl=/ws/info ip=0:0:0:0:0:0:0:1
2026-04-24 15:18:12.561 [SECURITY_AUDIT] WARN  - [ACCESS_DENIED] username=yuhhna2907 requestedUrl=/ws/info ip=0:0:0:0:0:0:0:1
2026-04-24 15:18:17.609 [SECURITY_AUDIT] WARN  - [ACCESS_DENIED] username=yuhhna2907 requestedUrl=/ws/info ip=0:0:0:0:0:0:0:1
2026-04-24 15:18:22.665 [SECURITY_AUDIT] WARN  - [ACCESS_DENIED] username=yuhhna2907 requestedUrl=/ws/info ip=0:0:0:0:0:0:0:1
2026-04-24 15:18:27.714 [SECURITY_AUDIT] WARN  - [ACCESS_DENIED] username=yuhhna2907 requestedUrl=/ws/info ip=0:0:0:0:0:0:0:1
2026-04-24 15:18:32.762 [SECURITY_AUDIT] WARN  - [ACCESS_DENIED] username=yuhhna2907 requestedUrl=/ws/info ip=0:0:0:0:0:0:0:1
2026-04-24 15:18:37.799 [SECURITY_AUDIT] WARN  - [ACCESS_DENIED] username=yuhhna2907 requestedUrl=/ws/info ip=0:0:0:0:0:0:0:1
2026-04-24 15:18:42.835 [SECURITY_AUDIT] WARN  - [ACCESS_DENIED] username=yuhhna2907 requestedUrl=/ws/info ip=0:0:0:0:0:0:0:1
2026-04-24 15:18:47.869 [SECURITY_AUDIT] WARN  - [ACCESS_DENIED] username=yuhhna2907 requestedUrl=/ws/info ip=0:0:0:0:0:0:0:1
2026-04-24 15:18:52.910 [SECURITY_AUDIT] WARN  - [ACCESS_DENIED] username=yuhhna2907 requestedUrl=/ws/info ip=0:0:0:0:0:0:0:1
2026-04-24 15:18:57.947 [SECURITY_AUDIT] WARN  - [ACCESS_DENIED] username=yuhhna2907 requestedUrl=/ws/info ip=0:0:0:0:0:0:0:1
2026-04-24 15:19:02.988 [SECURITY_AUDIT] WARN  - [ACCESS_DENIED] username=yuhhna2907 requestedUrl=/ws/info ip=0:0:0:0:0:0:0:1
2026-04-24 15:19:08.024 [SECURITY_AUDIT] WARN  - [ACCESS_DENIED] username=yuhhna2907 requestedUrl=/ws/info ip=0:0:0:0:0:0:0:1
2026-04-24 15:19:13.067 [SECURITY_AUDIT] WARN  - [ACCESS_DENIED] username=yuhhna2907 requestedUrl=/ws/info ip=0:0:0:0:0:0:0:1
2026-04-24 15:19:18.107 [SECURITY_AUDIT] WARN  - [ACCESS_DENIED] username=yuhhna2907 requestedUrl=/ws/info ip=0:0:0:0:0:0:0:1
2026-04-24 15:19:23.158 [SECURITY_AUDIT] WARN  - [ACCESS_DENIED] username=yuhhna2907 requestedUrl=/ws/info ip=0:0:0:0:0:0:0:1
2026-04-24 15:19:28.199 [SECURITY_AUDIT] WARN  - [ACCESS_DENIED] username=yuhhna2907 requestedUrl=/ws/info ip=0:0:0:0:0:0:0:1
2026-04-24 15:19:33.238 [SECURITY_AUDIT] WARN  - [ACCESS_DENIED] username=yuhhna2907 requestedUrl=/ws/info ip=0:0:0:0:0:0:0:1
2026-04-24 15:19:38.271 [SECURITY_AUDIT] WARN  - [ACCESS_DENIED] username=yuhhna2907 requestedUrl=/ws/info ip=0:0:0:0:0:0:0:1
2026-04-24 15:19:43.302 [SECURITY_AUDIT] WARN  - [ACCESS_DENIED] username=yuhhna2907 requestedUrl=/ws/info ip=0:0:0:0:0:0:0:1
2026-04-24 15:19:48.339 [SECURITY_AUDIT] WARN  - [ACCESS_DENIED] username=yuhhna2907 requestedUrl=/ws/info ip=0:0:0:0:0:0:0:1
2026-04-24 15:19:53.372 [SECURITY_AUDIT] WARN  - [ACCESS_DENIED] username=yuhhna2907 requestedUrl=/ws/info ip=0:0:0:0:0:0:0:1
2026-04-24 15:19:58.410 [SECURITY_AUDIT] WARN  - [ACCESS_DENIED] username=yuhhna2907 requestedUrl=/ws/info ip=0:0:0:0:0:0:0:1
2026-04-24 15:20:03.454 [SECURITY_AUDIT] WARN  - [ACCESS_DENIED] username=yuhhna2907 requestedUrl=/ws/info ip=0:0:0:0:0:0:0:1
2026-04-24 15:20:08.504 [SECURITY_AUDIT] WARN  - [ACCESS_DENIED] username=yuhhna2907 requestedUrl=/ws/info ip=0:0:0:0:0:0:0:1
2026-04-24 15:20:13.536 [SECURITY_AUDIT] WARN  - [ACCESS_DENIED] username=yuhhna2907 requestedUrl=/ws/info ip=0:0:0:0:0:0:0:1
2026-04-24 15:20:18.573 [SECURITY_AUDIT] WARN  - [ACCESS_DENIED] username=yuhhna2907 requestedUrl=/ws/info ip=0:0:0:0:0:0:0:1
2026-04-24 15:20:23.618 [SECURITY_AUDIT] WARN  - [ACCESS_DENIED] username=yuhhna2907 requestedUrl=/ws/info ip=0:0:0:0:0:0:0:1
2026-04-24 15:20:28.656 [SECURITY_AUDIT] WARN  - [ACCESS_DENIED] username=yuhhna2907 requestedUrl=/ws/info ip=0:0:0:0:0:0:0:1
2026-04-24 15:20:33.729 [SECURITY_AUDIT] WARN  - [ACCESS_DENIED] username=yuhhna2907 requestedUrl=/ws/info ip=0:0:0:0:0:0:0:1
2026-04-24 15:20:38.766 [SECURITY_AUDIT] WARN  - [ACCESS_DENIED] username=yuhhna2907 requestedUrl=/ws/info ip=0:0:0:0:0:0:0:1
2026-04-24 15:20:43.798 [SECURITY_AUDIT] WARN  - [ACCESS_DENIED] username=yuhhna2907 requestedUrl=/ws/info ip=0:0:0:0:0:0:0:1
2026-04-24 15:20:48.840 [SECURITY_AUDIT] WARN  - [ACCESS_DENIED] username=yuhhna2907 requestedUrl=/ws/info ip=0:0:0:0:0:0:0:1
2026-04-24 15:20:53.875 [SECURITY_AUDIT] WARN  - [ACCESS_DENIED] username=yuhhna2907 requestedUrl=/ws/info ip=0:0:0:0:0:0:0:1
2026-04-24 15:21:08.300 [SECURITY_AUDIT] WARN  - [ACCESS_DENIED] username=yuhhna2907 requestedUrl=/ws/info ip=0:0:0:0:0:0:0:1
2026-04-24 15:21:55.417 [SECURITY_AUDIT] WARN  - [ACCESS_DENIED] username=yuhhna2907 requestedUrl=/ws/info ip=0:0:0:0:0:0:0:1
2026-04-24 15:21:59.581 [SECURITY_AUDIT] WARN  - [ACCESS_DENIED] username=yuhhna2907 requestedUrl=/user/saved-items ip=0:0:0:0:0:0:0:1
2026-04-24 15:21:59.820 [SECURITY_AUDIT] WARN  - [ACCESS_DENIED] username=yuhhna2907 requestedUrl=/ws/info ip=0:0:0:0:0:0:0:1
2026-04-24 15:22:04.311 [SECURITY_AUDIT] WARN  - [ACCESS_DENIED] username=yuhhna2907 requestedUrl=/ws/info ip=0:0:0:0:0:0:0:1
2026-04-24 15:22:09.371 [SECURITY_AUDIT] WARN  - [ACCESS_DENIED] username=yuhhna2907 requestedUrl=/ws/info ip=0:0:0:0:0:0:0:1
2026-04-24 15:22:14.406 [SECURITY_AUDIT] WARN  - [ACCESS_DENIED] username=yuhhna2907 requestedUrl=/ws/info ip=0:0:0:0:0:0:0:1
2026-04-24 15:22:19.446 [SECURITY_AUDIT] WARN  - [ACCESS_DENIED] username=yuhhna2907 requestedUrl=/ws/info ip=0:0:0:0:0:0:0:1
2026-04-24 15:23:15.961 [SECURITY_AUDIT] WARN  - [ACCESS_DENIED] username=yuhhna2907 requestedUrl=/ws/info ip=0:0:0:0:0:0:0:1
2026-04-24 15:23:21.010 [SECURITY_AUDIT] WARN  - [ACCESS_DENIED] username=yuhhna2907 requestedUrl=/ws/info ip=0:0:0:0:0:0:0:1
2026-04-24 15:23:26.063 [SECURITY_AUDIT] WARN  - [ACCESS_DENIED] username=yuhhna2907 requestedUrl=/ws/info ip=0:0:0:0:0:0:0:1
2026-04-24 15:23:31.096 [SECURITY_AUDIT] WARN  - [ACCESS_DENIED] username=yuhhna2907 requestedUrl=/ws/info ip=0:0:0:0:0:0:0:1
2026-04-24 15:23:36.201 [SECURITY_AUDIT] WARN  - [ACCESS_DENIED] username=yuhhna2907 requestedUrl=/ws/info ip=0:0:0:0:0:0:0:1
2026-04-24 15:23:38.498 [SECURITY_AUDIT] WARN  - [ACCESS_DENIED] username=yuhhna2907 requestedUrl=/admin/dashboard ip=0:0:0:0:0:0:0:1
2026-04-24 15:23:42.206 [SECURITY_AUDIT] WARN  - [ACCESS_DENIED] username=yuhhna2907 requestedUrl=/ws/info ip=0:0:0:0:0:0:0:1
2026-04-24 15:23:48.217 [SECURITY_AUDIT] WARN  - [ACCESS_DENIED] username=yuhhna2907 requestedUrl=/ws/info ip=0:0:0:0:0:0:0:1
2026-04-24 15:23:54.217 [SECURITY_AUDIT] WARN  - [ACCESS_DENIED] username=yuhhna2907 requestedUrl=/ws/info ip=0:0:0:0:0:0:0:1
2026-04-24 15:23:59.253 [SECURITY_AUDIT] WARN  - [ACCESS_DENIED] username=yuhhna2907 requestedUrl=/ws/info ip=0:0:0:0:0:0:0:1
2026-04-24 15:24:04.287 [SECURITY_AUDIT] WARN  - [ACCESS_DENIED] username=yuhhna2907 requestedUrl=/ws/info ip=0:0:0:0:0:0:0:1
2026-04-24 15:24:09.331 [SECURITY_AUDIT] WARN  - [ACCESS_DENIED] username=yuhhna2907 requestedUrl=/ws/info ip=0:0:0:0:0:0:0:1
2026-04-24 15:24:14.038 [SECURITY_AUDIT] WARN  - [ACCESS_DENIED] username=yuhhna2907 requestedUrl=/ws/info ip=0:0:0:0:0:0:0:1
2026-04-24 15:24:17.631 [SECURITY_AUDIT] WARN  - [ACCESS_DENIED] username=anonymous requestedUrl=/ws/632/l1fxg2jg/xhr_streaming ip=0:0:0:0:0:0:0:1
2026-04-24 15:24:17.770 [SECURITY_AUDIT] WARN  - [ACCESS_DENIED] username=anonymous requestedUrl=/ws/632/l1fxg2jg/xhr_streaming ip=0:0:0:0:0:0:0:1
2026-04-24 15:24:17.901 [SECURITY_AUDIT] WARN  - [ACCESS_DENIED] username=anonymous requestedUrl=/ws/632/l1fxg2jg/xhr_streaming ip=0:0:0:0:0:0:0:1
2026-04-24 15:24:17.999 [SECURITY_AUDIT] WARN  - [ACCESS_DENIED] username=anonymous requestedUrl=/ws/632/l1fxg2jg/xhr_streaming ip=0:0:0:0:0:0:0:1
2026-04-24 15:24:18.045 [SECURITY_AUDIT] WARN  - [ACCESS_DENIED] username=anonymous requestedUrl=/ws/632/l1fxg2jg/xhr_streaming ip=0:0:0:0:0:0:0:1
2026-04-24 15:24:18.089 [SECURITY_AUDIT] WARN  - [ACCESS_DENIED] username=anonymous requestedUrl=/ws/632/l1fxg2jg/xhr_streaming ip=0:0:0:0:0:0:0:1
2026-04-24 15:24:18.117 [SECURITY_AUDIT] WARN  - [ACCESS_DENIED] username=anonymous requestedUrl=/ws/632/l1fxg2jg/xhr_streaming ip=0:0:0:0:0:0:0:1
2026-04-24 15:24:18.154 [SECURITY_AUDIT] WARN  - [ACCESS_DENIED] username=anonymous requestedUrl=/ws/632/l1fxg2jg/xhr_streaming ip=0:0:0:0:0:0:0:1
2026-04-24 15:24:18.189 [SECURITY_AUDIT] WARN  - [ACCESS_DENIED] username=anonymous requestedUrl=/ws/632/l1fxg2jg/xhr_streaming ip=0:0:0:0:0:0:0:1
2026-04-24 15:24:18.221 [SECURITY_AUDIT] WARN  - [ACCESS_DENIED] username=anonymous requestedUrl=/ws/632/l1fxg2jg/xhr_streaming ip=0:0:0:0:0:0:0:1
2026-04-24 15:24:18.254 [SECURITY_AUDIT] WARN  - [ACCESS_DENIED] username=anonymous requestedUrl=/ws/632/l1fxg2jg/xhr_streaming ip=0:0:0:0:0:0:0:1
2026-04-24 15:24:18.290 [SECURITY_AUDIT] WARN  - [ACCESS_DENIED] username=anonymous requestedUrl=/ws/632/l1fxg2jg/xhr_streaming ip=0:0:0:0:0:0:0:1
2026-04-24 15:24:18.317 [SECURITY_AUDIT] WARN  - [ACCESS_DENIED] username=anonymous requestedUrl=/ws/632/l1fxg2jg/xhr_streaming ip=0:0:0:0:0:0:0:1
2026-04-24 15:24:18.353 [SECURITY_AUDIT] WARN  - [ACCESS_DENIED] username=anonymous requestedUrl=/ws/632/l1fxg2jg/xhr_streaming ip=0:0:0:0:0:0:0:1
2026-04-24 15:24:18.385 [SECURITY_AUDIT] WARN  - [ACCESS_DENIED] username=anonymous requestedUrl=/ws/632/l1fxg2jg/xhr_streaming ip=0:0:0:0:0:0:0:1
2026-04-24 15:24:18.420 [SECURITY_AUDIT] WARN  - [ACCESS_DENIED] username=anonymous requestedUrl=/ws/632/l1fxg2jg/xhr_streaming ip=0:0:0:0:0:0:0:1
2026-04-24 15:24:18.451 [SECURITY_AUDIT] WARN  - [ACCESS_DENIED] username=anonymous requestedUrl=/ws/632/l1fxg2jg/xhr_streaming ip=0:0:0:0:0:0:0:1
2026-04-24 15:24:18.489 [SECURITY_AUDIT] WARN  - [ACCESS_DENIED] username=anonymous requestedUrl=/ws/632/l1fxg2jg/xhr_streaming ip=0:0:0:0:0:0:0:1
2026-04-24 15:24:18.522 [SECURITY_AUDIT] WARN  - [ACCESS_DENIED] username=anonymous requestedUrl=/ws/632/l1fxg2jg/xhr_streaming ip=0:0:0:0:0:0:0:1
2026-04-24 15:24:18.557 [SECURITY_AUDIT] WARN  - [ACCESS_DENIED] username=anonymous requestedUrl=/ws/632/l1fxg2jg/xhr_streaming ip=0:0:0:0:0:0:0:1
2026-04-24 15:24:18.586 [SECURITY_AUDIT] WARN  - [ACCESS_DENIED] username=anonymous requestedUrl=/ws/632/l1fxg2jg/xhr_streaming ip=0:0:0:0:0:0:0:1
2026-04-24 15:24:18.619 [SECURITY_AUDIT] WARN  - [ACCESS_DENIED] username=anonymous requestedUrl=/ws/632/l1fxg2jg/xhr_streaming ip=0:0:0:0:0:0:0:1
2026-04-24 15:24:18.654 [SECURITY_AUDIT] WARN  - [ACCESS_DENIED] username=anonymous requestedUrl=/ws/632/l1fxg2jg/xhr_streaming ip=0:0:0:0:0:0:0:1
2026-04-24 15:24:18.688 [SECURITY_AUDIT] WARN  - [ACCESS_DENIED] username=anonymous requestedUrl=/ws/632/l1fxg2jg/xhr_streaming ip=0:0:0:0:0:0:0:1
2026-04-24 15:24:18.717 [SECURITY_AUDIT] WARN  - [ACCESS_DENIED] username=anonymous requestedUrl=/ws/632/l1fxg2jg/xhr_streaming ip=0:0:0:0:0:0:0:1
2026-04-24 15:24:18.750 [SECURITY_AUDIT] WARN  - [ACCESS_DENIED] username=anonymous requestedUrl=/ws/632/l1fxg2jg/xhr_streaming ip=0:0:0:0:0:0:0:1
2026-04-24 15:24:18.785 [SECURITY_AUDIT] WARN  - [ACCESS_DENIED] username=anonymous requestedUrl=/ws/632/l1fxg2jg/xhr_streaming ip=0:0:0:0:0:0:0:1
2026-04-24 15:24:18.817 [SECURITY_AUDIT] WARN  - [ACCESS_DENIED] username=anonymous requestedUrl=/ws/632/l1fxg2jg/xhr_streaming ip=0:0:0:0:0:0:0:1
2026-04-24 15:24:18.853 [SECURITY_AUDIT] WARN  - [ACCESS_DENIED] username=anonymous requestedUrl=/ws/632/l1fxg2jg/xhr_streaming ip=0:0:0:0:0:0:0:1
2026-04-24 15:24:18.885 [SECURITY_AUDIT] WARN  - [ACCESS_DENIED] username=anonymous requestedUrl=/ws/632/l1fxg2jg/xhr_streaming ip=0:0:0:0:0:0:0:1
2026-04-24 15:24:18.923 [SECURITY_AUDIT] WARN  - [ACCESS_DENIED] username=anonymous requestedUrl=/ws/632/l1fxg2jg/xhr_streaming ip=0:0:0:0:0:0:0:1
2026-04-24 15:24:25.809 [SECURITY_AUDIT] INFO  - [LOGIN_SUCCESS] username=admin ip=0:0:0:0:0:0:0:1 userAgent=Mozilla/5.0 (Windows NT 10.0; Win64; x64) AppleWebKit/537.36 (KHTML, like Gecko) Chrome/147.0.0.0 Safari/537.36
2026-04-24 15:24:26.539 [SECURITY_AUDIT] WARN  - [ACCESS_DENIED] username=admin requestedUrl=/api/admin/notifications ip=0:0:0:0:0:0:0:1
2026-04-24 15:26:56.581 [SECURITY_AUDIT] INFO  - [LOGIN_SUCCESS] username=admin ip=0:0:0:0:0:0:0:1 userAgent=Mozilla/5.0 (Windows NT 10.0; Win64; x64) AppleWebKit/537.36 (KHTML, like Gecko) Chrome/147.0.0.0 Safari/537.36
2026-04-24 15:26:56.729 [SECURITY_AUDIT] WARN  - [ACCESS_DENIED] username=admin requestedUrl=/api/admin/notifications ip=0:0:0:0:0:0:0:1
2026-04-24 15:27:15.994 [SECURITY_AUDIT] INFO  - [LOGIN_SUCCESS] username=admin ip=0:0:0:0:0:0:0:1 userAgent=Mozilla/5.0 (Windows NT 10.0; Win64; x64) AppleWebKit/537.36 (KHTML, like Gecko) Chrome/147.0.0.0 Safari/537.36
2026-04-24 15:27:16.106 [SECURITY_AUDIT] WARN  - [ACCESS_DENIED] username=admin requestedUrl=/api/admin/notifications ip=0:0:0:0:0:0:0:1
2026-04-24 15:30:32.402 [SECURITY_AUDIT] INFO  - [LOGIN_SUCCESS] username=admin ip=0:0:0:0:0:0:0:1 userAgent=Mozilla/5.0 (Windows NT 10.0; Win64; x64) AppleWebKit/537.36 (KHTML, like Gecko) Chrome/147.0.0.0 Safari/537.36
2026-04-24 15:30:32.511 [SECURITY_AUDIT] WARN  - [ACCESS_DENIED] username=admin requestedUrl=/api/admin/notifications ip=0:0:0:0:0:0:0:1
2026-04-24 15:30:46.406 [SECURITY_AUDIT] WARN  - [ACCESS_DENIED] username=admin requestedUrl=/ws/info ip=0:0:0:0:0:0:0:1
2026-04-24 15:30:49.490 [SECURITY_AUDIT] WARN  - [ACCESS_DENIED] username=admin requestedUrl=/ws/info ip=0:0:0:0:0:0:0:1
2026-04-24 15:30:54.533 [SECURITY_AUDIT] WARN  - [ACCESS_DENIED] username=admin requestedUrl=/ws/info ip=0:0:0:0:0:0:0:1
2026-04-24 15:30:59.547 [SECURITY_AUDIT] WARN  - [ACCESS_DENIED] username=admin requestedUrl=/ws/info ip=0:0:0:0:0:0:0:1
2026-04-24 15:31:04.567 [SECURITY_AUDIT] WARN  - [ACCESS_DENIED] username=admin requestedUrl=/ws/info ip=0:0:0:0:0:0:0:1
2026-04-24 15:31:08.072 [SECURITY_AUDIT] WARN  - [ACCESS_DENIED] username=admin requestedUrl=/user/saved-items ip=0:0:0:0:0:0:0:1
2026-04-24 15:31:08.138 [SECURITY_AUDIT] WARN  - [ACCESS_DENIED] username=admin requestedUrl=/ws/info ip=0:0:0:0:0:0:0:1
2026-04-24 15:31:13.184 [SECURITY_AUDIT] WARN  - [ACCESS_DENIED] username=admin requestedUrl=/ws/info ip=0:0:0:0:0:0:0:1
2026-04-24 15:31:18.199 [SECURITY_AUDIT] WARN  - [ACCESS_DENIED] username=admin requestedUrl=/ws/info ip=0:0:0:0:0:0:0:1
2026-04-24 15:31:23.215 [SECURITY_AUDIT] WARN  - [ACCESS_DENIED] username=admin requestedUrl=/ws/info ip=0:0:0:0:0:0:0:1
2026-04-24 15:31:25.853 [SECURITY_AUDIT] WARN  - [ACCESS_DENIED] username=admin requestedUrl=/ws/info ip=0:0:0:0:0:0:0:1
2026-04-24 15:31:33.131 [SECURITY_AUDIT] INFO  - [LOGIN_SUCCESS] username=yuhhna2907 ip=0:0:0:0:0:0:0:1 userAgent=Mozilla/5.0 (Windows NT 10.0; Win64; x64) AppleWebKit/537.36 (KHTML, like Gecko) Chrome/147.0.0.0 Safari/537.36
2026-04-24 15:31:33.515 [SECURITY_AUDIT] WARN  - [ACCESS_DENIED] username=yuhhna2907 requestedUrl=/ws/info ip=0:0:0:0:0:0:0:1
2026-04-24 15:31:35.326 [SECURITY_AUDIT] WARN  - [ACCESS_DENIED] username=yuhhna2907 requestedUrl=/ws/info ip=0:0:0:0:0:0:0:1
2026-04-24 15:31:40.344 [SECURITY_AUDIT] WARN  - [ACCESS_DENIED] username=yuhhna2907 requestedUrl=/ws/info ip=0:0:0:0:0:0:0:1
2026-04-24 15:31:45.361 [SECURITY_AUDIT] WARN  - [ACCESS_DENIED] username=yuhhna2907 requestedUrl=/ws/info ip=0:0:0:0:0:0:0:1
2026-04-24 15:31:50.379 [SECURITY_AUDIT] WARN  - [ACCESS_DENIED] username=yuhhna2907 requestedUrl=/ws/info ip=0:0:0:0:0:0:0:1
2026-04-24 15:31:55.397 [SECURITY_AUDIT] WARN  - [ACCESS_DENIED] username=yuhhna2907 requestedUrl=/ws/info ip=0:0:0:0:0:0:0:1
2026-04-24 15:32:00.427 [SECURITY_AUDIT] WARN  - [ACCESS_DENIED] username=yuhhna2907 requestedUrl=/ws/info ip=0:0:0:0:0:0:0:1
2026-04-24 15:32:05.443 [SECURITY_AUDIT] WARN  - [ACCESS_DENIED] username=yuhhna2907 requestedUrl=/ws/info ip=0:0:0:0:0:0:0:1
2026-04-24 15:32:10.463 [SECURITY_AUDIT] WARN  - [ACCESS_DENIED] username=yuhhna2907 requestedUrl=/ws/info ip=0:0:0:0:0:0:0:1
2026-04-24 15:32:15.480 [SECURITY_AUDIT] WARN  - [ACCESS_DENIED] username=yuhhna2907 requestedUrl=/ws/info ip=0:0:0:0:0:0:0:1
2026-04-24 15:32:20.496 [SECURITY_AUDIT] WARN  - [ACCESS_DENIED] username=yuhhna2907 requestedUrl=/ws/info ip=0:0:0:0:0:0:0:1
2026-04-24 15:32:25.512 [SECURITY_AUDIT] WARN  - [ACCESS_DENIED] username=yuhhna2907 requestedUrl=/ws/info ip=0:0:0:0:0:0:0:1
2026-04-24 15:32:30.526 [SECURITY_AUDIT] WARN  - [ACCESS_DENIED] username=yuhhna2907 requestedUrl=/ws/info ip=0:0:0:0:0:0:0:1
2026-04-24 15:32:35.544 [SECURITY_AUDIT] WARN  - [ACCESS_DENIED] username=yuhhna2907 requestedUrl=/ws/info ip=0:0:0:0:0:0:0:1
2026-04-24 15:32:40.560 [SECURITY_AUDIT] WARN  - [ACCESS_DENIED] username=yuhhna2907 requestedUrl=/ws/info ip=0:0:0:0:0:0:0:1
2026-04-24 15:32:45.579 [SECURITY_AUDIT] WARN  - [ACCESS_DENIED] username=yuhhna2907 requestedUrl=/ws/info ip=0:0:0:0:0:0:0:1
2026-04-24 15:32:50.595 [SECURITY_AUDIT] WARN  - [ACCESS_DENIED] username=yuhhna2907 requestedUrl=/ws/info ip=0:0:0:0:0:0:0:1
2026-04-24 15:32:55.611 [SECURITY_AUDIT] WARN  - [ACCESS_DENIED] username=yuhhna2907 requestedUrl=/ws/info ip=0:0:0:0:0:0:0:1
2026-04-24 15:33:00.628 [SECURITY_AUDIT] WARN  - [ACCESS_DENIED] username=yuhhna2907 requestedUrl=/ws/info ip=0:0:0:0:0:0:0:1
2026-04-24 15:33:05.645 [SECURITY_AUDIT] WARN  - [ACCESS_DENIED] username=yuhhna2907 requestedUrl=/ws/info ip=0:0:0:0:0:0:0:1
2026-04-24 15:33:10.661 [SECURITY_AUDIT] WARN  - [ACCESS_DENIED] username=yuhhna2907 requestedUrl=/ws/info ip=0:0:0:0:0:0:0:1
2026-04-24 15:33:15.677 [SECURITY_AUDIT] WARN  - [ACCESS_DENIED] username=yuhhna2907 requestedUrl=/ws/info ip=0:0:0:0:0:0:0:1
2026-04-24 15:33:20.693 [SECURITY_AUDIT] WARN  - [ACCESS_DENIED] username=yuhhna2907 requestedUrl=/ws/info ip=0:0:0:0:0:0:0:1
2026-04-24 15:33:25.707 [SECURITY_AUDIT] WARN  - [ACCESS_DENIED] username=yuhhna2907 requestedUrl=/ws/info ip=0:0:0:0:0:0:0:1
2026-04-24 15:33:30.727 [SECURITY_AUDIT] WARN  - [ACCESS_DENIED] username=yuhhna2907 requestedUrl=/ws/info ip=0:0:0:0:0:0:0:1
2026-04-24 15:33:35.744 [SECURITY_AUDIT] WARN  - [ACCESS_DENIED] username=yuhhna2907 requestedUrl=/ws/info ip=0:0:0:0:0:0:0:1
2026-04-24 15:33:40.760 [SECURITY_AUDIT] WARN  - [ACCESS_DENIED] username=yuhhna2907 requestedUrl=/ws/info ip=0:0:0:0:0:0:0:1
2026-04-24 15:33:45.775 [SECURITY_AUDIT] WARN  - [ACCESS_DENIED] username=yuhhna2907 requestedUrl=/ws/info ip=0:0:0:0:0:0:0:1
2026-04-24 15:33:50.792 [SECURITY_AUDIT] WARN  - [ACCESS_DENIED] username=yuhhna2907 requestedUrl=/ws/info ip=0:0:0:0:0:0:0:1
2026-04-24 15:33:55.810 [SECURITY_AUDIT] WARN  - [ACCESS_DENIED] username=yuhhna2907 requestedUrl=/ws/info ip=0:0:0:0:0:0:0:1
2026-04-24 15:34:00.832 [SECURITY_AUDIT] WARN  - [ACCESS_DENIED] username=yuhhna2907 requestedUrl=/ws/info ip=0:0:0:0:0:0:0:1
2026-04-24 15:34:05.860 [SECURITY_AUDIT] WARN  - [ACCESS_DENIED] username=yuhhna2907 requestedUrl=/ws/info ip=0:0:0:0:0:0:0:1
2026-04-24 15:34:10.885 [SECURITY_AUDIT] WARN  - [ACCESS_DENIED] username=yuhhna2907 requestedUrl=/ws/info ip=0:0:0:0:0:0:0:1
2026-04-24 15:34:15.910 [SECURITY_AUDIT] WARN  - [ACCESS_DENIED] username=yuhhna2907 requestedUrl=/ws/info ip=0:0:0:0:0:0:0:1
2026-04-24 15:34:20.933 [SECURITY_AUDIT] WARN  - [ACCESS_DENIED] username=yuhhna2907 requestedUrl=/ws/info ip=0:0:0:0:0:0:0:1
2026-04-24 15:34:25.950 [SECURITY_AUDIT] WARN  - [ACCESS_DENIED] username=yuhhna2907 requestedUrl=/ws/info ip=0:0:0:0:0:0:0:1
2026-04-24 15:34:30.974 [SECURITY_AUDIT] WARN  - [ACCESS_DENIED] username=yuhhna2907 requestedUrl=/ws/info ip=0:0:0:0:0:0:0:1
2026-04-24 15:34:35.995 [SECURITY_AUDIT] WARN  - [ACCESS_DENIED] username=yuhhna2907 requestedUrl=/ws/info ip=0:0:0:0:0:0:0:1
2026-04-24 15:34:41.032 [SECURITY_AUDIT] WARN  - [ACCESS_DENIED] username=yuhhna2907 requestedUrl=/ws/info ip=0:0:0:0:0:0:0:1
2026-04-24 15:34:46.056 [SECURITY_AUDIT] WARN  - [ACCESS_DENIED] username=yuhhna2907 requestedUrl=/ws/info ip=0:0:0:0:0:0:0:1
2026-04-24 15:34:51.075 [SECURITY_AUDIT] WARN  - [ACCESS_DENIED] username=yuhhna2907 requestedUrl=/ws/info ip=0:0:0:0:0:0:0:1
2026-04-24 15:34:56.108 [SECURITY_AUDIT] WARN  - [ACCESS_DENIED] username=yuhhna2907 requestedUrl=/ws/info ip=0:0:0:0:0:0:0:1
2026-04-24 15:35:01.134 [SECURITY_AUDIT] WARN  - [ACCESS_DENIED] username=yuhhna2907 requestedUrl=/ws/info ip=0:0:0:0:0:0:0:1
2026-04-24 15:35:06.153 [SECURITY_AUDIT] WARN  - [ACCESS_DENIED] username=yuhhna2907 requestedUrl=/ws/info ip=0:0:0:0:0:0:0:1
2026-04-24 15:35:11.170 [SECURITY_AUDIT] WARN  - [ACCESS_DENIED] username=yuhhna2907 requestedUrl=/ws/info ip=0:0:0:0:0:0:0:1
2026-04-24 15:35:16.188 [SECURITY_AUDIT] WARN  - [ACCESS_DENIED] username=yuhhna2907 requestedUrl=/ws/info ip=0:0:0:0:0:0:0:1
2026-04-24 15:35:21.204 [SECURITY_AUDIT] WARN  - [ACCESS_DENIED] username=yuhhna2907 requestedUrl=/ws/info ip=0:0:0:0:0:0:0:1
2026-04-24 15:35:26.221 [SECURITY_AUDIT] WARN  - [ACCESS_DENIED] username=yuhhna2907 requestedUrl=/ws/info ip=0:0:0:0:0:0:0:1
2026-04-24 15:35:31.238 [SECURITY_AUDIT] WARN  - [ACCESS_DENIED] username=yuhhna2907 requestedUrl=/ws/info ip=0:0:0:0:0:0:0:1
2026-04-24 15:35:36.254 [SECURITY_AUDIT] WARN  - [ACCESS_DENIED] username=yuhhna2907 requestedUrl=/ws/info ip=0:0:0:0:0:0:0:1
2026-04-24 15:35:41.287 [SECURITY_AUDIT] WARN  - [ACCESS_DENIED] username=yuhhna2907 requestedUrl=/ws/info ip=0:0:0:0:0:0:0:1
2026-04-24 15:35:46.319 [SECURITY_AUDIT] WARN  - [ACCESS_DENIED] username=yuhhna2907 requestedUrl=/ws/info ip=0:0:0:0:0:0:0:1
2026-04-24 15:35:51.345 [SECURITY_AUDIT] WARN  - [ACCESS_DENIED] username=yuhhna2907 requestedUrl=/ws/info ip=0:0:0:0:0:0:0:1
2026-04-24 15:35:56.370 [SECURITY_AUDIT] WARN  - [ACCESS_DENIED] username=yuhhna2907 requestedUrl=/ws/info ip=0:0:0:0:0:0:0:1
2026-04-24 15:36:01.401 [SECURITY_AUDIT] WARN  - [ACCESS_DENIED] username=yuhhna2907 requestedUrl=/ws/info ip=0:0:0:0:0:0:0:1
2026-04-24 15:36:06.424 [SECURITY_AUDIT] WARN  - [ACCESS_DENIED] username=yuhhna2907 requestedUrl=/ws/info ip=0:0:0:0:0:0:0:1
2026-04-24 15:36:11.455 [SECURITY_AUDIT] WARN  - [ACCESS_DENIED] username=yuhhna2907 requestedUrl=/ws/info ip=0:0:0:0:0:0:0:1
2026-04-24 15:36:16.484 [SECURITY_AUDIT] WARN  - [ACCESS_DENIED] username=yuhhna2907 requestedUrl=/ws/info ip=0:0:0:0:0:0:0:1
2026-04-24 15:36:21.501 [SECURITY_AUDIT] WARN  - [ACCESS_DENIED] username=yuhhna2907 requestedUrl=/ws/info ip=0:0:0:0:0:0:0:1
2026-04-24 15:36:26.517 [SECURITY_AUDIT] WARN  - [ACCESS_DENIED] username=yuhhna2907 requestedUrl=/ws/info ip=0:0:0:0:0:0:0:1
2026-04-24 15:36:31.531 [SECURITY_AUDIT] WARN  - [ACCESS_DENIED] username=yuhhna2907 requestedUrl=/ws/info ip=0:0:0:0:0:0:0:1
2026-04-24 15:36:36.547 [SECURITY_AUDIT] WARN  - [ACCESS_DENIED] username=yuhhna2907 requestedUrl=/ws/info ip=0:0:0:0:0:0:0:1
2026-04-24 15:36:41.570 [SECURITY_AUDIT] WARN  - [ACCESS_DENIED] username=yuhhna2907 requestedUrl=/ws/info ip=0:0:0:0:0:0:0:1
2026-04-24 15:36:46.603 [SECURITY_AUDIT] WARN  - [ACCESS_DENIED] username=yuhhna2907 requestedUrl=/ws/info ip=0:0:0:0:0:0:0:1
2026-04-24 15:36:51.633 [SECURITY_AUDIT] WARN  - [ACCESS_DENIED] username=yuhhna2907 requestedUrl=/ws/info ip=0:0:0:0:0:0:0:1
2026-04-24 15:36:56.651 [SECURITY_AUDIT] WARN  - [ACCESS_DENIED] username=yuhhna2907 requestedUrl=/ws/info ip=0:0:0:0:0:0:0:1
2026-04-24 15:37:01.666 [SECURITY_AUDIT] WARN  - [ACCESS_DENIED] username=yuhhna2907 requestedUrl=/ws/info ip=0:0:0:0:0:0:0:1
2026-04-24 15:37:06.681 [SECURITY_AUDIT] WARN  - [ACCESS_DENIED] username=yuhhna2907 requestedUrl=/ws/info ip=0:0:0:0:0:0:0:1
2026-04-24 15:37:11.715 [SECURITY_AUDIT] WARN  - [ACCESS_DENIED] username=yuhhna2907 requestedUrl=/ws/info ip=0:0:0:0:0:0:0:1
2026-04-24 15:37:16.731 [SECURITY_AUDIT] WARN  - [ACCESS_DENIED] username=yuhhna2907 requestedUrl=/ws/info ip=0:0:0:0:0:0:0:1
2026-04-24 15:37:21.747 [SECURITY_AUDIT] WARN  - [ACCESS_DENIED] username=yuhhna2907 requestedUrl=/ws/info ip=0:0:0:0:0:0:0:1
2026-04-24 15:37:26.759 [SECURITY_AUDIT] WARN  - [ACCESS_DENIED] username=yuhhna2907 requestedUrl=/ws/info ip=0:0:0:0:0:0:0:1
2026-04-24 15:37:31.781 [SECURITY_AUDIT] WARN  - [ACCESS_DENIED] username=yuhhna2907 requestedUrl=/ws/info ip=0:0:0:0:0:0:0:1
2026-04-24 15:37:36.817 [SECURITY_AUDIT] WARN  - [ACCESS_DENIED] username=yuhhna2907 requestedUrl=/ws/info ip=0:0:0:0:0:0:0:1
2026-04-24 15:37:41.835 [SECURITY_AUDIT] WARN  - [ACCESS_DENIED] username=yuhhna2907 requestedUrl=/ws/info ip=0:0:0:0:0:0:0:1
2026-04-24 15:37:46.862 [SECURITY_AUDIT] WARN  - [ACCESS_DENIED] username=yuhhna2907 requestedUrl=/ws/info ip=0:0:0:0:0:0:0:1
2026-04-24 15:37:51.887 [SECURITY_AUDIT] WARN  - [ACCESS_DENIED] username=yuhhna2907 requestedUrl=/ws/info ip=0:0:0:0:0:0:0:1
2026-04-24 15:37:56.917 [SECURITY_AUDIT] WARN  - [ACCESS_DENIED] username=yuhhna2907 requestedUrl=/ws/info ip=0:0:0:0:0:0:0:1
2026-04-24 15:38:01.946 [SECURITY_AUDIT] WARN  - [ACCESS_DENIED] username=yuhhna2907 requestedUrl=/ws/info ip=0:0:0:0:0:0:0:1
2026-04-24 15:38:06.968 [SECURITY_AUDIT] WARN  - [ACCESS_DENIED] username=yuhhna2907 requestedUrl=/ws/info ip=0:0:0:0:0:0:0:1
2026-04-24 15:38:11.997 [SECURITY_AUDIT] WARN  - [ACCESS_DENIED] username=yuhhna2907 requestedUrl=/ws/info ip=0:0:0:0:0:0:0:1
2026-04-24 15:38:17.012 [SECURITY_AUDIT] WARN  - [ACCESS_DENIED] username=yuhhna2907 requestedUrl=/ws/info ip=0:0:0:0:0:0:0:1
2026-04-24 15:38:22.031 [SECURITY_AUDIT] WARN  - [ACCESS_DENIED] username=yuhhna2907 requestedUrl=/ws/info ip=0:0:0:0:0:0:0:1
2026-04-24 15:38:27.062 [SECURITY_AUDIT] WARN  - [ACCESS_DENIED] username=yuhhna2907 requestedUrl=/ws/info ip=0:0:0:0:0:0:0:1
2026-04-24 15:38:32.094 [SECURITY_AUDIT] WARN  - [ACCESS_DENIED] username=yuhhna2907 requestedUrl=/ws/info ip=0:0:0:0:0:0:0:1
2026-04-24 15:38:37.109 [SECURITY_AUDIT] WARN  - [ACCESS_DENIED] username=yuhhna2907 requestedUrl=/ws/info ip=0:0:0:0:0:0:0:1
2026-04-24 15:38:42.131 [SECURITY_AUDIT] WARN  - [ACCESS_DENIED] username=yuhhna2907 requestedUrl=/ws/info ip=0:0:0:0:0:0:0:1
2026-04-24 15:38:47.159 [SECURITY_AUDIT] WARN  - [ACCESS_DENIED] username=yuhhna2907 requestedUrl=/ws/info ip=0:0:0:0:0:0:0:1
2026-04-24 15:38:52.178 [SECURITY_AUDIT] WARN  - [ACCESS_DENIED] username=yuhhna2907 requestedUrl=/ws/info ip=0:0:0:0:0:0:0:1
2026-04-24 15:38:57.209 [SECURITY_AUDIT] WARN  - [ACCESS_DENIED] username=yuhhna2907 requestedUrl=/ws/info ip=0:0:0:0:0:0:0:1
2026-04-24 15:39:02.226 [SECURITY_AUDIT] WARN  - [ACCESS_DENIED] username=yuhhna2907 requestedUrl=/ws/info ip=0:0:0:0:0:0:0:1
2026-04-24 15:39:07.248 [SECURITY_AUDIT] WARN  - [ACCESS_DENIED] username=yuhhna2907 requestedUrl=/ws/info ip=0:0:0:0:0:0:0:1
2026-04-24 15:39:12.277 [SECURITY_AUDIT] WARN  - [ACCESS_DENIED] username=yuhhna2907 requestedUrl=/ws/info ip=0:0:0:0:0:0:0:1
2026-04-24 15:39:17.291 [SECURITY_AUDIT] WARN  - [ACCESS_DENIED] username=yuhhna2907 requestedUrl=/ws/info ip=0:0:0:0:0:0:0:1
2026-04-24 15:39:22.312 [SECURITY_AUDIT] WARN  - [ACCESS_DENIED] username=yuhhna2907 requestedUrl=/ws/info ip=0:0:0:0:0:0:0:1
2026-04-24 15:39:27.344 [SECURITY_AUDIT] WARN  - [ACCESS_DENIED] username=yuhhna2907 requestedUrl=/ws/info ip=0:0:0:0:0:0:0:1
2026-04-24 15:39:32.374 [SECURITY_AUDIT] WARN  - [ACCESS_DENIED] username=yuhhna2907 requestedUrl=/ws/info ip=0:0:0:0:0:0:0:1
2026-04-24 15:39:37.389 [SECURITY_AUDIT] WARN  - [ACCESS_DENIED] username=yuhhna2907 requestedUrl=/ws/info ip=0:0:0:0:0:0:0:1
2026-04-24 15:39:42.413 [SECURITY_AUDIT] WARN  - [ACCESS_DENIED] username=yuhhna2907 requestedUrl=/ws/info ip=0:0:0:0:0:0:0:1
2026-04-24 15:39:47.439 [SECURITY_AUDIT] WARN  - [ACCESS_DENIED] username=yuhhna2907 requestedUrl=/ws/info ip=0:0:0:0:0:0:0:1
2026-04-24 15:39:52.462 [SECURITY_AUDIT] WARN  - [ACCESS_DENIED] username=yuhhna2907 requestedUrl=/ws/info ip=0:0:0:0:0:0:0:1
2026-04-24 15:39:57.489 [SECURITY_AUDIT] WARN  - [ACCESS_DENIED] username=yuhhna2907 requestedUrl=/ws/info ip=0:0:0:0:0:0:0:1
2026-04-24 15:40:02.507 [SECURITY_AUDIT] WARN  - [ACCESS_DENIED] username=yuhhna2907 requestedUrl=/ws/info ip=0:0:0:0:0:0:0:1
2026-04-24 15:40:07.522 [SECURITY_AUDIT] WARN  - [ACCESS_DENIED] username=yuhhna2907 requestedUrl=/ws/info ip=0:0:0:0:0:0:0:1
2026-04-24 15:40:12.536 [SECURITY_AUDIT] WARN  - [ACCESS_DENIED] username=yuhhna2907 requestedUrl=/ws/info ip=0:0:0:0:0:0:0:1
2026-04-24 15:40:17.556 [SECURITY_AUDIT] WARN  - [ACCESS_DENIED] username=yuhhna2907 requestedUrl=/ws/info ip=0:0:0:0:0:0:0:1
2026-04-24 15:40:22.570 [SECURITY_AUDIT] WARN  - [ACCESS_DENIED] username=yuhhna2907 requestedUrl=/ws/info ip=0:0:0:0:0:0:0:1
2026-04-24 15:40:27.585 [SECURITY_AUDIT] WARN  - [ACCESS_DENIED] username=yuhhna2907 requestedUrl=/ws/info ip=0:0:0:0:0:0:0:1
2026-04-24 15:40:32.626 [SECURITY_AUDIT] WARN  - [ACCESS_DENIED] username=yuhhna2907 requestedUrl=/ws/info ip=0:0:0:0:0:0:0:1
2026-04-24 15:40:37.640 [SECURITY_AUDIT] WARN  - [ACCESS_DENIED] username=yuhhna2907 requestedUrl=/ws/info ip=0:0:0:0:0:0:0:1
2026-04-24 15:40:42.670 [SECURITY_AUDIT] WARN  - [ACCESS_DENIED] username=yuhhna2907 requestedUrl=/ws/info ip=0:0:0:0:0:0:0:1
2026-04-24 15:40:47.688 [SECURITY_AUDIT] WARN  - [ACCESS_DENIED] username=yuhhna2907 requestedUrl=/ws/info ip=0:0:0:0:0:0:0:1
2026-04-24 15:40:52.705 [SECURITY_AUDIT] WARN  - [ACCESS_DENIED] username=yuhhna2907 requestedUrl=/ws/info ip=0:0:0:0:0:0:0:1
2026-04-24 15:40:57.722 [SECURITY_AUDIT] WARN  - [ACCESS_DENIED] username=yuhhna2907 requestedUrl=/ws/info ip=0:0:0:0:0:0:0:1
2026-04-24 15:41:02.738 [SECURITY_AUDIT] WARN  - [ACCESS_DENIED] username=yuhhna2907 requestedUrl=/ws/info ip=0:0:0:0:0:0:0:1
2026-04-24 15:41:07.754 [SECURITY_AUDIT] WARN  - [ACCESS_DENIED] username=yuhhna2907 requestedUrl=/ws/info ip=0:0:0:0:0:0:0:1
2026-04-24 15:41:12.772 [SECURITY_AUDIT] WARN  - [ACCESS_DENIED] username=yuhhna2907 requestedUrl=/ws/info ip=0:0:0:0:0:0:0:1
2026-04-24 15:41:17.789 [SECURITY_AUDIT] WARN  - [ACCESS_DENIED] username=yuhhna2907 requestedUrl=/ws/info ip=0:0:0:0:0:0:0:1
2026-04-24 15:41:22.957 [SECURITY_AUDIT] WARN  - [ACCESS_DENIED] username=yuhhna2907 requestedUrl=/ws/info ip=0:0:0:0:0:0:0:1
2026-04-24 15:41:27.993 [SECURITY_AUDIT] WARN  - [ACCESS_DENIED] username=yuhhna2907 requestedUrl=/ws/info ip=0:0:0:0:0:0:0:1
2026-04-24 15:41:33.025 [SECURITY_AUDIT] WARN  - [ACCESS_DENIED] username=yuhhna2907 requestedUrl=/ws/info ip=0:0:0:0:0:0:0:1
2026-04-24 15:41:38.054 [SECURITY_AUDIT] WARN  - [ACCESS_DENIED] username=yuhhna2907 requestedUrl=/ws/info ip=0:0:0:0:0:0:0:1
2026-04-24 15:41:43.084 [SECURITY_AUDIT] WARN  - [ACCESS_DENIED] username=yuhhna2907 requestedUrl=/ws/info ip=0:0:0:0:0:0:0:1
2026-04-24 15:41:48.129 [SECURITY_AUDIT] WARN  - [ACCESS_DENIED] username=yuhhna2907 requestedUrl=/ws/info ip=0:0:0:0:0:0:0:1
2026-04-24 15:41:53.161 [SECURITY_AUDIT] WARN  - [ACCESS_DENIED] username=yuhhna2907 requestedUrl=/ws/info ip=0:0:0:0:0:0:0:1
2026-04-24 15:41:58.188 [SECURITY_AUDIT] WARN  - [ACCESS_DENIED] username=yuhhna2907 requestedUrl=/ws/info ip=0:0:0:0:0:0:0:1
2026-04-24 15:42:03.225 [SECURITY_AUDIT] WARN  - [ACCESS_DENIED] username=yuhhna2907 requestedUrl=/ws/info ip=0:0:0:0:0:0:0:1
2026-04-24 15:42:08.247 [SECURITY_AUDIT] WARN  - [ACCESS_DENIED] username=yuhhna2907 requestedUrl=/ws/info ip=0:0:0:0:0:0:0:1
2026-04-24 15:42:13.267 [SECURITY_AUDIT] WARN  - [ACCESS_DENIED] username=yuhhna2907 requestedUrl=/ws/info ip=0:0:0:0:0:0:0:1
2026-04-24 15:42:18.281 [SECURITY_AUDIT] WARN  - [ACCESS_DENIED] username=yuhhna2907 requestedUrl=/ws/info ip=0:0:0:0:0:0:0:1
2026-04-24 15:42:23.298 [SECURITY_AUDIT] WARN  - [ACCESS_DENIED] username=yuhhna2907 requestedUrl=/ws/info ip=0:0:0:0:0:0:0:1
2026-04-24 15:42:28.317 [SECURITY_AUDIT] WARN  - [ACCESS_DENIED] username=yuhhna2907 requestedUrl=/ws/info ip=0:0:0:0:0:0:0:1
2026-04-24 15:42:33.349 [SECURITY_AUDIT] WARN  - [ACCESS_DENIED] username=yuhhna2907 requestedUrl=/ws/info ip=0:0:0:0:0:0:0:1
2026-04-24 15:42:38.367 [SECURITY_AUDIT] WARN  - [ACCESS_DENIED] username=yuhhna2907 requestedUrl=/ws/info ip=0:0:0:0:0:0:0:1
2026-04-24 15:42:43.388 [SECURITY_AUDIT] WARN  - [ACCESS_DENIED] username=yuhhna2907 requestedUrl=/ws/info ip=0:0:0:0:0:0:0:1
2026-04-24 15:42:48.417 [SECURITY_AUDIT] WARN  - [ACCESS_DENIED] username=yuhhna2907 requestedUrl=/ws/info ip=0:0:0:0:0:0:0:1
2026-04-24 15:42:53.437 [SECURITY_AUDIT] WARN  - [ACCESS_DENIED] username=yuhhna2907 requestedUrl=/ws/info ip=0:0:0:0:0:0:0:1
2026-04-24 15:42:58.464 [SECURITY_AUDIT] WARN  - [ACCESS_DENIED] username=yuhhna2907 requestedUrl=/ws/info ip=0:0:0:0:0:0:0:1
2026-04-24 15:43:03.503 [SECURITY_AUDIT] WARN  - [ACCESS_DENIED] username=yuhhna2907 requestedUrl=/ws/info ip=0:0:0:0:0:0:0:1
2026-04-24 15:43:08.529 [SECURITY_AUDIT] WARN  - [ACCESS_DENIED] username=yuhhna2907 requestedUrl=/ws/info ip=0:0:0:0:0:0:0:1
2026-04-24 15:43:13.556 [SECURITY_AUDIT] WARN  - [ACCESS_DENIED] username=yuhhna2907 requestedUrl=/ws/info ip=0:0:0:0:0:0:0:1
2026-04-24 15:43:18.581 [SECURITY_AUDIT] WARN  - [ACCESS_DENIED] username=yuhhna2907 requestedUrl=/ws/info ip=0:0:0:0:0:0:0:1
2026-04-24 15:43:23.601 [SECURITY_AUDIT] WARN  - [ACCESS_DENIED] username=yuhhna2907 requestedUrl=/ws/info ip=0:0:0:0:0:0:0:1
2026-04-24 15:43:28.631 [SECURITY_AUDIT] WARN  - [ACCESS_DENIED] username=yuhhna2907 requestedUrl=/ws/info ip=0:0:0:0:0:0:0:1
2026-04-24 15:43:33.667 [SECURITY_AUDIT] WARN  - [ACCESS_DENIED] username=yuhhna2907 requestedUrl=/ws/info ip=0:0:0:0:0:0:0:1
2026-04-24 15:43:38.704 [SECURITY_AUDIT] WARN  - [ACCESS_DENIED] username=yuhhna2907 requestedUrl=/ws/info ip=0:0:0:0:0:0:0:1
2026-04-24 15:43:43.729 [SECURITY_AUDIT] WARN  - [ACCESS_DENIED] username=yuhhna2907 requestedUrl=/ws/info ip=0:0:0:0:0:0:0:1
2026-04-24 15:43:48.751 [SECURITY_AUDIT] WARN  - [ACCESS_DENIED] username=yuhhna2907 requestedUrl=/ws/info ip=0:0:0:0:0:0:0:1
2026-04-24 15:43:53.781 [SECURITY_AUDIT] WARN  - [ACCESS_DENIED] username=yuhhna2907 requestedUrl=/ws/info ip=0:0:0:0:0:0:0:1
2026-04-24 15:43:58.818 [SECURITY_AUDIT] WARN  - [ACCESS_DENIED] username=yuhhna2907 requestedUrl=/ws/info ip=0:0:0:0:0:0:0:1
2026-04-24 15:44:03.842 [SECURITY_AUDIT] WARN  - [ACCESS_DENIED] username=yuhhna2907 requestedUrl=/ws/info ip=0:0:0:0:0:0:0:1
2026-04-24 15:44:08.859 [SECURITY_AUDIT] WARN  - [ACCESS_DENIED] username=yuhhna2907 requestedUrl=/ws/info ip=0:0:0:0:0:0:0:1
2026-04-24 15:44:13.891 [SECURITY_AUDIT] WARN  - [ACCESS_DENIED] username=yuhhna2907 requestedUrl=/ws/info ip=0:0:0:0:0:0:0:1
2026-04-24 15:44:18.909 [SECURITY_AUDIT] WARN  - [ACCESS_DENIED] username=yuhhna2907 requestedUrl=/ws/info ip=0:0:0:0:0:0:0:1
2026-04-24 15:44:23.932 [SECURITY_AUDIT] WARN  - [ACCESS_DENIED] username=yuhhna2907 requestedUrl=/ws/info ip=0:0:0:0:0:0:0:1
2026-04-24 15:44:28.958 [SECURITY_AUDIT] WARN  - [ACCESS_DENIED] username=yuhhna2907 requestedUrl=/ws/info ip=0:0:0:0:0:0:0:1
2026-04-24 15:44:33.979 [SECURITY_AUDIT] WARN  - [ACCESS_DENIED] username=yuhhna2907 requestedUrl=/ws/info ip=0:0:0:0:0:0:0:1
2026-04-24 15:44:38.997 [SECURITY_AUDIT] WARN  - [ACCESS_DENIED] username=yuhhna2907 requestedUrl=/ws/info ip=0:0:0:0:0:0:0:1
2026-04-24 15:44:44.015 [SECURITY_AUDIT] WARN  - [ACCESS_DENIED] username=yuhhna2907 requestedUrl=/ws/info ip=0:0:0:0:0:0:0:1
2026-04-24 15:44:49.040 [SECURITY_AUDIT] WARN  - [ACCESS_DENIED] username=yuhhna2907 requestedUrl=/ws/info ip=0:0:0:0:0:0:0:1
2026-04-24 15:44:54.059 [SECURITY_AUDIT] WARN  - [ACCESS_DENIED] username=yuhhna2907 requestedUrl=/ws/info ip=0:0:0:0:0:0:0:1
2026-04-24 15:44:59.079 [SECURITY_AUDIT] WARN  - [ACCESS_DENIED] username=yuhhna2907 requestedUrl=/ws/info ip=0:0:0:0:0:0:0:1
2026-04-24 15:45:04.107 [SECURITY_AUDIT] WARN  - [ACCESS_DENIED] username=yuhhna2907 requestedUrl=/ws/info ip=0:0:0:0:0:0:0:1
2026-04-24 15:45:09.124 [SECURITY_AUDIT] WARN  - [ACCESS_DENIED] username=yuhhna2907 requestedUrl=/ws/info ip=0:0:0:0:0:0:0:1
2026-04-24 15:45:14.141 [SECURITY_AUDIT] WARN  - [ACCESS_DENIED] username=yuhhna2907 requestedUrl=/ws/info ip=0:0:0:0:0:0:0:1
2026-04-24 15:45:19.154 [SECURITY_AUDIT] WARN  - [ACCESS_DENIED] username=yuhhna2907 requestedUrl=/ws/info ip=0:0:0:0:0:0:0:1
2026-04-24 15:45:24.171 [SECURITY_AUDIT] WARN  - [ACCESS_DENIED] username=yuhhna2907 requestedUrl=/ws/info ip=0:0:0:0:0:0:0:1
2026-04-24 15:45:29.191 [SECURITY_AUDIT] WARN  - [ACCESS_DENIED] username=yuhhna2907 requestedUrl=/ws/info ip=0:0:0:0:0:0:0:1
2026-04-24 15:45:34.207 [SECURITY_AUDIT] WARN  - [ACCESS_DENIED] username=yuhhna2907 requestedUrl=/ws/info ip=0:0:0:0:0:0:0:1
2026-04-24 15:45:39.224 [SECURITY_AUDIT] WARN  - [ACCESS_DENIED] username=yuhhna2907 requestedUrl=/ws/info ip=0:0:0:0:0:0:0:1
2026-04-24 15:45:44.239 [SECURITY_AUDIT] WARN  - [ACCESS_DENIED] username=yuhhna2907 requestedUrl=/ws/info ip=0:0:0:0:0:0:0:1
2026-04-24 15:45:49.270 [SECURITY_AUDIT] WARN  - [ACCESS_DENIED] username=yuhhna2907 requestedUrl=/ws/info ip=0:0:0:0:0:0:0:1
2026-04-24 15:45:54.288 [SECURITY_AUDIT] WARN  - [ACCESS_DENIED] username=yuhhna2907 requestedUrl=/ws/info ip=0:0:0:0:0:0:0:1
2026-04-24 15:45:59.306 [SECURITY_AUDIT] WARN  - [ACCESS_DENIED] username=yuhhna2907 requestedUrl=/ws/info ip=0:0:0:0:0:0:0:1
2026-04-24 15:46:04.325 [SECURITY_AUDIT] WARN  - [ACCESS_DENIED] username=yuhhna2907 requestedUrl=/ws/info ip=0:0:0:0:0:0:0:1
2026-04-24 15:46:09.338 [SECURITY_AUDIT] WARN  - [ACCESS_DENIED] username=yuhhna2907 requestedUrl=/ws/info ip=0:0:0:0:0:0:0:1
2026-04-24 15:46:14.197 [SECURITY_AUDIT] WARN  - [ACCESS_DENIED] username=yuhhna2907 requestedUrl=/ws/info ip=0:0:0:0:0:0:0:1
2026-04-24 15:46:20.206 [SECURITY_AUDIT] WARN  - [ACCESS_DENIED] username=yuhhna2907 requestedUrl=/ws/info ip=0:0:0:0:0:0:0:1
2026-04-24 15:46:20.532 [SECURITY_AUDIT] WARN  - [ACCESS_DENIED] username=yuhhna2907 requestedUrl=/admin/orders ip=0:0:0:0:0:0:0:1
2026-04-24 15:46:26.207 [SECURITY_AUDIT] WARN  - [ACCESS_DENIED] username=yuhhna2907 requestedUrl=/ws/info ip=0:0:0:0:0:0:0:1
